,ID,PEOPCOLORPCT,LOWINCPCT,LIFEEXPPCT,LINGISOPCT,DISABILITYPCT,PM25,OZONE,DSLPM,RSEI_AIR,PTRAF,PRE1960,PRE1960PCT,PNPL,PRMP,PTSDF,UST,PWDIS,NO2,DWATER,STATEFP,COUNTYFP,TRACTCE,GEOID,NAME,NAMELSAD,MTFCC,FUNCSTAT,ALAND,AWATER,INTPTLAT,INTPTLON,UATYPE20
0,08001007801,0.800205708,0.791428571,0.236923077,0.322981366,0.169452301,9.40678524590164,76.41992999999998,0.338408934,1628.6874904001525,3083833.842215236,460.0,0.327868852,0.669702936,1.877369395449509,2.073401366349834,18.36797418798857,6998.31564007888,7.074941764154086,0.0,8,1,7801,08001007801,78.01,Census Tract 78.01,G5020,S,641536,0,39.7419967,-104.8752238,U
1,08001007802,0.864418445,0.521269257,0.237948718,0.322643979,0.092435043,9.41079262295082,76.33672,0.435366328,1446.0465239568457,2799872.350232572,571.0,0.353341584,0.559195805,1.580352460381603,2.447663994299391,27.299876111566704,8375.14054569752,7.646278676905855,0.0,8,1,7802,08001007802,78.02,Census Tract 78.02,G5020,S,637373,0,39.741996,-104.8564378,U
2,08001007900,0.748122755,0.401567091,0.284102564,0.116561656,0.072971204,9.44246912568306,76.29560999999998,0.345082078,1664.4374078679416,2896339.793140918,1196.0,0.52,0.692192269,2.094690502231895,2.061384688154198,10.32861668462318,8800.094863897688,7.263357616904003,0.0,8,1,7900,08001007900,79.0,Census Tract 79,G5020,S,1637884,338,39.7483494,-104.873462,U
3,08001008000,0.692174215,0.34280237,0.208205128,0.068158169,0.142287003,9.4561631147541,76.32043,0.437536221,1514.8092962687824,2612348.917705818,1295.0,0.605706268,0.605077613,1.888195531292658,2.437295274091506,6.845090292140197,12517.926928171484,7.596738755412646,0.0,8,1,8000,08001008000,80.0,Census Tract 80,G5020,S,1956147,0,39.7492605,-104.8564044,U
4,08001008100,0.436081243,0.533513879,0.17025641,0.042183623,0.136986301,9.42767213114754,76.15138,0.434764801,1351.090825,2686543.5593897905,0.0,0.0,0.5323653,1.639806854565041,3.899798733647299,8.233913923355503,18395.64988865117,8.27315902709961,0.0,8,1,8100,08001008100,81.0,Census Tract 81,G5020,S,2717099,2738,39.7466612,-104.8372242,U
5,08001008200,0.769977925,0.226490656,0.214358974,0.069654755,0.076980125,9.50187568306011,76.14986,0.433029751,1403.0669013961049,2700019.3201094847,562.0,0.339371981,0.55117547,1.777585116537238,2.51129663237458,1.758343137306199,35636.22497684488,8.876570098477991,0.0,8,1,8200,08001008200,82.0,Census Tract 82,G5020,S,4497511,2155,39.7602795,-104.8368767,U
6,08001008308,0.835551175,0.567603089,0.258461538,0.120229008,0.069798214,9.464215300546448,76.05789,0.372932643,1245.315863217456,2735642.5747102047,121.0,0.057509506,0.354896094,1.317480234267733,2.729563313952299,9.831025282460342,14681.85954320346,8.285033798445042,0.0,8,1,8308,08001008308,83.08,Census Tract 83.08,G5020,S,4311913,0,39.7571272,-104.8174833,U
7,08001008309,0.772284644,0.348446894,0.230769231,0.203852327,0.112206217,9.40604344262295,75.91205999999998,0.302333836,1085.226871015194,1980923.9011914828,30.0,0.023201856,0.214654833,1.27099477690423,2.140671325713991,4.293891354625503,30497.786845012248,7.372294975921004,0.0,8,1,8309,08001008309,83.09,Census Tract 83.09,G5020,S,12009467,22102,39.7560856,-104.7840024,U
8,08001008354,0.797372203,0.098542394,0.185641026,0.049439684,0.086019298,9.13145765027322,75.04563,0.198840008,937.5299134818,868597.373196376,3.0,0.001845018,0.341074704,0.60185955,1.525654235796386,0.156420572,1909.728982102887,5.678092840356889,0.080272785,8,1,8354,08001008354,83.54,Census Tract 83.54,G5020,S,108044536,539504,39.7785643,-104.6847111,R
9,08001008355,0.621212121,0.287684538,0.185641026,0.051422319,0.113048589,9.27107732240437,75.71118,0.181542223,941.5163765011616,1239537.0837193592,13.0,0.007111597,0.221825282,0.869875375,2.513504272223352,3.588484379878842,6664.31758007827,6.890265631576791,0.0,8,1,8355,08001008355,83.55,Census Tract 83.55,G5020,S,3550758,11289,39.7460712,-104.7580359,U
10,08001008401,0.238926668,0.226086957,0.219487179,0.001550388,0.119452663,8.5102043715847,73.08412,0.079718005,49.10885703489976,30151.11631103311,269.0,0.135107986,0.0,0.084324417,0.080873141,0.233064392,0.655971327,5.569263507511634,4.19631569441936,8,1,8401,08001008401,84.01,Census Tract 84.01,G5020,S,497963981,3673373,39.869555,-104.5174306,R
11,08001008402,0.291448201,0.192189477,0.207179487,0.0,0.096879536,7.07110409836066,69.19374,0.053485947,3.175271206366197,22887.61382944136,103.0,0.056500274,0.0,0.054268125,0.005118299,0.338122065,0.01243724,4.427325760120517,0.0,8,1,8402,08001008402,84.02,Census Tract 84.02,G5020,S,1736030760,17054265,39.8772581,-104.0658666,R
12,08001008505,0.400692341,0.197134173,0.209230769,0.014588859,0.121448147,9.643684426229512,76.45485999999998,0.325967707,3376.2491861869207,2428815.356206796,293.0,0.123368421,0.487320346,1.530230670329641,1.733086645883154,6.039677626009843,6730.205464370013,8.354866806322558,0.0,8,1,8505,08001008505,85.05,Census Tract 85.05,G5020,S,3066014,0,39.8921856,-104.9761923,U
13,08001008506,0.436328993,0.540553746,0.254358974,0.101213172,0.163517915,9.63479180327869,76.31610999999998,0.346855384,3145.4043228273995,2369906.5792825785,81.0,0.027645051,0.207072633,0.894029649,1.188041168732564,1.627764772598096,6898.176939814504,8.582899511414045,0.0,8,1,8506,08001008506,85.06,Census Tract 85.06,G5020,S,1595851,39432,39.9080584,-104.9857721,U
14,08001008507,0.350254615,0.204538191,0.183589744,0.04251299,0.253023552,9.69197240437158,76.27933,0.296207019,3024.838997680604,1910932.6901202856,199.0,0.090826107,0.256281094,1.430355161322018,1.2585315810592,1.303289073281582,7024.872874269296,7.988656065687656,0.0,8,1,8507,08001008507,85.07,Census Tract 85.07,G5020,S,2634627,0,39.9068554,-104.9682546,U
15,08001008508,0.39601564,0.301186664,0.216410256,0.004901961,0.146368715,9.73932103825137,76.22291,0.297627736,2809.6621907051094,1591854.778620594,0.0,0.0,0.288869066,1.395674864724991,1.332420553312306,2.670858551548672,7523.491741907438,7.299878077096929,1.0,8,1,8508,08001008508,85.08,Census Tract 85.08,G5020,S,2506914,28118,39.905779,-104.949187,U
16,08001008524,0.414114371,0.103448276,0.193846154,0.026411357,0.044870422,9.82204153005464,75.82026999999998,0.245082219,2280.405523902603,788689.7467503754,15.0,0.004952129,0.185650943,0.813924837,0.984160333,0.740252991,9231.732599128209,6.648098128168013,1.0,8,1,8524,08001008524,85.24,Census Tract 85.24,G5020,S,4984860,42066,39.9411441,-104.9316157,U
17,08001008526,0.310245902,0.076448829,,0.007262164,0.070355191,9.69008387978142,75.88709,0.270682949,2510.803711902783,1344985.0729332962,20.0,0.006889425,0.100047114,0.395440268,1.209880591787657,0.743582366,16966.27874158769,7.853226625041425,1.0,8,1,8526,08001008526,85.26,Census Tract 85.26,G5020,S,7230021,108728,39.9487613,-104.9743823,U
18,08001008533,0.497309198,0.357080799,0.216410256,0.061845861,0.094327914,9.71197103825137,76.33714,0.298784507,3013.238627267453,1753055.674461519,96.0,0.02970297,0.463423129,2.160686643445264,1.829547916730434,2.425208253238952,6660.75688276523,7.539909374116769,0.351284713,8,1,8533,08001008533,85.33,Census Tract 85.33,G5020,S,3353029,36543,39.8922024,-104.9538147,U
19,08001008534,0.485874533,0.168259244,0.190769231,0.006706908,0.06709597,9.75992213114754,76.20109999999998,0.287524974,2685.6717479323206,1424257.1839149587,70.0,0.046948357,0.442034637,1.597134056898442,1.951375993542233,1.490978725209851,6798.957732229331,6.866858978297829,1.0,8,1,8534,08001008534,85.34,Census Tract 85.34,G5020,S,2341349,28063,39.8937323,-104.9317964,U
20,08001008535,0.404702455,0.153558052,0.195897436,0.011255924,0.113731219,9.86367021857924,75.94278,0.306514521,2234.781884870813,1251012.5842325585,63.0,0.037037037,0.666895152,3.116862220676531,3.426487761447483,1.04603334049827,5960.04902705386,7.395652257328725,0.0,8,1,8535,08001008535,85.35,Census Tract 85.35,G5020,S,15299365,754192,39.8938043,-104.8801138,U
21,08001008536,0.444325711,0.088694165,,0.0,0.095533234,9.80492486338798,75.2568,0.249482479,1456.5082566616127,543943.7287540962,0.0,0.0,0.349666949,0.847437519,0.948045012,0.375881221,2393.525817058687,8.22574941103633,,8,1,8536,08001008536,85.36,Census Tract 85.36,G5020,S,7269152,38685,39.9041827,-104.7947714,R
22,08001008538,0.443623873,0.061679337,0.166153846,0.012859097,0.076460331,9.73488989071038,75.35337,0.235726879,1349.3889635864923,444755.82118794287,35.0,0.009259259,0.709017708,0.675708356,0.967286847,0.263301879,1273.1318638357864,7.947883776261833,0.0,8,1,8538,08001008538,85.38,Census Tract 85.38,G5020,S,11510753,11378,39.8822633,-104.7869295,R
23,08001008540,0.429317141,0.076595291,0.154871795,0.023168654,0.139661234,9.905324043715853,75.65452,0.241260976,2067.118054032768,636787.5929820152,8.0,0.002680067,0.233927901,0.926102013,1.036649932349302,0.390595263,8914.842964516347,6.579893654966317,0.965439583,8,1,8540,08001008540,85.4,Census Tract 85.40,G5020,S,15305038,562114,39.9380604,-104.8855105,R
24,08001008544,0.36968766,0.125578208,0.166153846,0.029330382,0.044888206,9.79213306010929,75.85169,0.26154656,2264.549212239988,834661.396051281,0.0,0.0,0.072149243,0.518466496,0.709132881,0.247178754,11617.94777222264,7.246170473725167,1.0,8,1,8544,08001008544,85.44,Census Tract 85.44,G5020,S,2608402,21323,39.9555985,-104.9537605,R
25,08001008545,0.240749796,0.112727273,0.162051282,0.012030799,0.052159739,9.76222650273224,75.97009,0.273926518,2467.1495504650125,984435.5006449688,0.0,0.0,0.168128966,0.790038091,1.026073123665978,0.496535536,9942.982504624355,7.003349517858536,1.0,8,1,8545,08001008545,85.45,Census Tract 85.45,G5020,S,3128633,49667,39.9336044,-104.951588,U
26,08001008546,0.472930765,0.11556481,0.166153846,0.032078103,0.040794979,9.80426120218579,75.97789,0.248142218,2419.3469718606766,921766.8490158328,19.0,0.012624585,0.255263843,1.044937684645972,1.229201715986447,0.3189489,8024.446559974823,6.757601723062202,1.0,8,1,8546,08001008546,85.46,Census Tract 85.46,G5020,S,1324544,988,39.9254331,-104.9311036,U
27,08001008547,0.344053398,0.070700427,0.230769231,0.0,0.044141512,9.80401994535519,75.94916,0.258876331,2483.187227967993,1064775.5253549337,11.0,0.009274874,0.278870644,1.140609170845987,1.306495373684088,4.008580307448283,7485.3500635315695,6.596064827021431,1.0,8,1,8547,08001008547,85.47,Census Tract 85.47,G5020,S,1209376,0,39.9173613,-104.9311779,U
28,08001008548,0.407130535,0.094307073,,0.023489933,0.129384704,9.84625027322404,75.85755,0.238770981,2240.61965,795171.559713232,0.0,0.0,0.268094371,1.080298126088083,1.159906709594527,0.483976736,7803.750585148913,6.549699783325195,1.0,8,1,8548,08001008548,85.48,Census Tract 85.48,G5020,S,1245234,6215,39.9253879,-104.9115056,U
29,08001008549,0.539620019,0.095282361,,0.0,0.098470806,9.85313087431694,75.88209999999998,0.250887066,2284.584544002619,879734.6384655507,11.0,0.008778931,0.304569518,1.207465104267844,1.382407592898945,0.942914788,7245.894782238086,6.491486044123661,1.0,8,1,8549,08001008549,85.49,Census Tract 85.49,G5020,S,1318308,0,39.9178169,-104.9123289,U
30,08001008550,0.450937424,0.112658847,0.146666667,0.045576408,0.088507426,9.80104043715847,76.08839,0.282128119,2530.879530520496,1219598.49108547,54.0,0.020111732,0.33320733,1.317564164574534,1.499784509231062,1.767523160063337,7374.07480937959,6.748880823467598,1.0,8,1,8550,08001008550,85.5,Census Tract 85.50,G5020,S,4395779,40921,39.9067319,-104.9253291,U
31,08001008551,0.380408654,0.066907776,,0.037567084,0.0703125,9.85718224043716,75.88420999999998,0.266438855,2222.522103,1051403.9750514724,61.0,0.107394366,0.322369995,1.435662723960087,1.735844148338547,0.113272909,9056.2681315582,6.40566873550415,0.0,8,1,8551,08001008551,85.51,Census Tract 85.51,G5020,S,8737819,256782,39.9058713,-104.8996817,U
32,08001008552,0.423287671,0.248173516,0.187692308,0.019083969,0.098401826,9.889333060109292,75.10299999999998,0.241315635,1442.7284311380909,494477.6694871051,157.0,0.083912346,0.139796121,0.509999187,0.62833119,0.612374253,8202.968608278958,8.587695620581867,0.0,8,1,8552,08001008552,85.52,Census Tract 85.52,G5020,S,37424073,839791,39.9468292,-104.8134421,U
33,08001008553,0.186567164,0.146455224,0.187692308,0.030684932,0.088619403,9.5563412568306,74.36562,0.151996016,793.0394720186919,386162.4274360684,150.0,0.082191781,0.127943498,0.571540782,0.588204922,0.108323248,1712.9606158901977,4.795163741019728,0.454431737,8,1,8553,08001008553,85.53,Census Tract 85.53,G5020,S,158084489,8145918,39.934758,-104.7045569,R
34,08001008554,0.297895501,0.082002903,0.179487179,0.0,0.20137881,9.7624281420765,76.11534,0.27443185,2596.222083,1153569.0962789257,0.0,0.0,0.233646411,0.996313886,1.197623580157915,3.502587665242729,8516.612907792889,7.163512229919434,1.0,8,1,8554,08001008554,85.54,Census Tract 85.54,G5020,S,1264685,298340,39.9251409,-104.9531166,U
35,08001008555,0.505020673,0.356034865,0.179487179,0.0,0.110208303,9.69838770491803,76.21881,0.278465961,2743.3841333254104,1576043.682965104,53.0,0.020973486,0.242258122,1.090648603246872,1.23813426636418,3.409383092220481,8102.5950685808175,7.576017384163821,0.71751026,8,1,8555,08001008555,85.55,Census Tract 85.55,G5020,S,4829146,179676,39.9172756,-104.9663047,U
36,08001008556,0.408544726,0.121328438,0.175384615,0.050384287,0.059746328,9.90169207650273,75.81257999999998,0.291840371,1873.9316448015145,680228.6832114721,24.0,0.010156581,0.447372238,2.255581284420325,1.719631190616564,0.86697887,3336.1330637755664,7.611545781229106,,8,1,8556,08001008556,85.56,Census Tract 85.56,G5020,S,3399300,0,39.9017028,-104.8557802,U
37,08001008557,0.516473731,0.196794301,0.175384615,0.0,0.138023152,9.888401092896173,75.64673,0.277136044,1775.788885,812912.9856279615,40.0,0.117302053,0.404171809,2.780531083814846,1.592593405614516,0.40037573,4437.754678549652,8.491035461425781,0.0,8,1,8557,08001008557,85.57,Census Tract 85.57,G5020,S,8601911,95296,39.9106145,-104.8396108,R
38,08001008558,0.607016718,0.065928891,0.169230769,0.009665428,0.03761533,9.83845573770492,75.58347,0.269305343,1670.1471,651388.5338995145,0.0,0.0,0.672937607,1.550573393718784,1.501919429127061,0.665895471,2571.7595034515543,8.73361587524414,0.0,8,1,8558,08001008558,85.58,Census Tract 85.58,G5020,S,3893910,5044,39.8907207,-104.8256991,U
39,08001008559,0.527166276,0.217447307,0.169230769,0.007427678,0.075458392,9.801606557377053,75.67069999999998,0.242402792,1561.842411987892,546047.2332592537,8.0,0.00297619,2.78203146415937,1.63838474465654,1.65256289175457,0.454259798,1755.3402176803893,7.364753144803522,0.0,8,1,8559,08001008559,85.59,Census Tract 85.59,G5020,S,8582193,21916,39.8746752,-104.8206625,R
40,08001008560,0.179384203,0.016064257,0.147692308,0.0,0.031682285,9.97168825136612,75.07299999999998,0.206779485,1592.326501,421743.5124866242,16.0,0.022008253,0.0,0.198678034,0.250955133,0.684422906,15742.561086030171,7.474994659423828,0.0,8,1,8560,08001008560,85.6,Census Tract 85.60,G5020,S,11821239,370268,39.9954849,-104.8729585,R
41,08001008561,0.271237864,0.040129712,0.147692308,0.005154639,0.092435275,9.940216939890712,75.33002999999998,0.219965434,1747.3717437949836,468081.945018518,0.0,0.0,0.100133142,0.508949293,0.639922841,0.247672893,15995.48362442492,7.458637541601709,0.0,8,1,8561,08001008561,85.61,Census Tract 85.61,G5020,S,22281051,356101,39.9704759,-104.883633,R
42,08001008562,0.415363226,0.180570038,0.212307692,0.0,0.108957569,9.76958825136612,74.23559,0.187375358,1083.303901148263,280260.20505919494,0.0,0.0,0.0,0.115496165,0.164128724,0.298026084,3141.3349032468404,9.080964974383113,0.0,8,1,8562,08001008562,85.62,Census Tract 85.62,G5020,S,5863588,0,39.9942093,-104.7480216,U
43,08001008563,0.455231931,0.204099245,0.212307692,0.029689609,0.03236246,9.78181830601093,74.45176999999998,0.189120408,1108.1984293490632,372752.5174510829,0.0,0.0,0.0,0.144595125,0.138412567,2.216739272701255,2384.1829996819697,9.425088584436525,0.0,8,1,8563,08001008563,85.63,Census Tract 85.63,G5020,S,3786635,0,39.9803115,-104.7569481,U
44,08001008564,0.272509004,0.276705277,0.214358974,0.0,0.068211068,9.85225491803279,74.49947,0.189107183,1201.162039,338818.0062920556,107.0,0.261613692,0.0,0.202320406,0.199197738,1.877144088005741,4863.322608441548,8.282732963562012,0.0,8,1,8564,08001008564,85.64,Census Tract 85.64,G5020,S,3251820,19982,39.9943541,-104.7838525,R
45,08001008565,0.526378897,0.302165088,0.214358974,0.022192029,0.113065664,9.84028524590164,74.62726999999998,0.195653082,1238.530452906317,450009.6672877341,72.0,0.032142857,0.0,0.145931947,0.170376139,1.337076769221493,4456.537118676841,7.022823495156378,0.0,8,1,8565,08001008565,85.65,Census Tract 85.65,G5020,S,3704672,988,39.9790588,-104.7870045,R
46,08001008603,0.623816642,0.485743909,0.232820513,0.073033708,0.13552566,9.93187568306011,74.804,0.244946688,1356.283486,698117.7463220967,356.0,0.477211796,0.0,0.114092048,0.228914536,3.161607904758706,9063.847501301843,10.99067497253418,0.0,8,1,8603,08001008603,86.03,Census Tract 86.03,G5020,S,1862820,57731,39.9926025,-104.8202075,R
47,08001008604,0.52907089,0.243960208,0.203076923,0.004796163,0.086688773,9.897816666666667,74.70276,0.227555957,1288.6913610927268,449303.2703188464,277.0,0.207025411,0.0,0.165910226,0.243580901,4.611697600787501,6788.635084237967,9.122498055443192,0.0,8,1,8604,08001008604,86.04,Census Tract 86.04,G5020,S,2176262,5539,39.9947904,-104.8049505,U
48,08001008605,0.360348469,0.157713681,0.209230769,0.0,0.13093981,9.8878806010929,74.78122,0.245518756,1318.3120772707775,518946.08336144336,307.0,0.217268224,0.0,0.12388119,0.181012288,3.152648359015222,6117.893989367149,7.720871883864639,0.0,8,1,8605,08001008605,86.05,Census Tract 86.05,G5020,S,1982546,0,39.979622,-104.8052914,U
49,08001008606,0.521918025,0.206520019,0.18974359,0.015770319,0.124703276,9.91724590163934,74.96364,0.246412719,1409.7787937285689,668112.3829982425,1096.0,0.425300737,0.0,0.184300357,0.223332966,3.78800781894692,10007.518564720373,10.966821271774126,0.0,8,1,8606,08001008606,86.06,Census Tract 86.06,G5020,S,3837625,180213,39.9784872,-104.8279264,U
50,08001008705,0.757300227,0.514249866,0.231794872,0.164457831,0.148015731,9.60368551912568,76.36450999999998,0.406189398,3206.3748373441376,2736463.754412504,1085.0,0.605131065,10.256612350879395,3.259332849278969,3.930382572277592,3.889374104322117,8756.176784706506,7.948656505027245,0.0,8,1,8705,08001008705,87.05,Census Tract 87.05,G5020,S,2441945,0,39.8197927,-104.9217541,U
51,08001008706,0.713372305,0.326165557,0.252307692,0.131052632,0.179425394,9.65544808743169,76.27384999999998,0.344832963,2730.808802539663,2336796.8343945025,1339.0,0.672188755,16.171227397925826,3.24967072079959,3.527847023564858,2.939342348737454,6991.0001575633405,7.365585606900891,0.0,8,1,8706,08001008706,87.06,Census Tract 87.06,G5020,S,1886782,0,39.8235849,-104.9078211,U
52,08001008709,0.829354018,0.569606414,0.212307692,0.07179676,0.234759423,9.57972732240437,76.40034,0.43184377,2867.453672540607,3071739.1343253567,1069.0,0.376143561,12.937328918484488,3.469832584574255,4.491678857451303,4.699496318496525,10918.551145854068,8.284057956521671,0.0,8,1,8709,08001008709,87.09,Census Tract 87.09,G5020,S,7787107,126169,39.8001266,-104.9175627,U
53,08001008801,0.754742033,0.33759542,0.232820513,0.065673663,0.097074468,9.711744535519133,76.23744999999998,0.339725767,2836.26616854457,2157681.850651017,1025.0,0.656630365,13.73218886333918,3.859985516916951,3.725592269977631,2.34283273181761,5832.270243306695,7.28677089820348,0.0,8,1,8801,08001008801,88.01,Census Tract 88.01,G5020,S,3893102,0,39.843589,-104.9039726,U
54,08001008802,0.707109408,0.393428258,0.233846154,0.005507474,0.167684256,9.704598907103827,76.27151999999998,0.33462774,2888.7676232390854,2610986.000942096,492.0,0.36043956,10.913510575910593,4.172695228873389,3.540036145748721,2.694661130745081,6841.007577239184,7.405485947418213,0.001921353,8,1,8802,08001008802,88.02,Census Tract 88.02,G5020,S,12056169,3131932,39.8520583,-104.9127481,U
55,08001008901,0.788511749,0.344219219,0.222564103,0.097345133,0.161133905,9.55391830601093,76.49711999999998,0.521304215,4869.662156340597,3587392.224756273,543.0,0.672862454,1.881951015199294,3.288081113181157,4.493433034609673,2.438107399910927,13450.704717723194,9.146181156213869,0.0,8,1,8901,08001008901,89.01,Census Tract 89.01,G5020,S,7948891,566403,39.8104901,-104.9435087,U
56,08001009001,0.597261953,0.388786198,0.212307692,0.04702381,0.177449168,9.56036967213115,76.59272,0.330501191,3879.249587750944,3049887.2021610574,715.0,0.410683515,0.929420262,1.761993794457756,2.958219167798418,12.272066873075111,6828.807180294672,8.176916516501949,0.578092243,8,1,9001,08001009001,90.01,Census Tract 90.01,G5020,S,2109475,0,39.8528317,-104.9708005,U
57,08001009003,0.668775911,0.176547801,0.202051282,0.074168798,0.123499891,9.515249180327872,76.67505,0.406047888,4109.661164708286,3758455.6862897617,157.0,0.100383632,0.989121942,1.648931062446839,3.049753356277016,16.560583815376962,6868.6651618816895,7.889862393521018,0.531782066,8,1,9003,08001009003,90.03,Census Tract 90.03,G5020,S,1735300,5812,39.8438201,-104.9773674,U
58,08001009004,0.741843703,0.213476675,0.202051282,0.11024441,0.054438543,9.54903469945355,76.56708999999998,0.363580076,3837.423680665873,3089952.2409714246,134.0,0.064237776,1.053771249190618,2.074783878963821,3.617840679101133,3.633275599267272,7716.580355006227,7.547746832124771,0.442857143,8,1,9004,08001009004,90.04,Census Tract 90.04,G5020,S,1312427,30022,39.8432294,-104.9660343,U
59,08001009101,0.54368932,0.197016339,0.225641026,0.067198935,0.137106323,9.6240674863388,76.49518,0.300894743,3495.376154463507,2328563.526793063,1232.0,0.798962387,0.930044891,1.795667933185887,2.8485443256032,1.696415772450156,6577.053165550533,8.197182964487663,1.0,8,1,9101,08001009101,91.01,Census Tract 91.01,G5020,S,1848229,0,39.8626274,-104.9583946,U
60,08001009103,0.726222222,0.668751448,0.205128205,0.034482759,0.132444444,9.7506587431694,76.27083,0.302776309,2725.328362366644,1711036.834829921,13.0,0.01006192,0.955363686,2.027384864322642,2.70833507604206,1.387626747271992,6928.00937315569,7.205181489544538,0.634953228,8,1,9103,08001009103,91.03,Census Tract 91.03,G5020,S,4212495,929220,39.8749583,-104.9266127,U
61,08001009104,0.704782018,0.260220244,0.207179487,0.031844106,0.058743582,9.676212295081967,76.40940999999998,0.300191768,3060.3700310809886,2102544.4125516494,6.0,0.002810304,1.176384266734879,2.343991698511859,2.984720703736889,1.566092492533271,7473.283532647945,7.902501863600483,1.0,8,1,9104,08001009104,91.04,Census Tract 91.04,G5020,S,2607497,0,39.8656806,-104.9406941,U
62,08001009202,0.837461973,0.373339338,0.215384615,0.067238913,0.094958714,9.58368989071038,76.52597,0.319506325,3715.500694384633,2567996.301161537,1161.0,0.805690493,0.818993403,1.543214740887408,2.811840712335015,3.819231448847969,6056.296123256749,8.664421495541122,1.0,8,1,9202,08001009202,92.02,Census Tract 92.02,G5020,S,1753932,1771,39.8627228,-104.970359,U
63,08001009203,0.750328022,0.318382212,0.209230769,0.0935,0.143375334,9.559125409836073,76.62045,0.38910149,3903.8763072363954,3421114.771825379,52.0,0.024632875,0.765349138,1.366735630086522,3.336479082350921,7.993938359917642,6065.297711610393,9.30591791009301,1.0,8,1,9203,08001009203,92.03,Census Tract 92.03,G5020,S,2654938,51512,39.8714265,-104.9845234,U
64,08001009204,0.456223943,0.275908279,0.201025641,0.052390057,0.127605718,9.63513661202186,76.41942,0.302591749,3479.985919767274,2206708.028240852,0.0,0.0,0.711972617,1.529718247814372,2.414781179199324,2.613945793148285,6083.88988469879,8.369384014458284,1.0,8,1,9204,08001009204,92.04,Census Tract 92.04,G5020,S,2522236,50328,39.8781134,-104.9677999,U
65,08001009206,0.396410456,0.255877743,0.186666667,0.015084295,0.076498423,9.69643743169399,76.34842999999998,0.299685642,3083.333719,1861685.0659497648,8.0,0.006896552,0.773223015,1.776879720068619,2.294932607309883,2.387460429935799,6595.176644451572,7.632750034332275,1.0,8,1,9206,08001009206,92.06,Census Tract 92.06,G5020,S,1295355,11050,39.8812623,-104.9476403,U
66,08001009207,0.725747473,0.290169929,0.185641026,0.102653631,0.111421811,9.67444836065574,76.3412,0.299096857,3162.384041336184,1894303.821365737,0.0,0.0,0.8947041,1.785417631962994,2.507408246062732,0.478698041,6213.538063820286,8.118000001028964,1.0,8,1,9207,08001009207,92.07,Census Tract 92.07,G5020,S,1599206,0,39.8731829,-104.949623,U
67,08001009304,0.515768607,0.288392213,0.202051282,0.0098434,0.174477289,9.52119535519126,76.68067999999998,0.374183275,4049.746159759339,2915482.208906995,95.0,0.040667808,0.643102675,0.977849708,2.128422645424557,4.669113526003056,5873.976323806545,9.912172638789208,0.379755552,8,1,9304,08001009304,93.04,Census Tract 93.04,G5020,S,3437698,61316,39.8734632,-104.9942392,U
68,08001009306,0.646706587,0.208279094,0.166153846,0.03021148,0.174242424,9.41001393442623,76.8118,0.421775684,4883.42999130624,3688061.047326997,129.0,0.097432024,0.934472318,1.190956923253795,2.46097363594015,6.719536393483446,5511.457155681497,9.119455358014957,0.449132798,8,1,9306,08001009306,93.06,Census Tract 93.06,G5020,S,1712099,5137,39.8433931,-104.9991945,U
69,08001009307,0.688051323,0.276737968,0.183589744,0.042834891,0.182887701,9.47044863387978,76.69578,0.475412464,4534.866757567399,4516482.461376776,226.0,0.170308968,0.984962553,1.357858530691123,2.72227803500801,5.656063494225847,6217.061149143965,8.478543188878362,0.5276907,8,1,9307,08001009307,93.07,Census Tract 93.07,G5020,S,1785522,0,39.8442899,-104.9887739,U
70,08001009308,0.579396325,0.34951881,0.184615385,0.0,0.100174978,9.40801147540984,76.73448,0.630002473,4959.652482904163,4597660.203117205,504.0,0.317180617,1.136437234738829,1.241427659626855,2.646354009924778,4.476729567816767,5566.375190868986,8.393971358977211,0.0,8,1,9308,08001009308,93.08,Census Tract 93.08,G5020,S,1466860,16161,39.8311684,-104.9941282,U
71,08001009309,0.688945421,0.298764857,0.192820513,0.161330822,0.118640148,9.28730546448088,76.93096,0.4125745,5744.890745650448,3540594.7753141103,256.0,0.160703076,0.873080407,0.737049763,1.698497957743802,5.336809630895962,4372.874752030923,8.000302470972272,0.0,8,1,9309,08001009309,93.09,Census Tract 93.09,G5020,S,1280592,0,39.8418509,-105.0199563,U
72,08001009310,0.715554811,0.442004693,0.184615385,0.06370876,0.083305397,9.3470087431694,76.83803,0.488576566,5460.606936409449,3801071.953327487,798.0,0.408602151,0.983568762,1.018514489361696,1.982055310253775,6.043524681669957,4747.096811303743,8.902312905456613,0.0,8,1,9310,08001009310,93.1,Census Tract 93.10,G5020,S,1486669,5571,39.841417,-105.0116197,U
73,08001009316,0.714808044,0.438616228,0.192820513,0.149848419,0.134720855,9.42002213114754,76.78002999999998,0.391585844,4536.6809579067485,2622517.6967680044,67.0,0.028401865,0.606293289,0.728771585,1.511596732714616,7.83783134114396,4972.084281487526,9.45045383114025,0.273128834,8,1,9316,08001009316,93.16,Census Tract 93.16,G5020,S,2256539,0,39.8677408,-105.0099712,U
74,08001009318,0.654811415,0.525455328,0.209230769,0.036349575,0.074573354,9.43363852459016,76.75978999999998,0.394792815,4662.34785748628,3218579.809478443,92.0,0.034599473,0.761859558,1.011755579663059,2.120047726825653,16.986978270033077,5131.59699933073,10.27282705565721,0.788275647,8,1,9318,08001009318,93.18,Census Tract 93.18,G5020,S,1280936,13889,39.8562595,-105.0015812,U
75,08001009319,0.643262411,0.519858156,0.305641026,0.12745098,0.170212766,9.36904371584699,76.84046999999998,0.390802639,4865.939296099801,2772040.305897816,46.0,0.045053869,0.649075087,0.698814864,1.307522928055756,17.556666790883988,4865.903217844658,9.135112923497958,0.0,8,1,9319,08001009319,93.19,Census Tract 93.19,G5020,S,681481,0,39.8615931,-105.0153918,U
76,08001009320,0.620558376,0.461611675,0.257435897,0.038626609,0.137373096,9.34313224043716,76.89002,0.390196633,5155.111671226421,3073564.418224015,22.0,0.014874915,0.753340613,0.739828173,1.617602444001211,13.61254887493658,4754.677526137944,8.683443349127021,0.0,8,1,9320,08001009320,93.2,Census Tract 93.20,G5020,S,1911265,5472,39.8518135,-105.0133976,U
77,08001009321,0.710684809,0.318982824,0.206153846,0.047916667,0.106848093,9.384721038251373,76.84645999999998,0.363247953,4356.462258366644,2270333.148482335,0.0,0.0,0.429749984,0.420225749,1.120039223960644,1.235137917888798,4939.679859509171,8.39796531915719,0.0,8,1,9321,08001009321,93.21,Census Tract 93.21,G5020,S,1309071,0,39.8780218,-105.0202944,U
78,08001009322,0.743680885,0.328942116,0.171282051,0.064476131,0.108609795,9.458793715846992,76.76155,0.367185549,4193.473194297462,2282420.4570456073,10.0,0.006002401,0.543463331,0.688744526,1.276262488898029,0.0,5292.056607986302,9.120235198919293,0.59765948,8,1,9322,08001009322,93.22,Census Tract 93.22,G5020,S,1289918,0,39.87842,-105.0105392,U
79,08001009323,0.533713975,0.295269168,0.191794872,0.126819127,0.119358347,9.59415928961749,76.43824999999998,0.35850865,3382.8474830296977,2585887.3952496513,38.0,0.025148908,0.290183405,0.768992829,1.293102955402659,5.294227870261509,6729.4715613287335,9.616922641160937,0.0,8,1,9323,08001009323,93.23,Census Tract 93.23,G5020,S,2183021,5172,39.8986779,-104.9931394,U
80,08001009325,0.205828446,0.223423754,0.137435897,0.00490381,0.116568915,9.50208743169399,76.48473,0.351463232,3442.655813483657,1984586.081166992,109.0,0.038165266,0.108191946,0.357551733,0.761156141,3.155738544846846,7875.319760805903,8.298643213201082,0.0,8,1,9325,08001009325,93.25,Census Tract 93.25,G5020,S,3821813,47867,39.9063562,-105.0117384,U
81,08001009326,0.256738544,0.168126685,0.155897436,0.0,0.172506739,9.423301092896168,76.76900999999998,0.359733616,3928.083275972127,2160605.272885303,0.0,0.0,0.323195643,0.255385768,0.798240286,0.773239761,5566.453222024419,7.822334028464685,0.0,8,1,9326,08001009326,93.26,Census Tract 93.26,G5020,S,1279780,14568,39.8926576,-105.0209029,U
82,08001009327,0.421492921,0.17009867,0.181538462,0.0,0.108751609,9.52519672131148,76.67295,0.360303926,3720.45980032274,2201675.317228026,56.0,0.032054951,0.370342645,0.496643978,0.994244332,1.291177149446595,6154.078601613334,8.565455739556509,0.0,8,1,9327,08001009327,93.27,Census Tract 93.27,G5020,S,2493106,100443,39.8927873,-105.0052148,U
83,08001009401,0.515131863,0.2164859,0.182564103,0.014429109,0.141158668,9.19397868852459,77.04508,0.378682884,6035.64647821502,3185227.773813637,686.0,0.390438247,0.68258111,0.510536128,1.433441875391233,2.047440816368126,4020.7142992779263,8.210611994841353,0.0,8,1,9401,08001009401,94.01,Census Tract 94.01,G5020,S,3508567,4691,39.84742,-105.0377226,U
84,08001009406,0.506562848,0.247163515,0.175384615,0.000614251,0.10118119,9.22135573770492,77.01222,0.377296336,5143.26270425306,2554330.568556565,82.0,0.047981276,0.548893377,0.379542119,1.048605484443805,6.155004240774233,4305.752518384104,8.441132974444216,0.0,8,1,9406,08001009406,94.06,Census Tract 94.06,G5020,S,1730102,9038,39.8654289,-105.0373523,U
85,08001009407,0.490498812,0.253669179,0.194871795,0.081174439,0.130911994,9.19331038251366,77.01253,0.377722154,5467.5475745446565,2687781.798627038,227.0,0.122174381,0.5692082,0.453632225,1.156062701423186,6.314517254696219,4064.9559401248266,8.49674099621395,0.0,8,1,9407,08001009407,94.07,Census Tract 94.07,G5020,S,1897314,0,39.8599533,-105.0388512,U
86,08001009408,0.233834892,0.083773892,0.114871795,0.036628199,0.119357462,9.30125,76.76254,0.294500082,4130.35464212328,1851887.158015148,0.0,0.0,0.096060109,0.152150301,0.739050201,1.932365105559916,5906.035450768446,8.01656904582032,0.0,8,1,9408,08001009408,94.08,Census Tract 94.08,G5020,S,3815938,50182,39.9091796,-105.0361172,U
87,08001009409,0.219349315,0.067123288,0.156923077,0.006410256,0.101883562,9.28260765027322,76.82333,0.305972948,4388.412975354917,2050821.2933201387,16.0,0.006694561,0.304136308,0.158187842,0.798950955,0.696554815,4543.40033404136,7.730642022703896,0.0,8,1,9409,08001009409,94.09,Census Tract 94.09,G5020,S,3837681,6753,39.892885,-105.0377528,U
88,08001009410,0.243293824,0.083881064,0.179487179,0.009393681,0.079375,9.20357349726776,77.00055,0.313473098,5000.73105110766,2282583.9711812446,0.0,0.0,0.380637413,0.141233484,1.02628989639809,0.356851786,4169.963105125116,7.84105640612774,0.0,8,1,9410,08001009410,94.1,Census Tract 94.10,G5020,S,2730989,54250,39.8770154,-105.0444201,U
89,08001009411,0.220623501,0.050702295,0.187692308,0.008327025,0.099691675,9.31355956284153,76.90769,0.31564594,4529.974301365295,2268957.6177598685,0.0,0.0,0.410469098,0.262769276,0.943970875,1.042916263092524,4647.455054608954,8.020273803952678,0.0,8,1,9411,08001009411,94.11,Census Tract 94.11,G5020,S,1282242,0,39.8779975,-105.0297696,U
90,08001009501,0.591776316,0.293052354,0.192820513,0.051647373,0.122039474,9.28221967213115,76.88229,0.545619196,6041.466658395024,4291303.24307524,656.0,0.569444444,1.173924321153076,0.948646202,2.144584749109909,10.173576763868148,4473.239293801622,8.148881996771781,0.0,8,1,9501,08001009501,95.01,Census Tract 95.01,G5020,S,1087578,0,39.830531,-105.0167737,U
91,08001009502,0.633678558,0.274261603,0.186666667,0.005506608,0.07550077,9.265347814207653,76.90756,0.551306011,6270.273683300312,3956683.362616121,987.0,0.543502203,2.488337507596144,0.988703872,2.340104494071156,5.502683527182953,5199.987161757549,8.187352071860696,0.0,8,1,9502,08001009502,95.02,Census Tract 95.02,G5020,S,4222952,137321,39.8201255,-105.0188398,U
92,08001009553,0.61424848,0.350087159,0.237948718,0.044918999,0.096727483,9.39428907103825,76.78637,0.638040875,5177.81959443254,4977925.565698996,347.0,0.254026354,1.520763830871504,1.572682695212058,2.960362326912547,5.500563700813726,7040.627129207982,9.093491656439646,0.0,8,1,9553,08001009553,95.53,Census Tract 95.53,G5020,S,7630948,111055,39.8109834,-104.9913163,U
93,08001009603,0.451065193,0.36273393,0.219487179,0.04501845,0.170382425,9.09086584699454,77.19034,0.380873233,6684.960961127922,3045140.424611796,1030.0,0.371841155,0.654513327,0.394565717,1.279547889363411,8.407293150140294,3418.751304797084,7.735509904271472,0.0,8,1,9603,08001009603,96.03,Census Tract 96.03,G5020,S,2141077,0,39.8415779,-105.0460982,U
94,08001009604,0.450606197,0.388583219,0.220512821,0.016666667,0.186828264,9.12981420765027,77.08374999999998,0.434765917,7271.10864077519,3313889.4979490903,710.0,0.375264271,0.848050688,0.538904487,1.70658490657904,7.605791492090447,3523.5456640680504,7.529794952407114,0.0,8,1,9604,08001009604,96.04,Census Tract 96.04,G5020,S,2215181,0,39.8315027,-105.0380288,U
95,08001009606,0.687694974,0.154939341,0.202051282,0.043189369,0.126169844,9.155910928961752,77.07885,0.439337252,7489.900430425043,3701319.426623244,690.0,0.519187359,1.715616424061472,0.852441075,2.14980852037105,8.277117435370801,4177.257735240879,7.712016815643266,0.0,8,1,9606,08001009606,96.06,Census Tract 96.06,G5020,S,1859181,233302,39.815997,-105.0276092,U
96,08001009607,0.626495541,0.359635475,0.207179487,0.065205772,0.096465881,9.070368306010932,77.21326999999998,0.436854951,8325.32674794144,3256148.8379644505,320.0,0.164018452,1.032781331539767,0.560807052,1.860037999613379,6.695031431554336,3465.843709617291,7.639846789358485,0.0,8,1,9607,08001009607,96.07,Census Tract 96.07,G5020,S,2225743,439379,39.814281,-105.0397078,U
97,08001009608,0.453444098,0.209358752,0.155897436,0.000819001,0.114731369,9.00012213114754,77.29549,0.436256994,9952.623606960578,3449948.652270459,62.0,0.050778051,0.897680091,0.475813989,1.97908132831894,10.822627086284156,3350.606592406258,7.694715709277373,0.0,8,1,9608,08001009608,96.08,Census Tract 96.08,G5020,S,1339321,132762,39.8112783,-105.0495884,U
98,08001009751,0.639675117,0.431149567,0.258461538,0.076407507,0.08171302,9.04215901639344,77.12366,0.489841736,9494.571375295454,4518593.709882476,281.0,0.173349784,1.300523532445632,0.750372058,2.814296381868204,1.577039872060022,5488.923185998626,7.911781758069993,0.0,8,1,9751,08001009751,97.51,Census Tract 97.51,G5020,S,2951175,424619,39.7983183,-105.0412999,U
99,08001009752,0.586544161,0.219839142,0.185641026,0.034013605,0.124515937,9.236784699453548,76.90940999999998,0.570137188,6416.260025397479,4570526.162136847,343.0,0.323279925,2.542886340984225,1.094892074673127,2.9175644130269,3.566698968746239,4604.070429707052,8.364744888842303,0.0,8,1,9752,08001009752,97.52,Census Tract 97.52,G5020,S,2018484,1161,39.7969664,-105.0146221,U
100,08001015000,0.537638376,0.306061733,0.238974359,0.055650685,0.273707698,9.51395573770492,76.61211,0.48210738,3872.1447342866327,3755605.245924199,154.0,0.127062706,1.330931483603856,2.523061732284615,3.974596382461689,2.445800768749452,9994.341206334157,8.242405080550128,0.327763496,8,1,15000,08001015000,150.0,Census Tract 150,G5020,S,14102660,1158247,39.8212115,-104.9680224,U
101,08001060001,0.32551778,0.148483655,,0.0,0.092223525,9.60766202185792,75.83647,0.256226799,2518.0974290193726,1167181.0324086328,28.0,0.022988506,0.0,0.120589415,0.877334772,0.445294986,9606.196304972009,10.873432440981295,0.0,8,1,60001,08001060001,600.01,Census Tract 600.01,G5020,S,4979241,3227,39.967648,-105.0040752,U
102,08001060002,0.315501664,0.092962435,,0.01056052,0.045649073,9.79507349726776,75.59999,0.242223822,2099.097394602285,771625.0370959378,43.0,0.034705408,0.0,0.175202855,0.600123025,0.089466832,21490.35986962114,8.640741176195903,0.838949036,8,1,60002,08001060002,600.02,Census Tract 600.02,G5020,S,15599145,245190,39.9697786,-104.9556974,R
103,08001060100,0.452160085,0.108004241,0.146666667,0.013277693,0.081500133,9.57718306010929,76.12062,0.310349894,2807.044567667941,1415164.3772479454,24.0,0.008928571,0.030409714,0.164495347,0.812954071,1.344265935457134,20490.59369106784,9.414812282839575,0.0,8,1,60100,08001060100,601.0,Census Tract 601,G5020,S,6386819,289277,39.942467,-105.0021415,U
104,08001060200,0.407047125,0.07875895,0.18974359,0.025854514,0.156650033,9.52572349726776,76.46545,0.330129248,3090.6037594256745,2120950.104876616,11.0,0.004489796,0.105099812,0.242547001,0.77548312,4.58693223814704,14292.231145137863,9.26626655862508,0.0,8,1,60200,08001060200,602.0,Census Tract 602,G5020,S,4948423,50951,39.9246541,-105.0056952,U
105,08001061200,0.205735333,0.078017923,,0.006006006,0.050513023,9.82659398907104,75.34816999999998,0.245654589,1901.6904197769047,661408.8334472672,4.0,0.002890173,0.0,0.106281114,0.306299391,0.3438273,20176.41280576986,8.346983919345949,0.0,8,1,61200,08001061200,612.0,Census Tract 612,G5020,S,10617533,145657,39.9911848,-104.94997,R
106,08001988700,0.0,0.0,,0.0,0.0,9.73466475409836,75.98716,,0.0,,0.0,0.0,,,,0.0,,0.0,,8,1,988700,08001988700,9887.0,Census Tract 9887,G5020,S,67648980,1117152,39.8353129,-104.8409337,U
107,08003960000,0.357916452,0.306343476,0.169230769,0.103535354,0.199587416,4.91316038251366,62.98598,0.015262711,0.572538267,25176.546220184977,161.0,0.167359667,0.0,0.067314977,0.0,0.01054806,5006.822667847609,3.229180281454662,57.87971698113206,8,3,960000,08003960000,9600.0,Census Tract 9600,G5020,S,1391578446,652350,37.5917311,-105.7534696,R
108,08003960100,0.401201838,0.475433015,0.169230769,0.018216683,0.206079887,5.17534371584699,62.75072,0.024922387,1.683047700193401,67725.39129455756,217.0,0.186266094,0.0,0.097987839,0.0,0.0,390.81608047267696,5.084680800280609,30.94577171027684,8,3,960100,08003960100,9601.0,Census Tract 9601,G5020,S,420506126,938349,37.4075614,-105.9746695,R
109,08003960201,0.544237013,0.366883117,0.225641026,0.0,0.147727273,5.16120792349727,62.78889,0.065742514,50.31593365576679,291031.87033107143,577.0,0.447981366,0.0,0.0,0.0,4.136550287293016,275.29069688857567,8.781994948544735,0.0,8,3,960201,08003960201,9602.01,Census Tract 9602.01,G5020,S,10890582,0,37.4767066,-105.8455965,R
110,08003960202,0.437593985,0.37804878,0.225641026,0.0,0.090885882,5.17775109289617,62.60525,0.069062407,12.91592291175653,252909.02134692948,210.0,0.142954391,0.0,0.0,0.0,4.257202508463982,164.18557833536443,8.31672333539775,0.0,8,3,960202,08003960202,9602.02,Census Tract 9602.02,G5020,S,12050689,79756,37.4984075,-105.9157769,U
111,08003960300,0.76823215,0.439662108,0.22974359,0.013909588,0.172164119,5.18673797814208,62.72258,0.060496528,67.51794330788296,239450.756692294,329.0,0.149545455,0.0,0.0,0.0,3.749803414896218,123.55487040919508,8.477619097641313,0.0,8,3,960300,08003960300,9603.0,Census Tract 9603,G5020,S,36617188,0,37.4510743,-105.8926748,U
112,08005004951,0.419571046,0.371212121,,0.006122449,0.245978552,9.060235792349728,76.95001999999998,0.472421287,1864.400207,4531031.2001958415,50.0,0.04743833,0.503428702,0.577100432,1.915432722229875,2.297103157022907,2997.3197116626006,7.363399982452393,0.0,8,5,4951,08005004951,49.51,Census Tract 49.51,G5020,S,149488,5724,39.6975484,-104.9300106,U
113,08005004952,0.430375648,0.258095855,0.182564103,0.005220418,0.079015544,9.077996448087427,76.86195999999998,0.44906405,1912.29390309854,4855943.340786314,100.0,0.052854123,0.600004226,0.813302123,1.989363055588867,9.970081249299293,3250.1382697966355,7.689090980942391,0.0,8,5,4952,08005004952,49.52,Census Tract 49.52,G5020,S,1322085,0,39.7042614,-104.9357258,U
114,08005005551,0.576018549,0.42450914,0.271794872,0.002087683,0.169600542,8.40073852459016,77.78743,0.389831327,2930.268743149164,3558793.92107787,316.0,0.304725169,0.878051756,0.783463291,3.404558484060012,2.750431099669051,5694.746613755326,8.264120133808078,0.0,8,5,5551,08005005551,55.51,Census Tract 55.51,G5020,S,3105594,7882,39.6632487,-105.0139798,U
115,08005005552,0.418659349,0.486205518,0.215384615,0.01031746,0.232065857,8.2087693989071,77.87744999999998,0.406307679,2952.173862725017,3069288.5448615607,326.0,0.258730159,0.294166006,1.011144892530204,1.824717568003864,2.10342981956853,9183.97932258933,7.666609092379199,0.0,8,5,5552,08005005552,55.52,Census Tract 55.52,G5020,S,2103930,62055,39.6477568,-105.0229576,U
116,08005005553,0.446246973,0.186938577,0.186666667,0.035220994,0.099031477,8.07235928961749,78.01268,0.405623318,2730.899403100793,2671232.34352267,548.0,0.365333333,0.204953669,0.989856063,1.35751955369939,4.675957465060875,11126.222010445352,7.265083393376024,0.0,8,5,5553,08005005553,55.53,Census Tract 55.53,G5020,S,2461301,147866,39.6327228,-105.0230623,U
117,08005005611,0.177311725,0.140401146,0.166153846,0.004833253,0.104417671,8.08895191256831,77.99205,0.303254821,1601.694113515762,2547710.9667846328,535.0,0.254519505,0.118999476,0.524619054,0.712843196,3.526240522255569,11852.876804954769,7.242000612847251,0.0,8,5,5611,08005005611,56.11,Census Tract 56.11,G5020,S,4013229,2002,39.6026756,-104.9736893,U
118,08005005612,0.185998828,0.212778429,0.171282051,0.020316027,0.105155243,8.21669726775956,77.86606999999998,0.321796253,1710.9386335528543,2723009.8087697835,367.0,0.256106071,0.15048407,0.589771897,0.986431015,1.740429954945852,10440.274362194215,7.136275568610168,0.0,8,5,5612,08005005612,56.12,Census Tract 56.12,G5020,S,3875695,7516,39.6167999,-104.9727279,U
119,08005005614,0.166100648,0.131178116,0.182564103,0.005323194,0.130139104,8.19089644808743,77.87876,0.30585154,1368.2415373088647,2435898.2756238566,220.0,0.164424514,0.109871028,0.4548041,0.620908539,0.915735496,9732.736755854348,6.952344364326441,0.0,8,5,5614,08005005614,56.14,Census Tract 56.14,G5020,S,2327961,0,39.6022192,-104.9506453,U
120,08005005619,0.164962918,0.119829684,0.168205128,0.003986333,0.059490085,7.81700491803279,78.01517,0.284732433,2660.0408421906386,1973657.3988042353,455.0,0.254616676,0.148721041,0.778285439,0.939729498,3.548203494486525,13923.970254852722,6.585325781233768,0.0,8,5,5619,08005005619,56.19,Census Tract 56.19,G5020,S,3814519,453882,39.6184954,-105.0420335,U
121,08005005620,0.291864139,0.22985782,0.131282051,0.006234414,0.177330174,7.94348360655738,78.04645999999998,0.359526468,2468.2678561239954,2544459.390111256,93.0,0.051211454,0.161227744,0.733345616,1.007894937381652,7.38997192113446,13329.584447454416,7.479047297883938,0.0,8,5,5620,08005005620,56.2,Census Tract 56.20,G5020,S,986145,54536,39.6192276,-105.0224562,U
122,08005005621,0.153390144,0.104483142,0.156923077,0.0,0.120785476,7.59721885245902,78.12077999999998,0.15845144,2293.4795391543294,1556937.284812144,29.0,0.024410774,0.152628118,0.591486442,0.675902583,0.611244775,22790.06368907579,6.078818057596644,0.0,8,5,5621,08005005621,56.21,Census Tract 56.21,G5020,S,2595947,19519,39.5975536,-105.0474084,U
123,08005005622,0.086619263,0.045895281,0.128205128,0.0,0.043632838,7.58185409836066,78.28936,0.202068941,2032.6001555307928,1653862.176423191,59.0,0.045107034,0.159841391,0.592403829,0.701950939,1.96996187975308,37269.13751288489,6.361149949079528,0.0,8,5,5622,08005005622,56.22,Census Tract 56.22,G5020,S,5456351,1592482,39.5882426,-105.0396733,U
124,08005005623,0.120603015,0.074093676,0.17025641,0.005411906,0.077228246,7.71220601092896,78.15672999999998,0.281709941,1939.0926522850464,1671927.6788192345,107.0,0.06181398,0.107422657,0.618592515,0.803192807,1.34180354778024,24292.697297927913,6.528216736925334,0.0,8,5,5623,08005005623,56.23,Census Tract 56.23,G5020,S,4025370,55486,39.5898285,-105.0192214,U
125,08005005624,0.14009009,0.117169896,0.153846154,0.01754386,0.079221367,7.82787322404372,78.16146,0.285349201,1754.611904,2252440.3571162126,67.0,0.082920792,0.104017759,0.562565615,0.888553597,2.947553371711284,18046.81505783012,6.84796667098999,0.0,8,5,5624,08005005624,56.24,Census Tract 56.24,G5020,S,1998744,2603,39.585713,-104.9996187,U
126,08005005625,0.225851939,0.141245593,0.182564103,0.006692694,0.055581724,7.94467021857924,78.10227,0.30233344,1622.5593228806079,2618069.2011299087,132.0,0.070026525,0.102727369,0.491885947,0.772386758,3.139156672613423,14953.297705947494,7.198188838785727,0.0,8,5,5625,08005005625,56.25,Census Tract 56.25,G5020,S,1875830,6454,39.588172,-104.98202,U
127,08005005626,0.149535265,0.150164114,0.167179487,0.004294479,0.108588621,8.02198661202186,78.00002999999998,0.301984557,1475.293694563452,2301188.488189652,32.0,0.019335347,0.100200865,0.530909167,0.631668263,0.658676895,12730.963456058624,6.789794946079931,0.0,8,5,5626,08005005626,56.26,Census Tract 56.26,G5020,S,2013684,0,39.5881026,-104.9675022,U
128,08005005627,0.09649512,0.09082794,0.156923077,0.0,0.081854481,8.08747267759563,77.97023,0.302860713,1319.3280324274874,2316907.5266403193,46.0,0.025828186,0.094696939,0.438355932,0.499435183,1.310932664909727,10944.387141927915,7.174963458251623,0.0,8,5,5627,08005005627,56.27,Census Tract 56.27,G5020,S,2596145,3101,39.5883602,-104.95091,U
129,08005005628,0.200762169,0.080502477,0.166153846,0.016681695,0.08846426,8.14118114754098,77.79971,0.313694574,1182.7243102244304,2338639.9188107606,82.0,0.03602812,0.0,0.380922072,0.249826699,2.616601610155899,9204.146333392113,7.554300707293757,0.0,8,5,5628,08005005628,56.28,Census Tract 56.28,G5020,S,2568254,0,39.5877989,-104.9321962,U
130,08005005629,0.185067514,0.100476569,0.132307692,0.005567929,0.070293884,8.02117513661202,77.85571,0.307102963,1148.1185858344886,2152026.4892141726,0.0,0.0,0.0,0.365984105,0.158729812,2.166876732612758,9667.438237712751,7.355433710732948,0.0,8,5,5629,08005005629,56.29,Census Tract 56.29,G5020,S,2567686,18075,39.5709676,-104.9328223,U
131,08005005630,0.078099511,0.093189233,0.157948718,0.008737864,0.117659054,7.97792404371585,78.06371,0.30044543,1287.492407637185,2180867.2544733174,0.0,0.0,0.0,0.389068757,0.223653186,2.830631200501925,12052.884585849168,7.028185189017059,0.0,8,5,5630,08005005630,56.3,Census Tract 56.30,G5020,S,2583009,12972,39.5767913,-104.9527702,U
132,08005005631,0.145643693,0.043591412,0.173333333,0.0,0.131750163,7.93318606557377,78.0751,0.300461799,1411.1065419252043,2259753.7677057446,0.0,0.0,0.0,0.427952353,0.314302064,1.031772390446743,14597.945159135288,6.771031932962683,0.0,8,5,5631,08005005631,56.31,Census Tract 56.31,G5020,S,1673406,4048,39.5733625,-104.9686148,U
133,08005005632,0.175365344,0.028282123,0.122051282,0.00733945,0.092553932,7.84696038251366,78.13057,0.300539902,1507.749935820598,2356135.154976469,9.0,0.008115419,0.0,0.484443748,0.632271318,2.381757052036738,17328.994405042857,7.409737505894059,0.0,8,5,5632,08005005632,56.32,Census Tract 56.32,G5020,S,2209378,0,39.5732431,-104.9804701,U
134,08005005633,0.071132954,0.20601192,0.099487179,0.0,0.09493016,7.72380054644809,78.14922,0.302053844,1696.2304209375,1907849.6369626943,35.0,0.023600809,0.055934814,0.651948024,1.026739561422898,8.04654157593071,23372.78696916063,7.048126715421676,0.0,8,5,5633,08005005633,56.33,Census Tract 56.33,G5020,S,1954635,0,39.5774982,-105.0034557,U
135,08005005634,0.117160579,0.161891117,0.137435897,0.01400934,0.132543103,7.57971256830601,78.19746999999998,0.297795338,1724.0989678680169,1706243.5343216069,12.0,0.007702182,0.034515637,0.834647816,1.159987865718834,5.352076730005287,37551.57350654944,7.193254218620243,0.0,8,5,5634,08005005634,56.34,Census Tract 56.34,G5020,S,4042020,742035,39.5711533,-105.023382,U
136,08005005635,0.110124709,0.07911745,0.145641026,0.0,0.108355675,8.25986612021858,77.64521999999998,0.3196788,1260.8049051498756,2581056.875448222,10.0,0.005007511,0.100149229,0.387408772,0.506225192,2.993256420136635,8483.3847041301,7.385483361101072,0.0,8,5,5635,08005005635,56.35,Census Tract 56.35,G5020,S,2696080,0,39.6026358,-104.9327074,U
137,08005005636,0.140096618,0.056897477,0.162051282,0.005822416,0.081588835,8.35408469945355,77.66155999999998,0.318355024,1386.1112212028831,2897888.4206270864,10.0,0.013831259,0.117259639,0.492663655,0.722576471,1.41435882111579,8063.65479224996,7.056714794945093,0.0,8,5,5636,08005005636,56.36,Census Tract 56.36,G5020,S,5113438,19853,39.6186086,-104.9435393,U
138,08005005701,0.197132616,0.300563236,0.228717949,0.0,0.08612687,8.54927677595628,77.77384999999998,0.474770728,2495.42302359172,4238317.972975183,362.0,0.398239824,0.673174824,0.708117243,4.070161933969996,3.110582564280957,1372.9549197209856,9.001172769885423,0.0,8,5,5701,08005005701,57.01,Census Tract 57.01,G5020,S,1100637,36133,39.6647376,-104.9953874,U
139,08005005702,0.359242851,0.264513491,0.228717949,0.053511706,0.098268224,8.48095846994535,77.76457999999998,0.4232976,2413.0526983917525,4518085.31940072,379.0,0.298895899,0.501576778,0.899933736,2.850642173408331,7.953892661391444,1202.3466432599607,9.461350326275909,0.0,8,5,5702,08005005702,57.02,Census Tract 57.02,G5020,S,1164046,15302,39.6558534,-104.996823,U
140,08005005800,0.182639434,0.08051846,0.196923077,0.006896552,0.091908877,8.65414180327869,77.64011999999998,0.482298383,2229.8957190297183,3985093.1687852303,964.0,0.788870704,0.472117082,0.598346194,2.835888564130975,1.661035196317853,1175.308656221623,7.935754760173884,0.0,8,5,5800,08005005800,58.0,Census Tract 58,G5020,S,1210927,0,39.6638957,-104.9786537,U
141,08005005951,0.300152805,0.292382722,0.21025641,0.00778513,0.193450999,8.5672718579235,77.77988999999998,0.425080615,2154.1289520215487,4151294.678759465,954.0,0.339622642,0.348625188,0.671215485,2.165111936125673,8.04855296621114,864.5455393575725,7.830709165523272,0.0,8,5,5951,08005005951,59.51,Census Tract 59.51,G5020,S,1434637,0,39.65589,-104.9794296,U
142,08005005952,0.284751685,0.169130544,0.139487179,0.0033241,0.085857322,8.6395631147541,77.56355999999998,0.420828992,1939.5998997128377,4013146.864787484,480.0,0.246406571,0.287949832,0.52583086,1.674566821963004,6.887659036052291,808.4971792414141,7.82035516527735,0.0,8,5,5952,08005005952,59.52,Census Tract 59.52,G5020,S,1019733,0,39.6566371,-104.9637307,U
143,08005006000,0.207787201,0.15150347,0.219487179,0.01002313,0.133770239,8.35566256830601,77.86042,0.410403396,2264.8555050793943,3868142.89736126,655.0,0.492481203,0.327570129,1.457480284464702,2.008609404430403,3.788746990972423,8765.825986742388,8.461626810372493,0.0,8,5,6000,08005006000,60.0,Census Tract 60,G5020,S,2578925,51185,39.6467022,-105.0000158,U
144,08005006100,0.236663434,0.235687981,0.249230769,0.025522042,0.093404754,8.44151038251366,77.75815,0.411407313,2071.0241482938327,4008730.167918597,853.0,0.484383873,0.287621843,0.928138346,1.753569282954547,1.713914261421373,4526.960167335762,7.581993066125798,0.0,8,5,6100,08005006100,61.0,Census Tract 61,G5020,S,1135104,0,39.6449228,-104.9830565,U
145,08005006200,0.329370832,0.153957669,0.224615385,0.0,0.142360104,8.24809016393443,77.88106,0.408648226,2171.668992023579,3267633.453351714,810.0,0.528375734,0.250990657,1.948851788383458,1.53770841436822,4.038282545219874,9533.426014702263,7.863703390578582,0.0,8,5,6200,08005006200,62.0,Census Tract 62,G5020,S,2489280,34903,39.6364179,-105.0025013,U
146,08005006300,0.238535645,0.095201238,0.214358974,0.0,0.15761079,8.29773142076503,77.84813,0.410953691,1898.5849446482111,3003978.2858227687,946.0,0.811320755,0.203164852,0.847061968,1.272741333020264,7.829194956789487,9487.559145180712,7.539907427426785,0.0,8,5,6300,08005006300,63.0,Census Tract 63,G5020,S,1299983,0,39.631312,-104.9832134,U
147,08005006400,0.302901858,0.26984127,0.183589744,0.034306569,0.114488349,8.15798360655738,77.97296,0.408143878,2063.231392926544,2912466.000829397,716.0,0.477970628,0.198379024,0.988896912,1.189924364466981,5.567379119910406,10428.89534372144,7.883482621786788,0.0,8,5,6400,08005006400,64.0,Census Tract 64,G5020,S,2330634,69148,39.6285046,-105.0022166,U
148,08005006501,0.208053691,0.388708931,0.22974359,0.010852713,0.201758445,7.90701721311475,78.05489,0.318559401,2281.243357756681,2915859.263610882,68.0,0.047752809,0.157682879,0.710050421,0.96755335,5.084379591336111,13883.603426350704,7.345426747902871,0.0,8,5,6501,08005006501,65.01,Census Tract 65.01,G5020,S,1681545,54302,39.6123447,-105.0191615,U
149,08005006502,0.209373098,0.191113816,0.21025641,0.0,0.167985393,7.92062568306011,78.10705,0.282785261,2132.328043802544,2266847.199860548,1047.0,0.566865187,0.140009488,0.636979488,0.844040355,8.76337486925858,15127.013481623095,7.089205893222524,0.0,8,5,6502,08005006502,65.02,Census Tract 65.02,G5020,S,1937543,5763,39.6090227,-105.0109509,U
150,08005006601,0.308119946,0.368493861,0.233846154,0.055514706,0.140757392,8.09795983606557,77.90974,0.321008273,1991.0146074004697,2707425.714731918,945.0,0.333922261,0.163760956,0.679682938,1.047079943211712,4.903191138995473,11691.64660521274,8.080427761298584,0.0,8,5,6601,08005006601,66.01,Census Tract 66.01,G5020,S,1940243,4847,39.6176107,-104.9967415,U
151,08005006603,0.153556643,0.176581325,0.171282051,0.017886179,0.141562854,7.91885327868853,78.10857,0.282925979,1835.7348866706247,2475558.02385136,553.0,0.433046202,0.11680186,0.551487062,0.788218374,4.029179426299348,15665.956335258204,6.908162316083908,0.0,8,5,6603,08005006603,66.03,Census Tract 66.03,G5020,S,1852818,1620,39.5965407,-104.996668,U
152,08005006604,0.229362101,0.224437148,0.198974359,0.008854455,0.214118199,8.00323196721311,78.0687,0.284992681,1934.0867986317044,2521965.934319307,952.0,0.49122807,0.138461798,0.58967086,0.783243384,7.302549448816364,13354.5003580408,8.311352564183183,0.0,8,5,6604,08005006604,66.04,Census Tract 66.04,G5020,S,1889477,54093,39.6044898,-105.0005895,U
153,08005006704,0.109209637,0.04143211,0.16,0.007863696,0.047565374,8.54397076502732,77.56632,0.459696151,1512.5257119458224,3517968.6420918447,164.0,0.101610905,0.158303498,0.488012601,0.996240829,0.712130818,2451.899849338616,7.321696934646063,0.0,8,5,6704,08005006704,67.04,Census Tract 67.04,G5020,S,11003644,162903,39.6354343,-104.9393604,U
154,08005006705,0.08910387,0.055498982,,0.0,0.071792261,8.44224016393443,77.75628,0.411107331,1820.996068,3371902.790998632,184.0,0.254847645,0.196435963,0.757821019,1.294548400210156,2.225163053777373,8726.41910673823,6.741315841674805,0.0,8,5,6705,08005006705,67.05,Census Tract 67.05,G5020,S,5057816,31511,39.6378062,-104.9681018,U
155,08005006706,0.269883351,0.071049841,0.114871795,0.043672014,0.078296218,8.18253852459016,77.63164999999998,0.312184978,1089.1259272570455,2815467.403698779,8.0,0.003460208,0.0,0.424713334,0.124296456,0.756655017,5262.3514615507465,8.31036665409583,0.0,8,5,6706,08005006706,67.06,Census Tract 67.06,G5020,S,2260864,326090,39.5879485,-104.9136313,U
156,08005006707,0.267434555,0.089842932,0.168205128,0.009123163,0.091937173,8.22388606557377,77.35988999999998,0.303528746,1019.5051471710944,3235091.636694171,29.0,0.014639071,0.0,0.35156849,0.105221872,2.754950773193938,362.17917111524713,8.814260866487444,0.0,8,5,6707,08005006707,67.07,Census Tract 67.07,G5020,S,3204915,0,39.5873185,-104.8924857,U
157,08005006708,0.229697921,0.046178031,0.153846154,0.005988024,0.059540185,8.05761885245902,77.69338,0.307106696,1037.4129212085354,2471798.3829760784,7.0,0.003428012,0.0,0.310890277,0.129839779,1.694619571933838,8405.621980384034,8.020423347573045,0.0,8,5,6708,08005006708,67.08,Census Tract 67.08,G5020,S,2585447,4185,39.572864,-104.9133752,U
158,08005006709,0.194169314,0.08864784,0.124102564,0.008403361,0.060475566,8.10124808743169,77.45475999999998,0.301137792,948.8537150310204,2913705.0166386366,0.0,0.0,0.0,0.279642319,0.085644635,1.937000757533975,335.57435416613134,8.146697394915849,0.0,8,5,6709,08005006709,67.09,Census Tract 67.09,G5020,S,4186301,2377,39.5733605,-104.8884657,U
159,08005006711,0.138725605,0.101810487,0.166153846,0.0,0.086762285,8.3078325136612,77.54539,0.319860078,1170.5186740475087,2967999.4508479564,61.0,0.041077441,0.020763703,0.471072951,0.272232819,2.426977065044356,378.3224965105505,8.234296425082317,0.0,8,5,6711,08005006711,67.11,Census Tract 67.11,G5020,S,2593043,0,39.6023091,-104.9134955,U
160,08005006712,0.071070234,0.010033445,0.168205128,0.0,0.189799331,8.41020737704918,77.45427999999998,0.318688495,1232.696412435247,3881557.3382596727,19.0,0.030254777,0.100795057,0.473750072,0.451415168,4.512329689708145,496.312642297404,8.29350725003333,0.0,8,5,6712,08005006712,67.12,Census Tract 67.12,G5020,S,5018622,4716,39.6120244,-104.9083836,U
161,08005006713,0.537562604,0.091263216,,0.029154519,0.054372197,8.30896693989071,77.41825,0.315223462,1102.837376,3341898.8554328727,10.0,0.008628128,0.0,0.434247872,0.106723113,2.305245690849723,378.97888856915336,9.936699867248535,0.0,8,5,6713,08005006713,67.13,Census Tract 67.13,G5020,S,532164,0,39.5990418,-104.9001419,U
162,08005006808,0.179846939,0.091472303,0.146666667,0.01814301,0.031705539,8.51804644808743,77.06270999999998,0.305207939,991.4541450936993,2533340.1847133036,8.0,0.004155844,0.0,0.71431759,0.0,0.0,646.424341239516,6.814553157502571,0.0,8,5,6808,08005006808,68.08,Census Tract 68.08,G5020,S,3807645,0,39.6167928,-104.8622636,R
163,08005006815,0.421292461,0.197638285,0.179487179,0.048886738,0.05945722,8.31653825136612,77.23442,0.305952039,994.0846786090968,3217471.291898034,17.0,0.007848569,0.0,0.717419242,0.0,3.306272901682172,1543.4246609017423,9.399883842220392,0.0,8,5,6815,08005006815,68.15,Census Tract 68.15,G5020,S,3210393,0,39.5941023,-104.8730971,U
164,08005006854,0.345760475,0.158661809,0.192820513,0.049780381,0.072268908,8.66954016393443,77.05226,0.323794746,1137.4494808897934,3394284.977181991,0.0,0.0,0.059680604,0.490122127,0.193308845,7.540565544275482,606.9630710511469,7.984748863322928,0.0,8,5,6854,08005006854,68.54,Census Tract 68.54,G5020,S,2038938,0,39.6358877,-104.8795586,R
165,08005006857,0.22537112,0.039136302,0.136410256,0.008810573,0.068825911,8.47092404371585,77.21679,0.307842564,1069.6595548190776,3353779.3979868963,13.0,0.014069264,0.0,0.56481932,0.0,1.919497682642764,1131.8027667727265,8.14642921307671,0.0,8,5,6857,08005006857,68.57,Census Tract 68.57,G5020,S,1999192,0,39.6132265,-104.8808536,U
166,08005006859,0.459784836,0.264388489,0.191794872,0.053218449,0.055498458,8.48602595628415,77.26780999999998,0.308203477,1135.954940167088,4118057.172451239,33.0,0.015819751,0.02562079,0.508971944,0.088106905,7.212504054803693,1340.385763324255,8.75635303764054,0.0,8,5,6859,08005006859,68.59,Census Tract 68.59,G5020,S,1673292,0,39.6177362,-104.8919336,U
167,08005006860,0.30330525,0.145228216,0.191794872,0.061176471,0.152143845,8.35517404371585,77.32091,0.307746661,1051.519623,4067833.431287204,6.0,0.006042296,0.0,0.57458334,0.0,5.689820357787522,644.9007991236912,9.352190017700195,0.0,8,5,6860,08005006860,68.6,Census Tract 68.60,G5020,S,1174547,0,39.60141,-104.8840889,U
168,08005006861,0.231378372,0.056916605,0.16,0.037552156,0.042316258,8.41243415300547,77.05329999999998,0.296655175,954.4170177576063,2379550.4243751364,0.0,0.0,0.0,1.146509616235282,0.0,2.062716891282096,702.0055398330344,8.101795338228417,0.0,8,5,6861,08005006861,68.61,Census Tract 68.61,G5020,S,2643396,0,39.6023783,-104.8573282,U
169,08005006862,0.400802752,0.086009174,0.16,0.032258065,0.032683486,8.44977868852459,76.86446999999998,0.224616446,847.0958106264088,2084243.3046526464,0.0,0.0,0.039187876,0.939983385,0.0,0.882213325,789.2878888988402,7.415625567462563,0.0,8,5,6862,08005006862,68.62,Census Tract 68.62,G5020,S,5580945,0,39.6053155,-104.8351917,U
170,08005006863,0.440745014,0.270102401,0.176410256,0.079407295,0.059425886,8.25409043715847,76.6962,0.208935579,765.2370496593492,1740219.3917948268,0.0,0.0,0.094390896,0.502414131,0.0,1.275922053304861,1006.8948011459393,8.1587366890489,0.0,8,5,6863,08005006863,68.63,Census Tract 68.63,G5020,S,6788945,0,39.5797759,-104.814346,R
171,08005006864,0.474576271,0.081300813,0.176410256,0.0374677,0.030081301,8.2265543715847,77.02495999999998,0.267911811,857.8838705192944,3115290.0982822254,0.0,0.0,0.0,0.621529068,0.0,2.232410624343478,563.2680582646791,8.664455173241135,0.0,8,5,6864,08005006864,68.64,Census Tract 68.64,G5020,S,12076450,0,39.5790809,-104.8485627,U
172,08005007101,0.231789066,0.19761194,0.152820513,0.00184587,0.091548242,6.58336857923497,69.93105,0.045552535,2.702400396393495,34044.211328880585,408.0,0.179261863,0.0,0.09678243,0.007057797,0.075340903,0.015083463,4.242657024793479,0.440434642,8,5,7101,08005007101,71.01,Census Tract 71.01,G5020,S,1197664552,11087383,39.6513626,-104.058086,R
173,08005007103,0.157451923,0.154402895,0.161025641,0.0,0.126802885,7.88239672131148,73.98484,0.069893454,115.5887615,40505.14270815168,41.0,0.068676717,0.06275572,0.139838491,0.195153699,0.138858316,2.21285345218958,5.314993858337402,0.0,8,5,7103,08005007103,71.03,Census Tract 71.03,G5020,S,165400307,461714,39.6880444,-104.5189211,R
174,08005007106,0.353923973,0.093624265,,0.025037556,0.071143208,7.63155081967213,74.60064,0.10718588,462.20607640394326,568004.5909433446,0.0,0.0,0.604022766,0.556472705,0.147423089,0.270211533,54.80415494645945,6.734697543318743,0.0,8,5,7106,08005007106,71.06,Census Tract 71.06,G5020,S,166820804,80408,39.6012893,-104.5738022,R
175,08005007108,0.556965944,0.256770655,0.165128205,0.042873696,0.096638655,9.07476256830601,75.8087,0.193891544,801.8430414090203,1244952.4042916957,104.0,0.114537445,0.263404935,0.917067646,1.579463093349428,0.592146472,3598.3340024959566,6.32699160330501,0.0,8,5,7108,08005007108,71.08,Census Tract 71.08,G5020,S,26706887,0,39.708443,-104.7492813,U
176,08005007109,0.650170004,0.143881667,0.165128205,0.039215686,0.105263158,8.58024836065574,75.5571,0.127189856,569.3060156,570902.4788487587,0.0,0.0,0.270650146,0.590262774,1.610721944774658,0.0480304,969.9220305463053,5.477332592010498,,8,5,7109,08005007109,71.09,Census Tract 71.09,G5020,S,29048184,4938,39.6547455,-104.6894928,R
177,08005007110,0.48580256,0.103290542,0.176410256,0.016764459,0.089485459,9.02410163934426,75.53633999999998,0.157303195,703.019172409472,415928.2672627419,0.0,0.0,0.168544914,0.524322773,1.53261065498689,0.058238681,1360.2129662503485,4.864783805816625,0.0,8,5,7110,08005007110,71.1,Census Tract 71.10,G5020,S,24218171,0,39.7232962,-104.7119626,R
178,08005007111,0.663246269,0.208955224,0.176410256,0.0,0.075279262,8.53535,74.99759,0.106556941,535.9178413,343902.0839184892,98.0,0.121287129,0.107513934,1.024143719760452,1.803504220211161,0.012647148,877.9013719265075,4.446656703948975,2.0,8,5,7111,08005007111,71.11,Census Tract 71.11,G5020,S,63190084,24542,39.6884329,-104.6369747,R
179,08005007112,0.454275534,0.140534682,,0.044486692,0.023775388,8.13893743169399,75.76264999999998,0.124686152,542.2165038732693,446787.5764410279,32.0,0.011514933,0.222476792,0.39875509,0.105177948,0.935134443,57.956502172616325,8.481676241434723,0.0,8,5,7112,08005007112,71.12,Census Tract 71.12,G5020,S,5579541,0,39.5979152,-104.6947588,U
180,08005007113,0.281002449,0.018723895,,0.0,0.076400924,7.95327322404372,75.61812,0.120943739,493.4776221669894,267590.3732030267,0.0,0.0,0.174005487,0.336076151,0.066641808,0.0,33.787399339292435,5.925754798550001,0.0,8,5,7113,08005007113,71.13,Census Tract 71.13,G5020,S,8549545,0,39.5834019,-104.6685298,U
181,08005007201,0.690190736,0.449296179,0.215384615,0.121745789,0.094800345,9.30829781420765,76.53920999999998,0.288288004,1433.5788974959391,3078007.227576117,398.0,0.272416153,0.531681771,1.240328001448471,1.405937619685391,13.579650653621572,4335.106670957846,7.261140174381016,0.0,8,5,7201,08005007201,72.01,Census Tract 72.01,G5020,S,1322307,0,39.7218089,-104.8694475,U
182,08005007202,0.76662234,0.566444444,0.245128205,0.069558714,0.116134752,9.343806284153008,76.45784999999998,0.28951036,1564.9110302113363,3078034.6565898624,646.0,0.466425993,0.602921126,1.705267783141935,1.849617842117715,13.618920442359006,5336.5029643004345,7.138439382214093,0.0,8,5,7202,08005007202,72.02,Census Tract 72.02,G5020,S,1663433,0,39.7315236,-104.8768692,U
183,08005007301,0.798221404,0.390903503,0.223589744,0.109129815,0.117792168,9.38832431693989,76.20381999999998,0.340337718,1293.9375757981338,2997364.8158094934,284.0,0.184655397,0.424376801,1.344435185654917,5.146363476987225,8.815512464650036,7578.184884307043,7.939762292568272,0.0,8,5,7301,08005007301,73.01,Census Tract 73.01,G5020,S,858950,0,39.7382028,-104.8362493,U
184,08005007302,0.888619855,0.585385711,0.234871795,0.152284264,0.1614205,9.39305409836066,76.45958,0.351913898,1505.1239214132338,2935278.938863622,792.0,0.380038388,0.57874044,1.604069328218681,2.189647738922648,20.593100649772573,6754.658294599086,7.331566675155939,0.0,8,5,7302,08005007302,73.02,Census Tract 73.02,G5020,S,1305058,0,39.738375,-104.8653843,U
185,08005007400,0.783369803,0.409265001,0.221538462,0.150281778,0.146061269,9.35735,76.32698999999998,0.339071845,1397.218526887868,2827333.9689657646,1147.0,0.701100244,0.517629147,1.326186586304558,1.766060979270361,13.349350921542293,5524.650847207414,7.427350573036341,0.0,8,5,7400,08005007400,74.0,Census Tract 74,G5020,S,1934558,0,39.7310346,-104.8565432,U
186,08005007500,0.744303797,0.308248915,0.197948718,0.064009662,0.088277858,9.37013797814208,76.24452999999998,0.340015976,1299.2444168571428,2793575.0814186377,662.0,0.799516908,0.470729744,1.292632362228721,2.734742291098692,6.30026951602288,6361.152160608287,8.153903045654298,0.0,8,5,7500,08005007500,75.0,Census Tract 75,G5020,S,856638,0,39.7332593,-104.840087,U
187,08005007600,0.745551046,0.351927296,0.202051282,0.110861423,0.100282043,9.3501718579235,76.30401999999998,0.339531973,1244.580309011998,3002242.9862822928,794.0,0.571634269,0.36296353,1.180711871656279,2.320353538934584,5.389058934959325,5583.406803169392,7.825804551797254,0.0,8,5,7600,08005007600,76.0,Census Tract 76,G5020,S,1326879,0,39.7292876,-104.8336709,U
188,08005007702,0.686105886,0.273780652,0.204102564,0.047752809,0.127116367,9.2911237704918,76.3955,0.338710767,1200.9722038636983,3420290.9312098753,193.0,0.127645503,0.417190103,1.132872915586986,1.635896684499311,6.821047923522515,4432.0034648708815,7.736472670036028,0.0,8,5,7702,08005007702,77.02,Census Tract 77.02,G5020,S,2770244,0,39.7183247,-104.8364817,U
189,08005007703,0.691213228,0.284230769,0.197948718,0.115448968,0.135481366,9.302027322404372,76.46420999999998,0.328976075,1330.215474362476,2959064.263125511,215.0,0.111398964,0.473066031,1.161497455196076,1.382295423133913,12.325813005354972,4150.0631962401185,7.353954358193195,0.0,8,5,7703,08005007703,77.03,Census Tract 77.03,G5020,S,1839892,0,39.7202602,-104.8578156,U
190,08005007704,0.774151917,0.348944835,0.188717949,0.080922021,0.105272861,9.27850218579235,76.55983999999998,0.338793974,1251.5000554320884,2894107.848454492,127.0,0.059207459,0.438891072,1.108404789639878,1.133427795118552,1.722916243634222,3873.541566036956,7.324478398129459,0.0,8,5,7704,08005007704,77.04,Census Tract 77.04,G5020,S,843588,0,39.7149404,-104.8525237,U
191,08005015100,0.213852196,0.167573449,0.187692308,0.0,0.11135292,8.85272950819672,77.16536,0.484355463,1569.5087077756243,4982871.471677072,411.0,0.400194742,0.223197038,0.451333872,0.983062466,7.790511948194686,925.3527823023504,8.18455766947288,0.0,8,5,15100,08005015100,151.0,Census Tract 151,G5020,S,1503320,0,39.6677274,-104.9216215,U
192,08005080000,0.672920065,0.356987493,0.168205128,0.216761185,0.108482871,9.23501147540984,76.60783999999998,0.332396958,1184.4519407142857,2956271.966951281,41.0,0.024773414,0.422170574,1.044478518897843,0.876255283,2.750550891753648,3340.43074006202,7.371499647412982,0.0,8,5,80000,08005080000,800.0,Census Tract 800,G5020,S,1331488,0,39.7073828,-104.8564247,U
193,08005080100,0.680896478,0.440876546,0.217435897,0.168132437,0.136844377,9.2024806010929,76.62223,0.314106555,1141.8192021960276,2892845.773950171,98.0,0.050385604,0.30789829,0.908412417,0.646926044,3.509684565516382,2986.112681243498,7.788356585206145,0.0,8,5,80100,08005080100,801.0,Census Tract 801,G5020,S,1421058,0,39.7002088,-104.8579606,U
194,08005080200,0.571721635,0.178633423,0.154871795,0.125163541,0.118036926,9.14349836065574,76.6688,0.313214214,1150.8021341490823,2852356.2538999664,42.0,0.017781541,0.148823779,0.621823149,0.387195029,2.248158505660055,2609.3379161546,7.802972597266557,0.0,8,5,80200,08005080200,802.0,Census Tract 802,G5020,S,2596945,0,39.6893212,-104.856577,U
195,08005080300,0.285008818,0.213210554,0.192820513,0.043382027,0.15978836,9.03314972677596,76.76555,0.312706721,1148.1526472935736,3018802.8597363555,84.0,0.036777583,0.040042174,0.573072554,0.261619869,5.054345762130026,2116.806028942822,8.191617820681554,0.0,8,5,80300,08005080300,803.0,Census Tract 803,G5020,S,2526554,0,39.6749395,-104.8564218,U
196,08005080400,0.406898057,0.175070945,0.169230769,0.019191919,0.104605263,8.9497368852459,76.82827,0.309267957,1087.2582807558047,3447898.5216422984,32.0,0.015458937,0.022451045,0.718437407,0.248517272,8.87980799606818,1693.2383674236564,8.407993367999149,0.0,8,5,80400,08005080400,804.0,Census Tract 804,G5020,S,2416529,0,39.6639916,-104.8501632,U
197,08005080500,0.462938882,0.334460338,0.16,0.041857798,0.106892068,9.01664644808743,76.68709,0.313195007,1056.9724532309287,3168422.144517412,0.0,0.0,0.037510105,0.682534376,0.291650476,4.41247536917466,1765.124374745583,8.307755677515692,0.0,8,5,80500,08005080500,805.0,Census Tract 805,G5020,S,1264541,0,39.6712836,-104.838212,U
198,08005080600,0.526814815,0.180444444,0.196923077,0.05794607,0.168761221,9.07792322404372,76.67033999999998,0.313398816,1054.326954194883,2926779.563235325,39.0,0.019837233,0.033599738,0.612603494,0.347194328,2.331427409825721,2015.66235916648,8.27325085679928,0.0,8,5,80600,08005080600,806.0,Census Tract 806,G5020,S,1254776,0,39.6785047,-104.838073,U
199,08005080700,0.685686178,0.32898747,0.192820513,0.070275404,0.117846258,9.159205191256833,76.58524,0.313775768,1051.5131745458602,2862126.328382848,17.0,0.007951356,0.0,0.701591694,0.466593635,2.127834350672456,2649.085769210726,8.421830195005581,0.0,8,5,80700,08005080700,807.0,Census Tract 807,G5020,S,2523857,0,39.6893112,-104.8380769,U
200,08005080800,0.815474453,0.407883212,0.179487179,0.090132827,0.157080292,9.210365300546448,76.55791999999998,0.314146897,1052.0193325255518,2997554.1193188094,21.0,0.018229167,0.070978046,0.854154366,0.607097586,1.70196799030831,2964.1869444940926,8.424222650000218,0.0,8,5,80800,08005080800,808.0,Census Tract 808,G5020,S,914502,0,39.6993931,-104.8390645,U
201,08005080900,0.701764942,0.287404733,0.176410256,0.108327192,0.14279984,9.23764808743169,76.47645,0.33280832,1073.4330718375795,3127600.46799474,85.0,0.062638172,0.38290222,0.996997788,1.116928734633007,2.499777890506286,3312.528333099659,7.688840638300416,0.0,8,5,80900,08005080900,809.0,Census Tract 809,G5020,S,1677433,0,39.7066477,-104.8371554,U
202,08005081001,0.595534787,0.288161994,0.215384615,0.121775026,0.179127726,9.28026284153005,76.30113,0.338433494,1115.105152,3229734.6054261634,22.0,0.020446097,0.211100157,0.998782742,1.537417312572356,11.496877138134138,4201.507594192633,7.953528881072998,0.0,8,5,81001,08005081001,810.01,Census Tract 810.01,G5020,S,967326,0,39.7179895,-104.8229152,U
203,08005081002,0.782956426,0.410619961,0.215384615,0.178400547,0.143174868,9.2656893442623,76.24051,0.29199795,1064.1779339161694,2613586.008825521,77.0,0.049232737,0.15069621,0.984514705,1.411729494423901,5.983474522705416,4191.906091575761,7.968036745271149,0.0,8,5,81002,08005081002,810.02,Census Tract 810.02,G5020,S,1432772,0,39.7175933,-104.8144773,U
204,08005081101,0.700686106,0.490566038,0.175384615,0.166666667,0.076114923,9.21124535519126,76.37455,0.304803235,969.4398824214896,2941940.942357555,26.0,0.016850292,0.076038651,0.806338099,1.001862915086059,3.864810111511097,3012.854860580718,7.93743368219851,0.0,8,5,81101,08005081101,811.01,Census Tract 811.01,G5020,S,2084902,0,39.704135,-104.8204356,U
205,08005081102,0.722198732,0.436363636,0.175384615,0.084730803,0.135881104,9.18130491803279,76.30618,0.293065222,937.1382870871872,2650335.662964297,145.0,0.124250214,0.10106913,0.667416123,1.026283931982774,6.294948652427943,2955.4022636227355,7.722309913683808,0.0,8,5,81102,08005081102,811.02,Census Tract 811.02,G5020,S,353649,0,39.6986002,-104.8145901,U
206,08005081200,0.765625,0.334032812,0.201025641,0.145957678,0.127447289,9.14348387978142,76.47512999999998,0.313475393,962.781443668777,2891403.40978346,96.0,0.047501237,0.100017209,0.694699421,0.671024593,1.274758656443057,2471.2162760009583,7.967532399807499,0.0,8,5,81200,08005081200,812.0,Census Tract 812,G5020,S,1337016,0,39.6894218,-104.824114,U
207,08005081300,0.595847751,0.199653979,0.21025641,0.0,0.090530697,9.12646584699454,76.43832,0.294247559,918.9691425239155,2553194.934399144,29.0,0.027592769,0.106518355,0.66410828,0.924361227,3.578086335734179,2644.7048350780046,7.732600212097168,0.0,8,5,81300,08005081300,813.0,Census Tract 813,G5020,S,1174975,0,39.6899412,-104.8148643,U
208,08005081400,0.45620915,0.191885228,0.198974359,0.04754902,0.178871004,9.02990273224044,76.51809,0.307456097,959.1019968460989,2793946.523884047,7.0,0.003333333,0.109047703,0.827439039,0.496012633,6.431223367364629,1817.120881730648,7.79350360666929,0.0,8,5,81400,08005081400,814.0,Census Tract 814,G5020,S,2653239,0,39.6754486,-104.8194382,U
209,08005081500,0.086940837,0.216810967,,0.049371216,0.3353902,8.93567732240437,76.62805,0.306905091,1000.6836723340418,2945975.478165833,2.0,0.000856898,0.10346938,1.13893016928773,0.328756217,1.709240538955171,1673.6996489168037,8.160742861970427,0.0,8,5,81500,08005081500,815.0,Census Tract 815,G5020,S,1808705,0,39.6624753,-104.8274015,U
210,08005081600,0.370097588,0.220250723,0.203076923,0.028214867,0.148112481,8.8880193989071,76.53299,0.269498415,919.2470145796808,2211963.040982336,61.0,0.032309322,0.124758211,1.424436279482471,0.330086811,3.598761653476375,1157.2030686646483,7.656491028496634,0.0,8,5,81600,08005081600,816.0,Census Tract 816,G5020,S,3120068,0,39.6589508,-104.8126064,R
211,08005081700,0.243697479,0.12495433,0.142564103,0.04742268,0.082937523,8.57656448087432,76.56008,0.205835831,790.3257123142109,1922928.2014181688,8.0,0.008247423,0.134644588,0.800411877,0.103010838,1.305153160183636,358.413120903384,7.928800106048584,0.0,8,5,81700,08005081700,817.0,Census Tract 817,G5020,S,1850451,0,39.6243214,-104.8014817,U
212,08005081800,0.778087584,0.523460899,0.221538462,0.094647887,0.12828619,9.33812486338798,76.14009,0.307990523,1175.096734277065,2849163.473934932,13.0,0.007323944,0.241280966,1.05200176290893,2.269969498927271,9.837722663258912,6184.494200636072,7.732600212097168,0.0,8,5,81800,08005081800,818.0,Census Tract 818,G5020,S,2119140,0,39.7329918,-104.8176956,U
213,08005081900,0.719227022,0.433404852,0.187692308,0.064171123,0.131373823,9.31819453551913,76.0857,0.272999049,1088.3839293973042,2198158.228517887,227.0,0.089972255,0.194033682,1.079448196776324,1.766377099075995,5.254894321879351,7520.009681072733,7.479657989329507,0.0,8,5,81900,08005081900,819.0,Census Tract 819,G5020,S,2623712,0,39.7329148,-104.800615,U
214,08005082000,0.735900673,0.389309764,0.218461538,0.092503987,0.072500528,9.24554699453552,76.22491999999998,0.27233835,979.5585178922543,2131276.5860682502,0.0,0.0,0.206865149,0.903344267,1.341780747335355,1.584831494434234,3927.230801535512,7.570023940202129,0.0,8,5,82000,08005082000,820.0,Census Tract 820,G5020,S,3237489,22279,39.717835,-104.8018751,U
215,08005082100,0.673161361,0.331664581,,0.124463519,0.113859334,9.163040710382512,76.23605999999998,0.266336724,906.3535769315974,2127665.801836263,165.0,0.060395315,0.145946424,0.656784313,1.137162963177837,7.675920379370925,3196.2658566057626,7.561755710274634,0.0,8,5,82100,08005082100,821.0,Census Tract 821,G5020,S,1947366,0,39.7020373,-104.8008256,U
216,08005082200,0.578001935,0.239988915,,0.028151261,0.16056377,9.09616448087432,76.27512,0.265044668,860.9606268704872,1993604.618302936,11.0,0.004537954,0.119876565,0.507925691,1.011277728919089,6.572950229358621,2483.169851025268,7.482836836496372,0.0,8,5,82200,08005082200,822.0,Census Tract 822,G5020,S,1954645,0,39.6911551,-104.8004673,U
217,08005082300,0.714776632,0.179570141,0.213333333,0.116725979,0.084077892,9.03521475409836,76.38313999999998,0.264947864,877.7036703333154,2165788.820321968,16.0,0.010973937,0.123092435,0.681271653,0.834716634,5.461919238612619,1949.49608465983,7.536718505913261,0.0,8,5,82300,08005082300,823.0,Census Tract 823,G5020,S,1228043,0,39.6813347,-104.8029832,U
218,08005082400,0.67048206,0.479373483,0.201025641,0.049934297,0.127668941,8.97344071038251,76.37726999999998,0.259551519,877.1039047775204,2112538.407156543,77.0,0.049517685,0.133733431,0.779554991,0.676333192,7.219709070890257,1823.8019783383825,7.393008561158533,0.0,8,5,82400,08005082400,824.0,Census Tract 824,G5020,S,2078667,0,39.6736798,-104.7991215,U
219,08005082500,0.303080766,0.276019983,0.21025641,0.04234122,0.126561199,8.87155546448087,76.40555,0.243363365,865.9785109746845,1876886.7576126428,5.0,0.00622665,0.145287881,0.874693278,0.34793141,0.0,1096.6704651641146,7.524839417687778,0.0,8,5,82500,08005082500,825.0,Census Tract 825,G5020,S,1258131,0,39.6608395,-104.7957759,U
220,08005082600,0.74216412,0.36367932,0.226666667,0.090410959,0.080496341,9.13325409836066,76.05881999999998,0.265793069,840.2790861632706,1681164.102104696,15.0,0.005675369,0.147582158,0.584645312,1.252030818251952,3.659003622657722,2908.632915888477,7.27931415275658,0.0,8,5,82600,08005082600,826.0,Census Tract 826,G5020,S,2430797,0,39.703557,-104.7824921,U
221,08005082700,0.62484253,0.263680326,0.183589744,0.02270884,0.06601159,9.06561010928962,76.13989999999998,0.264733845,804.7505728657555,1628870.1972837993,0.0,0.0,0.137071451,0.538984512,1.0542362153136,8.396388157142992,2232.4878303396645,7.320199966430664,0.0,8,5,82700,08005082700,827.0,Census Tract 827,G5020,S,1218094,0,39.6915301,-104.7851,U
222,08005082800,0.582798717,0.266989312,,0.016706444,0.086947791,9.00843469945355,76.15636,0.264578073,785.592981112201,1521172.6062431978,45.0,0.024154589,0.152063566,0.56783628,1.038498244029587,0.594066459,2061.592308149389,7.472476587256331,0.0,8,5,82800,08005082800,828.0,Census Tract 828,G5020,S,1969208,0,39.6851884,-104.7800166,U
223,08005082900,0.51557571,0.142261905,,0.030852995,0.131761442,9.00012131147541,76.0245,0.208576048,740.4829446303496,1324406.3306620384,37.0,0.021726365,0.17436272,0.597608422,1.20759796939092,0.810109086,2052.3283801280795,7.012724506279325,0.0,8,5,82900,08005082900,829.0,Census Tract 829,G5020,S,2579452,0,39.6892923,-104.7630363,R
224,08005083000,0.570437567,0.057203956,0.166153846,0.005904059,0.067769477,8.76735,75.88055,0.164486894,695.8679824361882,981300.2571037984,56.0,0.041176471,0.357549712,0.69313328,0.827980505,0.0,972.4924722414397,6.922194729347041,0.0,8,5,83000,08005083000,830.0,Census Tract 830,G5020,S,10155824,0,39.667453,-104.734586,R
225,08005083100,0.633,0.193636233,,0.105040536,0.056275187,8.89894398907104,76.06265999999998,0.206822362,742.3226691873447,1182853.315350553,24.0,0.008094435,0.214380811,0.66197682,0.948546036,0.76455529,1265.2880785113207,7.354274929481513,0.0,8,5,83100,08005083100,831.0,Census Tract 831,G5020,S,2618929,0,39.6748911,-104.7628272,U
226,08005083201,0.581597222,0.124542707,0.17025641,0.020507285,0.100536616,8.62909918032787,76.0381,0.164118715,704.8788851036078,912141.9238145103,0.0,0.0,0.417140794,0.749481388,0.214497833,0.787697903,434.7235334146223,8.580727238755125,0.0,8,5,83201,08005083201,832.01,Census Tract 832.01,G5020,S,2332018,0,39.6452867,-104.744849,U
227,08005083202,0.286528653,0.064806481,0.17025641,0.007201646,0.046841946,8.59067486338798,75.90716,0.163973649,664.1069041681465,770352.6327706539,17.0,0.017489712,0.787440868,0.56706945,0.240400317,0.742581782,493.1863687946442,8.439665881902354,0.0,8,5,83202,08005083202,832.02,Census Tract 832.02,G5020,S,2801023,0,39.6461428,-104.7265291,R
228,08005083300,0.448363791,0.159871932,0.153846154,0.05465368,0.121759456,8.85441338797814,76.23662,0.243320322,810.1017531075452,1415714.1274885177,1.0,0.000521105,0.179636477,0.803716059,0.484305353,1.685921497778255,1082.2844510286484,7.701374448701248,0.0,8,5,83300,08005083300,833.0,Census Tract 833,G5020,S,1922094,0,39.662251,-104.7802179,U
229,08005083400,0.463027434,0.267178771,,0.054471176,0.147165596,8.7941306010929,76.10611,0.202930993,754.3641343679974,1136277.2042053011,0.0,0.0,0.246617113,0.787968782,0.452431833,2.145908280666621,1013.6141160203952,7.362416365387844,0.0,8,5,83400,08005083400,834.0,Census Tract 834,G5020,S,2716970,0,39.6604343,-104.7627207,U
230,08005083500,0.621697288,0.406999125,0.186666667,0.055802469,0.150754651,8.94059699453552,76.29083,0.259891391,808.1024054001624,1558285.4511305806,34.0,0.015468608,0.163657273,0.672453199,0.797531885,4.091848205939864,1516.6200213226043,7.279321151183328,0.0,8,5,83500,08005083500,835.0,Census Tract 835,G5020,S,1883407,0,39.6733466,-104.7815904,U
231,08005083600,0.45183141,0.287076537,0.182564103,0.002870264,0.133921816,8.67550300546448,76.71294,0.287660691,883.3517001088569,2358343.689583325,67.0,0.035867238,0.109895303,0.88716077,0.01695973,8.030619395021553,390.7152765467183,8.776142981302957,0.0,8,5,83600,08005083600,836.0,Census Tract 836,G5020,S,953488,0,39.6338394,-104.8216281,R
232,08005083700,0.363889534,0.158942004,0.182564103,0.014138817,0.175990396,8.59453825136612,76.63603999999998,0.224899151,838.8568587948625,2170235.985601192,22.0,0.013897663,0.113675079,0.796731525,0.055442264,0.265067096,443.7469258694423,7.64059600864765,0.0,8,5,83700,08005083700,837.0,Census Tract 837,G5020,S,2039108,0,39.6246101,-104.8186529,U
233,08005083800,0.442735043,0.200826731,0.208205128,0.01557377,0.111950549,8.77601994535519,76.56406,0.306458298,906.3271753525469,2291489.770868276,16.0,0.012393493,0.119904652,1.402898233422354,0.180284634,5.796218738870219,833.0579637519986,8.488799714027568,0.0,8,5,83800,08005083800,838.0,Census Tract 838,G5020,S,1293771,0,39.6457884,-104.8147584,U
234,08005083900,0.368563686,0.190621814,0.172307692,0.026347305,0.081053352,8.78105655737705,76.72789,0.306485725,932.599703096025,2506479.111014962,0.0,0.0,0.108754885,1.276028968531271,0.154706366,3.424331507022328,342.12578625148296,8.884641256391632,0.0,8,5,83900,08005083900,839.0,Census Tract 839,G5020,S,1376201,0,39.6461495,-104.8243559,U
235,08005084000,0.329384792,0.221245701,0.197948718,0.02173913,0.101954772,8.74951475409836,76.36103,0.2430605,840.7483653721271,1900266.5401721017,34.0,0.040332147,0.149272095,1.057840638845498,0.130362483,0.956088759,740.5368856921825,8.813723284729925,0.0,8,5,84000,08005084000,840.0,Census Tract 840,G5020,S,883774,0,39.6462937,-104.7945883,U
236,08005084100,0.5,0.281265571,0.208205128,0.032069971,0.085949178,8.74498715846994,76.3053,0.243069463,806.1946199552302,1529349.993086602,3.0,0.002094972,0.178687103,1.310313139316272,0.150225336,2.472799817047683,964.1744657734691,8.760788789049421,0.0,8,5,84100,08005084100,841.0,Census Tract 841,G5020,S,1540917,0,39.6486812,-104.7818046,U
237,08005084200,0.512171134,0.324557087,0.202051282,0.0,0.141521044,8.68015546448087,76.2921,0.242949052,790.8377496033374,1543182.162056214,0.0,0.0,0.184979125,1.962999765096438,0.143347622,2.376617653545546,190.4914636781488,8.751807212332237,0.0,8,5,84200,08005084200,842.0,Census Tract 842,G5020,S,1482396,0,39.6415211,-104.7784674,U
238,08005084300,0.388300688,0.096082583,0.181538462,0.053231939,0.068036286,8.71507650273224,76.14407,0.226427821,761.6541421630914,1192572.3507613663,19.0,0.014242879,0.242971961,1.190272930390429,0.182747428,3.729663170954255,925.4377491710851,8.286181033116625,0.0,8,5,84300,08005084300,843.0,Census Tract 843,G5020,S,1192530,0,39.6488691,-104.7654208,U
239,08005084400,0.529465095,0.249320036,0.187692308,0.012037037,0.104643963,8.65578360655738,76.21069,0.187472929,739.2593564452847,1116934.9957060085,25.0,0.023148148,0.277225869,1.122601653412638,0.182344676,1.600630655517423,517.6283787105374,8.054213470289206,0.0,8,5,84400,08005084400,844.0,Census Tract 844,G5020,S,1060226,0,39.6441319,-104.7579532,U
240,08005084500,0.315172153,0.146600836,0.202051282,0.0,0.2125,8.81251666666667,76.29701,0.243219719,816.6719867252231,1544132.9087054632,0.0,0.0,0.172840557,0.907415471,0.198398527,1.906386427119128,1026.2907914125294,8.182379936304661,0.0,8,5,84500,08005084500,845.0,Census Tract 845,G5020,S,726827,0,39.6561257,-104.7851302,U
241,08005084600,0.319961796,0.131614136,0.185641026,0.044015826,0.14269341,8.66205601092896,76.49414,0.244813737,829.530417940795,2100290.4320097803,32.0,0.015556636,0.133048339,0.961962895,0.109828148,2.46854713788141,302.44676129274814,8.24698973827459,0.0,8,5,84600,08005084600,846.0,Census Tract 846,G5020,S,2059744,0,39.6342768,-104.8028884,U
242,08005084700,0.419426946,0.100428659,0.208205128,0.004091175,0.097947572,8.7521806010929,76.46751,0.248741996,866.2474593588056,2001219.7064854847,7.0,0.003901895,0.134641674,1.087061760506746,0.142517067,3.991929417490859,564.3331668522619,8.255646809875241,0.0,8,5,84700,08005084700,847.0,Census Tract 847,G5020,S,1738397,0,39.6455712,-104.8038517,U
243,08005084800,0.390516782,0.089257082,0.191794872,0.038297872,0.038359084,8.54166366120219,76.25119999999998,0.193518215,721.7862664904518,1124678.7138014676,6.0,0.004954583,0.226242529,1.137902276589096,0.135853136,0.210962395,202.37906741892556,8.364603826355346,0.0,8,5,84800,08005084800,848.0,Census Tract 848,G5020,S,1492529,0,39.6281025,-104.7662408,U
244,08005084900,0.280549746,0.066925605,0.167179487,0.009250694,0.104272483,8.50245218579235,76.55816,0.210019127,769.2018236927845,1930964.9632301475,10.0,0.009250694,0.128180066,0.720672726,0.09630041,0.601290974,399.8104789420918,7.752243341063042,0.0,8,5,84900,08005084900,849.0,Census Tract 849,G5020,S,1679918,0,39.6150848,-104.8031938,U
245,08005085000,0.416323474,0.182328716,,0.062565172,0.076750281,8.41879808743169,76.56494,0.211667437,748.2165895,2078463.4946345268,0.0,0.0,0.118200812,0.663371259,0.0,1.134235122820974,504.48303197941806,8.052964210510254,0.0,8,5,85000,08005085000,850.0,Census Tract 850,G5020,S,3622741,0,39.6032189,-104.803791,U
246,08005085100,0.426674713,0.043904647,,0.045572242,0.044508147,8.37210163934426,76.40587999999998,0.200555432,688.224880981477,1507224.5585319777,0.0,0.0,0.151937661,0.664335096,0.069507356,0.442524287,328.8221807608087,8.087154885408973,0.0,8,5,85100,08005085100,851.0,Census Tract 851,G5020,S,3739599,0,39.6032796,-104.777446,U
247,08005085200,0.240797546,0.024846626,0.125128205,0.015238095,0.095398773,8.2969825136612,76.17194999999998,0.169382413,631.7479655660172,1102308.474107389,0.0,0.0,0.200305165,0.590569527,0.10722714,1.569751193275069,238.1422879951024,8.57494582447599,0.0,8,5,85200,08005085200,852.0,Census Tract 852,G5020,S,3603158,0,39.6008957,-104.7522575,U
248,08005085300,0.340843916,0.102935097,0.167179487,0.048138056,0.093404342,8.22781557377049,75.97656999999998,0.156358428,583.781296,937631.8864578595,0.0,0.0,0.219472666,0.532859776,0.107420313,1.562515426008623,154.064701091075,9.18205451965332,0.0,8,5,85300,08005085300,853.0,Census Tract 853,G5020,S,1818798,0,39.5984575,-104.7267587,U
249,08005085400,0.375435005,0.033401639,0.179487179,0.015456989,0.112939724,8.47999016393443,76.20792,0.192937951,699.2759985914041,1188195.53982238,22.0,0.014784946,0.215340249,0.8772895,0.125151287,1.343214736145153,215.46213958440404,8.296400822357054,0.0,8,5,85400,08005085400,854.0,Census Tract 854,G5020,S,1887857,0,39.6199595,-104.7650013,U
250,08005085500,0.194672131,0.099105812,0.139487179,0.023622047,0.083442225,8.48481967213115,76.48167999999998,0.200420823,725.612955972361,1670079.456187114,23.0,0.012935883,0.160304672,0.838444887,0.108419534,0.795614,298.1553928141411,8.017679811020129,0.0,8,5,85500,08005085500,855.0,Census Tract 855,G5020,S,2178317,0,39.6164538,-104.7830848,U
251,08005085600,0.225600927,0.069327119,0.166153846,0.005489478,0.083984941,8.42472677595628,76.25736999999998,0.198619436,679.2091068019956,1235056.7357667924,0.0,0.0,0.192734885,0.729053724,0.113043952,1.533611411518604,255.76421351254217,8.165344818625892,0.0,8,5,85600,08005085600,856.0,Census Tract 856,G5020,S,1281725,0,39.6118627,-104.765211,U
252,08005085700,0.471159684,0.167172637,0.198974359,0.060413355,0.113929229,8.60385191256831,76.32787,0.207477072,771.334719601271,1667090.3259880915,0.0,0.0,0.167210196,1.174755709257929,0.121500691,1.428540067187821,249.39163486519976,8.198245412944623,0.0,8,5,85700,08005085700,857.0,Census Tract 857,G5020,S,1679297,0,39.6301213,-104.7843603,U
253,08005085800,0.284502262,0.063636364,0.193846154,0.0125,0.117647059,8.61218005464481,76.23944,0.213786947,753.3366227,1456501.9875569267,7.0,0.010324484,0.239602904,2.02050466808776,0.149993424,1.903813323459858,173.31329241655453,8.462462425231934,0.0,8,5,85800,08005085800,858.0,Census Tract 858,G5020,S,975972,517614,39.6358131,-104.7715859,U
254,08005085900,0.498785425,0.127865038,,0.029567854,0.048865215,8.52201639344262,76.0347,0.163764449,677.2891010699393,891136.1210568286,12.0,0.00422982,0.532271205,0.767187262,0.166924286,0.774029747,118.2158669110731,8.865242687319695,0.0,8,5,85900,08005085900,859.0,Census Tract 859,G5020,S,4713596,0,39.6323651,-104.7377243,U
255,08005086001,0.414768959,0.081361928,,0.017817372,0.074107143,8.37658797814208,76.02798,0.161237427,627.6387771083748,734692.3768394621,38.0,0.027456647,0.371327842,0.575799926,0.136352297,0.0,100.44871200921403,9.190168393097988,0.0,8,5,86001,08005086001,860.01,Census Tract 860.01,G5020,S,1650522,0,39.6174141,-104.7294368,U
256,08005086002,0.4598678,0.247403211,,0.0,0.08687441,8.36129836065574,75.88867999999998,0.16105672,612.1118584338961,782374.3654402373,8.0,0.005809731,0.380218876,0.480079699,0.133876065,0.603099671,87.57652290262284,9.246704841712852,0.0,8,5,86002,08005086002,860.02,Census Tract 860.02,G5020,S,1721438,0,39.6182496,-104.7197907,U
257,08005086100,0.376127974,0.079224262,,0.040290621,0.071648532,8.32777404371585,76.08737999999998,0.161086081,620.6620574284397,890760.1414665205,10.0,0.006385696,0.284539444,0.57597437,0.123856988,1.021312152489964,130.6559132107207,8.53620106237651,0.0,8,5,86100,08005086100,861.0,Census Tract 861,G5020,S,1891698,0,39.6102602,-104.7345005,U
258,08005086200,0.331453825,0.095397745,0.152820513,0.034354689,0.048183498,8.43575273224044,76.12348,0.161324543,664.882872769309,901693.6811153992,33.0,0.015320334,0.299257102,0.715732108,0.13639786,0.820137493,148.02154632487407,8.915975001180415,0.0,8,5,86200,08005086200,862.0,Census Tract 862,G5020,S,2214610,8158,39.618715,-104.7456523,U
259,08005086300,0.444467297,0.241294045,0.151794872,0.037962038,0.074657818,8.28155,76.52065,0.205707893,720.696432697135,1794629.4621246387,10.0,0.004625347,0.110090374,0.524755143,0.0,0.765626788,741.8398742429086,8.635607829986135,0.0,8,5,86300,08005086300,863.0,Census Tract 863,G5020,S,5023391,0,39.5879977,-104.7908103,U
260,08005086400,0.14203051,0.06838506,,0.01920439,0.088900579,8.18678142076503,76.27002,0.190145824,631.5347380222993,1099903.5535827633,4.0,0.005347594,0.135837352,0.508656491,0.058539344,0.0,329.1457258462779,7.15516137698715,0.0,8,5,86400,08005086400,864.0,Census Tract 864,G5020,S,8050955,0,39.5824685,-104.7650761,U
261,08005086500,0.369561013,0.147649698,0.166153846,0.0,0.056853583,8.12695601092896,76.1359,0.155666952,577.6249317862455,805485.3766412552,0.0,0.0,0.174983238,0.491130854,0.084046817,0.728452011,177.01637535235807,8.624737791069599,0.0,8,5,86500,08005086500,865.0,Census Tract 865,G5020,S,6067685,0,39.5797511,-104.7470027,R
262,08005086600,0.24545878,0.06675982,,0.012123311,0.112404906,8.05163879781421,75.99245,0.154938664,546.3986089700965,661543.4887471193,15.0,0.00489716,0.160355478,0.303543809,0.049989487,0.879836347,136.670692532926,7.193854881845279,0.037683188,8,5,86600,08005086600,866.0,Census Tract 866,G5020,S,7405099,0,39.5765169,-104.7248669,U
263,08005086700,0.201944322,0.070374236,0.183589744,0.003960396,0.068640448,8.00176721311475,75.77786999999998,0.120799292,516.3899192504995,461436.4028789892,0.0,0.0,0.160857706,0.297275823,0.045871362,0.475316142,69.36110017542725,7.899454463482686,0.01383328,8,5,86700,08005086700,867.0,Census Tract 867,G5020,S,6119712,0,39.5787351,-104.6958421,U
264,08005086801,0.460216998,0.276829268,0.206153846,0.093607306,0.072332731,9.10262786885246,76.79949999999998,0.311887118,1433.6879168705664,3856068.9458077946,0.0,0.0,0.371944426,0.567272376,1.349548657285223,9.132192543304338,2887.5423877729218,7.895397831579883,0.0,8,5,86801,08005086801,868.01,Census Tract 868.01,G5020,S,941468,0,39.6935074,-104.894313,U
265,08005086802,0.622671298,0.18708452,0.206153846,0.016047297,0.196716135,9.1243825136612,76.79228,0.311550684,1321.2754582763837,3246703.9813358085,54.0,0.04112719,0.342085451,0.510993944,1.010719919596851,0.0,2784.319270879794,7.53991267147569,0.0,8,5,86802,08005086802,868.02,Census Tract 868.02,G5020,S,767982,0,39.6931706,-104.8803123,U
266,08005086900,0.620245583,0.46720575,,0.145392491,0.091291291,9.080378415300547,76.80898,0.311202442,1335.0683799384803,3214922.549339895,44.0,0.027465668,0.227998345,0.441112485,0.747502767,1.191403608130806,2642.9052938858667,7.367150021274065,0.0,8,5,86900,08005086900,869.0,Census Tract 869,G5020,S,733046,0,39.6856875,-104.8800164,U
267,08005087000,0.649731516,0.363279637,,0.145701357,0.069805865,9.121868032786892,76.70836,0.311464466,1238.1445406890757,3040049.0603674315,31.0,0.013408304,0.270170859,0.559292533,0.455937914,5.012029994833447,2667.7905901383583,7.744699055640194,0.0,8,5,87000,08005087000,870.0,Census Tract 870,G5020,S,964300,0,39.6910917,-104.8706144,U
268,08005087100,0.564112588,0.287333855,0.224615385,0.143180106,0.186473808,9.05344890710382,76.86082,0.31086475,1255.10430703708,3111110.268005274,46.0,0.031485284,0.1104767,0.498602099,0.362700577,5.746401036422147,2429.21574137799,7.717193706287017,0.0,8,5,87100,08005087100,871.0,Census Tract 871,G5020,S,982355,0,39.6799125,-104.8700942,U
269,08005087200,0.324278023,0.219685812,0.182564103,0.066978193,0.100883652,9.01655027322404,76.96155,0.317877507,1412.3693053665331,3620682.4569391566,29.0,0.012929113,0.257418812,0.505434676,0.991714315,6.022258785292046,2635.2996561692344,7.497450489664812,0.0,8,5,87200,08005087200,872.0,Census Tract 872,G5020,S,2418668,0,39.6801887,-104.8894393,U
270,08005087301,0.472171625,0.1625,0.165128205,0.062234043,0.16352459,8.92081967213115,77.04125999999998,0.311254445,1409.9469283940127,3714179.097981908,103.0,0.046229803,0.128177101,0.36327774,0.940116796,3.49070131461422,999.79848662232,7.117014193213894,0.0,8,5,87301,08005087301,873.01,Census Tract 873.01,G5020,S,526348,0,39.6695726,-104.8981221,U
271,08005087302,0.258077073,0.350720125,0.165128205,0.028343667,0.09614636,8.94784754098361,76.94409,0.311126043,1369.9745635252448,3433575.865776889,23.0,0.019118869,0.178158817,0.447855056,0.879161127,2.978257520640156,1706.6415183824329,7.180407005588902,0.0,8,5,87302,08005087302,873.02,Census Tract 873.02,G5020,S,1717957,0,39.6708247,-104.8857915,U
272,08005980000,0.0,0.215686275,0.192820513,0.0,0.137254902,8.6832806010929,76.86844999999998,0.30668681,972.7166392,3645441.9116924456,0.0,0.0,0.083392806,0.696094592,0.168457813,2.105448368201453,584.9707283717862,7.251480102539062,0.0,8,5,980000,08005980000,9800.0,Census Tract 9800,G5020,S,12408112,3517762,39.6451989,-104.8381916,R
273,08007940400,0.424710425,0.324324324,0.181538462,0.010118044,0.211612903,4.91538333333333,64.33663,0.00978598,1.58197e-07,12732.23483962903,82.0,0.087141339,0.0,0.0,0.0,0.002884276,1482.801040396705,1.979668712132798,0.0,8,7,940400,08007940400,9404.0,Census Tract 9404,G5020,S,1022633893,11004752,37.1226363,-107.252314,R
274,08007974201,0.183179724,0.160300926,0.186666667,0.0,0.100806452,4.65718142076503,63.67256,0.010301574,0.0,14755.460162673107,13.0,0.009544787,0.0,0.0,0.0,0.129502391,3294.155907401701,2.217461534654662,0.0,8,7,974201,08007974201,9742.01,Census Tract 9742.01,G5020,S,56162361,351699,37.2731463,-107.1497672,R
275,08007974202,0.14742968,0.249569284,0.186666667,0.0,0.161457051,4.67624699453552,63.5578,0.026495732,0.0,35632.90980981841,104.0,0.033898305,0.0,0.0,0.0,0.222812183,8429.33599894363,6.829459031090874,0.0,8,7,974202,08007974202,9742.02,Census Tract 9742.02,G5020,S,18365298,848846,37.259163,-107.0951097,R
276,08007974300,0.300973428,0.341950959,0.099487179,0.0,0.176220807,4.70419672131148,63.76649,0.01111551,2.41254e-07,37331.41485281928,140.0,0.059676044,0.0,0.0,0.0,0.143189636,2924.738123673686,3.162595446772436,0.715199252,8,7,974300,08007974300,9743.0,Census Tract 9743,G5020,S,934707546,629055,37.2858561,-107.1938599,R
277,08007974400,0.238884045,0.43679163,0.166153846,0.020021075,0.114285714,4.4271781420765,63.39966,0.008256006,0.0,46145.01128888432,215.0,0.114727855,0.007901259,0.0,0.0,0.056988441,1028.1051932407936,2.042910512501602,0.0,8,7,974400,08007974400,9744.0,Census Tract 9744,G5020,S,1464843066,905895,37.2103231,-106.8032202,R
278,08009964600,0.152050473,0.511283043,0.139487179,0.0,0.215473146,5.40850071038251,56.79449,0.022180042,0.0,5835.866165655379,391.0,0.395348837,0.0,0.095508815,0.022322608,0.028045815,0.0,3.657162500869117,0.334571543,8,9,964600,08009964600,9646.0,Census Tract 9646,G5020,S,5290600793,1181758,37.1566605,-102.2951766,R
279,08009964700,0.193615908,0.536956522,0.219487179,0.008413462,0.138586957,5.38936901639344,57.09684,0.021998703,0.0,56564.60798953284,363.0,0.364457831,0.0,0.063495977,0.185549367,0.023260589,0.0,3.335176780897584,1.0,8,9,964700,08009964700,9647.0,Census Tract 9647,G5020,S,1326799774,4960434,37.4208335,-102.6053111,R
280,08011966701,0.612320765,0.692810458,0.2,0.027027027,0.218954248,5.66717213114754,60.3504,0.042777209,1.407e-05,32499.34341461216,178.0,0.528189911,0.0,0.0,0.0,0.485934751,104.16677735611104,5.046916007995605,0.0,8,11,966701,08011966701,9667.01,Census Tract 9667.01,G5020,S,11037200,938237,38.0603478,-103.2000992,R
281,08011966702,0.37656335,0.452512424,0.2,0.006613757,0.208448371,5.52584043715847,59.65366,0.03501076,0.000556859,40886.943900940285,859.0,0.47353914,0.0,0.021074931,0.0,0.958244342,71.94964729098378,4.208860756970815,2.024966450870803,8,11,966702,08011966702,9667.02,Census Tract 9667.02,G5020,S,3907217948,72203281,37.9318907,-103.0775841,R
282,08013012101,0.085124315,0.07394887,,0.005623243,0.06972322,7.21630573770492,74.63328,0.060366347,2883.350878128312,952832.0424801176,1352.0,0.581005587,0.040582415,0.190658738,2.106896860421272,0.854214603,10598.36792137676,8.234582487536501,0.0,8,13,12101,08013012101,121.01,Census Tract 121.01,G5020,S,2975938,0,40.0297523,-105.2897946,R
283,08013012103,0.145323741,0.136851261,,0.0,0.082611207,7.43885655737705,74.54193999999998,0.060100557,2712.7089189511807,1174855.7482369998,123.0,0.076160991,0.045712562,0.248011781,2.615386326917535,3.661228537028763,13544.808295666922,8.94884282610235,0.0,8,13,12103,08013012103,121.03,Census Tract 121.03,G5020,S,2307673,650,40.0461571,-105.2684267,U
284,08013012104,0.231612608,0.131989001,0.164102564,0.0,0.071265418,7.24431830601093,74.24416999999998,0.045251226,2571.091393355964,712341.8421266713,28.0,0.027586207,0.0,0.165216498,1.751421153308772,0.195474744,10031.402637595516,7.138538116632506,0.0,8,13,12104,08013012104,121.04,Census Tract 121.04,G5020,S,2700655,96592,40.0507733,-105.286974,R
285,08013012105,0.355657107,0.239594873,0.147692308,0.040109034,0.085660199,7.34782021857924,74.40264,0.05404426,2581.400911073248,836902.612193889,149.0,0.057110004,0.0,0.181945373,1.917335378874262,0.427924499,11025.68555061706,7.819709645309391,0.0,8,13,12105,08013012105,121.05,Census Tract 121.05,G5020,S,2471067,470,40.0502082,-105.2772891,R
286,08013012106,0.193885449,0.167772142,0.176410256,0.036440678,0.059695669,7.32104972677596,74.71326999999998,0.082997204,2865.5443733046427,1217882.4317661005,493.0,0.412552301,0.098054162,0.229420803,2.62024545970887,1.597187679516684,12065.192160263185,10.023443172318595,0.0,8,13,12106,08013012106,121.06,Census Tract 121.06,G5020,S,1229680,0,40.0293932,-105.2771207,U
287,08013012107,0.274768824,0.305505005,0.176410256,0.059838275,0.136487716,7.42860409836066,74.82898,0.093201269,2876.8151091633326,1538395.7805956455,584.0,0.30656168,0.104261786,0.300447767,3.485086672843213,9.271545603877644,14418.691222844314,10.355305933725267,0.0,8,13,12107,08013012107,121.07,Census Tract 121.07,G5020,S,1652360,0,40.030283,-105.2657638,U
288,08013012201,0.140642303,0.396834213,,0.008,0.047342193,7.09241775956284,74.89387,0.063734163,3165.6121304282024,1051362.0313478727,770.0,0.455082742,0.108287599,0.192543138,2.232718584873504,0.37086381,10562.261150053504,7.795577999369158,0.0,8,13,12201,08013012201,122.01,Census Tract 122.01,G5020,S,5303265,0,40.0076824,-105.3022312,U
289,08013012204,0.134501417,0.491732177,,0.018151815,0.079729026,7.28756366120219,74.87549,0.073064401,3060.2669897749856,1498421.8591985623,465.0,0.226718674,0.107730568,0.223069089,2.695216816645068,3.225255056444075,11672.716571064911,9.431064179286594,0.0,8,13,12204,08013012204,122.04,Census Tract 122.04,G5020,S,1393752,0,40.0176123,-105.2791597,U
290,08013012205,0.282627485,0.552866609,,0.044960474,0.081820801,7.38867049180328,74.9319,0.093229322,3007.077897292376,1733673.4731036967,497.0,0.231701632,0.112830795,0.293978687,3.878243623069284,5.016251711387216,13899.285381523827,10.28228260855678,0.0,8,13,12205,08013012205,122.05,Census Tract 122.05,G5020,S,606093,0,40.0204431,-105.2681669,U
291,08013012206,0.237336369,0.657620042,,0.018615474,0.059953434,7.43231584699454,75.02514999999998,0.093261057,3059.616544862911,1879204.0452665729,389.0,0.224466244,0.120626634,0.310241033,4.689115237938493,5.361941933027353,14371.920313719773,10.236701311925769,0.0,8,13,12206,08013012206,122.06,Census Tract 122.06,G5020,S,1021887,0,40.0164294,-105.2626048,U
292,08013012207,0.330387931,0.348239361,0.148717949,0.024956971,0.07036155,7.62579918032787,74.77969,0.093232842,2927.3423695072247,1561123.009669858,215.0,0.083918813,0.108983112,0.481394481,5.005776170984207,9.884886236669718,19929.599959812887,10.080824823206818,0.0,8,13,12207,08013012207,122.07,Census Tract 122.07,G5020,S,1815054,158791,40.0346211,-105.244796,U
293,08013012208,0.1606814,0.267840593,0.148717949,0.040190736,0.068118628,7.63189316939891,75.02491999999998,0.093257256,3055.8696068432623,1926807.0558910088,10.0,0.005834306,0.117706734,0.45614602,6.050082444274195,9.448258627016532,17974.541813508396,10.478204032031597,0.0,8,13,12208,08013012208,122.08,Census Tract 122.08,G5020,S,4694848,34031,40.0211401,-105.2391418,U
294,08013012300,0.344605475,0.554640719,,0.166139241,0.047870004,7.39550464480874,75.17628999999998,0.092553251,3185.5289544857633,1616889.8691112192,57.0,0.077235772,0.197310579,0.275950162,4.901718913229614,7.89937331750225,13535.076092771227,10.028110594937916,0.0,8,13,12300,08013012300,123.0,Census Tract 123,G5020,S,1418926,8081,40.0071485,-105.2678794,U
295,08013012401,0.149243652,0.81247169,,0.016354016,0.056196552,7.3121193989071,75.17645,0.074127413,3276.380385194964,1328876.385070562,1118.0,0.488636364,0.157327677,0.227647252,3.106290198870369,3.257781051500775,11929.551645594844,9.062488391067594,0.0,8,13,12401,08013012401,124.01,Census Tract 124.01,G5020,S,1118147,0,40.0040854,-105.2753824,U
296,08013012501,0.096981891,0.178672032,0.135384615,0.024075666,0.046277666,7.80010601092896,75.74333,0.122987376,3716.167338350728,1624092.9308443868,68.0,0.057383966,0.336424226,0.340604619,2.893331386517805,1.425471477019835,19907.93634002832,8.424434032255006,0.0,8,13,12501,08013012501,125.01,Census Tract 125.01,G5020,S,3430635,24163,39.9901057,-105.2202002,R
297,08013012505,0.1922802,0.112541726,0.115897436,0.006922593,0.086252085,7.18258087431694,75.47502,0.071273652,3536.610516495649,1037731.4484848984,468.0,0.276432369,0.277350865,0.210598497,2.406154555226881,3.531176364741854,11921.334830091822,7.225610795174731,0.0,8,13,12505,08013012505,125.05,Census Tract 125.05,G5020,S,15085913,10340,39.9870088,-105.2999647,U
298,08013012507,0.239640539,0.43664084,0.167179487,0.0,0.052736816,7.51447759562842,75.53360999999998,0.078238882,3527.1669728299275,1532744.4343336192,701.0,0.389877642,0.298495351,0.264146843,2.889862677019696,7.00504911804026,14475.364837791456,9.38912757670847,0.0,8,13,12507,08013012507,125.07,Census Tract 125.07,G5020,S,1639851,0,39.9918955,-105.2506161,U
299,08013012508,0.236111111,0.232936508,,0.004251701,0.071031746,7.65158469945355,75.84802999999998,0.07826792,3905.9787817093497,1284279.6555475015,243.0,0.205236486,0.380349673,0.219863434,2.106190330436543,2.063440370757291,13672.2407862809,7.750149321911458,0.040165702,8,13,12508,08013012508,125.08,Census Tract 125.08,G5020,S,3490514,55031,39.9761681,-105.2348888,U
300,08013012509,0.117231222,0.093527316,0.131282051,0.007194245,0.079572447,7.4893412568306,75.76989,0.078269854,3856.9850537673087,863310.6679063095,73.0,0.055767762,0.351111823,0.189710431,1.836963410937014,0.579257133,11769.702012898071,7.596916565616615,0.0,8,13,12509,08013012509,125.09,Census Tract 125.09,G5020,S,1764488,51241,39.9779451,-105.2504381,U
301,08013012510,0.098092643,0.139699864,0.144615385,0.0,0.047138965,7.16522240437159,76.01180999999998,0.072775684,4103.372372591478,636399.8214797205,156.0,0.082018927,0.38383163,0.155740887,1.558401368381643,0.086947082,10144.970189482065,6.390816408928593,0.885047149,8,13,12510,08013012510,125.1,Census Tract 125.10,G5020,S,50711627,87793,39.9529586,-105.2704198,R
302,08013012511,0.251635005,0.304487179,0.173333333,0.008781559,0.116238503,7.61749890710383,75.55755,0.078238936,3516.934657680676,1481023.8687710722,94.0,0.04921466,0.29650559,0.323201635,3.197369199150152,7.816547828824776,16886.057021620087,9.711023757704735,0.0,8,13,12511,08013012511,125.11,Census Tract 125.11,G5020,S,1923218,11251,39.9937073,-105.2411617,U
303,08013012603,0.171732074,0.1171437,0.114871795,0.004360465,0.08881676,7.71718989071038,75.3741,0.101361957,3374.233184014121,1438278.4442471336,136.0,0.092265943,0.19138096,0.795966025,6.32425194333444,2.174201046725975,26406.421169773414,8.82093483576111,0.0,8,13,12603,08013012603,126.03,Census Tract 126.03,G5020,S,1763562,0,40.0082506,-105.2319886,U
304,08013012605,0.21686747,0.69904548,,0.032425422,0.032477737,7.54614808743169,75.16874,0.093294137,3207.185826236764,1822210.4045939983,122.0,0.14987715,0.138456241,0.434015439,6.509079833983232,3.78421837587382,17533.122831155833,10.458022758125336,0.0,8,13,12605,08013012605,126.05,Census Tract 126.05,G5020,S,1213031,0,40.0110267,-105.2494564,U
305,08013012608,0.278787879,0.314637483,0.242051282,0.011178862,0.050297211,7.61035628415301,75.40132,0.084847793,3391.071393,1447140.4631646422,19.0,0.017707363,0.26410193,0.444908058,4.355161926801323,4.099994799903899,19408.307081426927,9.130828857421877,0.0,8,13,12608,08013012608,126.08,Census Tract 126.08,G5020,S,879737,0,40.0035322,-105.2419783,U
306,08013012609,0.268877911,0.538461538,,0.018041237,0.014114326,7.5262806010929,75.33838,0.08586905,3317.931134,1615949.769057538,84.0,0.108247423,0.249598778,0.380141683,4.752477608635227,6.49631970905808,16898.15413694739,10.076016426086426,0.0,8,13,12609,08013012609,126.09,Census Tract 126.09,G5020,S,332661,0,40.0036607,-105.2507561,U
307,08013012610,0.313346228,0.748568702,,0.004979253,0.078473878,7.48330300546448,75.30856,0.09067935,3299.6579490476,1870633.794732872,139.0,0.049892319,0.195411816,0.328335751,5.197657783966355,9.504556162809775,15371.20285407935,10.510173911851629,0.0,8,13,12610,08013012610,126.1,Census Tract 126.10,G5020,S,390612,0,40.0040178,-105.2558459,U
308,08013012701,0.144969409,0.165654814,0.17025641,0.015500795,0.055333912,7.74488797814208,73.99272999999998,0.063639939,2655.200737397116,962413.5692783502,82.0,0.031894205,0.031641947,0.263480808,2.57324877776546,2.052148441609594,14092.135772984122,7.631012961002704,0.0,8,13,12701,08013012701,127.01,Census Tract 127.01,G5020,S,46715929,3674324,40.083692,-105.2399,R
309,08013012705,0.14200299,0.180950599,0.142564103,0.0,0.118650422,8.01521530054645,74.48165,0.129108031,2805.901473336513,727762.8796794121,36.0,0.012199254,0.0,0.242515868,2.199319830921563,1.743059817341595,21098.774659685543,7.581183523547892,0.0,8,13,12705,08013012705,127.05,Census Tract 127.05,G5020,S,4347056,132676,40.0613388,-105.2101787,R
310,08013012707,0.219490781,0.358730159,0.180512821,0.005988024,0.282539683,8.26259344262295,75.06241,0.135405766,3087.902352965217,941711.3883915768,143.0,0.194822888,0.114516501,0.453804251,4.001210223839246,0.817060878,36925.02934781666,6.377231490093728,1.370579448069817,8,13,12707,08013012707,127.07,Census Tract 127.07,G5020,S,30447923,4297149,40.0339227,-105.1840604,U
311,08013012708,0.139661017,0.086316266,0.161025641,0.0,0.065536723,8.22347431693989,74.45085,0.126103412,3702.769353848853,624639.9976675499,26.0,0.012633625,0.0,0.251743178,1.97569072069962,0.929370091,26415.83239522249,5.597859757761235,0.0,8,13,12708,08013012708,127.08,Census Tract 127.08,G5020,S,5656856,24958,40.0644987,-105.186649,U
312,08013012709,0.110659898,0.197461929,0.140512821,0.0,0.081725888,8.57003715846995,74.64562999999998,0.125408032,2765.188452,564793.2252861856,16.0,0.01980198,0.0,0.251130601,2.021735404978334,0.0,32674.846265436205,6.071820735931396,0.0,8,13,12709,08013012709,127.09,Census Tract 127.09,G5020,S,9706906,154534,40.0579438,-105.1579995,R
313,08013012710,0.11031106,0.070852535,0.140512821,0.0,0.067396313,8.09886530054645,75.818,0.141966671,3754.675472459488,992610.3497915064,163.0,0.104487179,0.361929557,0.368857805,2.962339902757584,0.759880347,31358.51450710171,7.987693135545198,0.0,8,13,12710,08013012710,127.1,Census Tract 127.10,G5020,S,19229544,1126339,39.9895369,-105.1913668,R
314,08013012801,0.231553342,0.070500928,0.092307692,0.033946701,0.052241399,9.05290846994536,75.28369999999998,0.188279761,2822.0835351634546,498968.1530543483,0.0,0.0,0.01489624,0.015960735,0.465583977,0.463584571,12062.437426049502,6.235499912895557,0.0,8,13,12801,08013012801,128.01,Census Tract 128.01,G5020,S,15253511,413350,40.0260573,-105.0908206,R
315,08013012802,0.160088365,0.091605302,0.092307692,0.005843072,0.046244477,9.08132049180328,74.77758,0.191314455,2452.541664102612,357802.966498111,16.0,0.006677796,0.0,0.063387567,0.421702729,0.477644927,10767.294429842652,4.768185978134473,0.0,8,13,12802,08013012802,128.02,Census Tract 128.02,G5020,S,24043513,1051668,40.0527261,-105.094203,R
316,08013012903,0.189465409,0.044470681,0.148717949,0.0,0.088362919,8.8291412568306,75.51173,0.159292177,3410.885680818142,714661.5483964721,6.0,0.005660377,0.116247163,0.108823334,1.052041521538894,2.24743310707041,14321.608542384034,8.292397000723415,0.0,8,13,12903,08013012903,129.03,Census Tract 129.03,G5020,S,3872983,9020,40.0043586,-105.1136639,U
317,08013012904,0.173856209,0.085006693,0.173333333,0.0,0.112516644,8.82287896174863,75.77366,0.160980455,3648.837272568384,851892.487995662,11.0,0.003971119,0.21966461,0.070183193,0.943570504,2.677327371003606,11902.265150651974,9.591054389128743,0.0,8,13,12904,08013012904,129.04,Census Tract 129.04,G5020,S,3135349,264951,39.9916258,-105.1121571,U
318,08013012905,0.215649569,0.185408048,0.163076923,0.0,0.157618869,8.98072349726776,75.72007999999998,0.160957765,3375.808306422112,928654.5115281518,365.0,0.260156807,0.102804775,0.0,0.576844501,11.332670003913094,11021.037400949568,9.188813052641224,0.0,8,13,12905,08013012905,129.05,Census Tract 129.05,G5020,S,1343391,0,39.9942394,-105.0959958,U
319,08013012907,0.242284396,0.068358812,,0.0,0.090279781,9.143358469945348,75.49666999999998,0.187410793,3057.3990540116865,719868.617349778,148.0,0.098469727,0.037955306,0.0,0.504024548,6.511240646842305,12167.37154193114,8.100015797877749,0.0,8,13,12907,08013012907,129.07,Census Tract 129.07,G5020,S,6492377,59196,40.0111446,-105.0792227,R
320,08013013003,0.151359394,0.103070472,0.144615385,0.0,0.082239957,8.51023989071038,75.69065999999998,0.142116143,3790.621526351243,857617.8447679456,57.0,0.01776808,0.242701334,0.131226651,1.52144240305132,0.93547208,16429.599413366006,8.529681299647661,0.0,8,13,13003,08013013003,130.03,Census Tract 130.03,G5020,S,12258156,74058,40.0013996,-105.1513933,U
321,08013013004,0.367840095,0.059367542,0.173333333,0.0,0.055190931,8.44391612021858,75.99333,0.139286823,4178.476657979785,854011.5299149324,0.0,0.0,0.348499242,0.13342941,1.55916769070739,0.290869726,14653.840079705637,9.592251647940405,0.0,8,13,13004,08013013004,130.04,Census Tract 130.04,G5020,S,1999004,112408,39.9804585,-105.1574112,U
322,08013013005,0.137664844,0.124758221,0.134358974,0.0,0.051007147,8.6019956284153,75.95791,0.141960692,4183.818616005654,820864.8436676358,350.0,0.275157233,0.299573295,0.115012985,1.558139871015769,1.702556826136638,12647.128326760232,9.360697090726845,0.0,8,13,13005,08013013005,130.05,Census Tract 130.05,G5020,S,1940404,923,39.979605,-105.1409438,U
323,08013013006,0.202369036,0.129951121,0.144615385,0.006243996,0.058654981,8.50812950819672,76.16274,0.147920287,4460.962932617769,836004.2333318733,116.0,0.055715658,0.370706988,0.115742629,1.615434932588452,1.121648099286329,11909.829165994583,8.7891232242394,0.0,8,13,13006,08013013006,130.06,Census Tract 130.06,G5020,S,3174558,12053,39.9695757,-105.1432708,U
324,08013013201,0.215893431,0.245841035,0.194871795,0.0,0.117212737,8.83371530054645,72.47875999999998,0.126505984,67.90164498,541298.6430820242,16.0,0.017660044,0.0,0.482921982,0.918627363,0.025456483,148.12074642640894,6.253482341766357,0.0,8,13,13201,08013013201,132.01,Census Tract 132.01,G5020,S,58577698,3903991,40.2307503,-105.1083,R
325,08013013202,0.056603774,0.133962264,,0.0,0.077987421,7.87715710382514,73.20444999999998,0.081082568,1330.9597904204495,230924.50685707165,93.0,0.1485623,0.0,0.117364847,0.845368156,0.0,3415.0519372842145,4.667899751766943,0.0,8,13,13202,08013013202,132.02,Census Tract 132.02,G5020,S,63330974,2252651,40.1394325,-105.2343456,R
326,08013013205,0.087805841,0.11723587,,0.0,0.096487766,8.62340382513661,74.19343,0.131629305,2645.1709227512665,479173.9727119196,74.0,0.037018509,0.0,0.278494067,1.750091393876375,0.158656552,12645.312218494768,7.74694459708004,0.0,8,13,13205,08013013205,132.05,Census Tract 132.05,G5020,S,22817209,23594,40.0939236,-105.1418024,R
327,08013013207,0.151377306,0.140688259,0.13025641,0.00284576,0.102479757,8.54964207650273,72.85002,0.101244472,105.56273966017524,538915.8059837688,18.0,0.009682625,0.0,0.242338484,0.946421464,0.087044161,3.128596083168819,9.169641723089647,0.0,8,13,13207,08013013207,132.07,Census Tract 132.07,G5020,S,5458985,1060972,40.1905286,-105.1535318,R
328,08013013208,0.178073707,0.160438862,0.177435897,0.007410152,0.189600507,8.68733224043716,73.04907,0.122545322,115.75663362426268,572214.1817102118,77.0,0.028529085,0.0,0.320852512,1.314462312187204,0.870867511,4.328691425758848,7.664521613974629,0.0,8,13,13208,08013013208,132.08,Census Tract 132.08,G5020,S,3229327,33975,40.1819596,-105.1433975,U
329,08013013210,0.39888306,0.315049941,0.187692308,0.03678606,0.119647995,8.95890683060109,73.56317,0.162746299,1890.1036706117752,837057.865092058,98.0,0.045623836,0.0,1.054651222518233,3.328316125842215,4.051172486791197,1025.380723077544,9.22402432770946,0.0,8,13,13210,08013013210,132.1,Census Tract 132.10,G5020,S,5592268,222071,40.148595,-105.1180846,R
330,08013013211,0.286218562,0.115016914,0.150769231,0.007642339,0.117223121,9.169740710382507,74.04187,0.178247142,1933.816207594576,618512.5278350046,108.0,0.038961039,0.0,0.784611098,2.08281501965657,0.794687652,2441.25900083508,8.041416290638562,0.0,8,13,13211,08013013211,132.11,Census Tract 132.11,G5020,S,52397086,2388103,40.1098622,-105.0886721,R
331,08013013212,0.201749034,0.117418828,0.181538462,0.027906977,0.096161699,8.73105027322404,73.40796,0.15122169,1862.1115761248093,607257.8415668042,43.0,0.018614719,0.0,0.615165602,2.910558057618307,1.009329238179585,948.9382288372032,8.522692719828399,0.0,8,13,13212,08013013212,132.12,Census Tract 132.12,G5020,S,8482063,590332,40.1541427,-105.1415658,U
332,08013013214,0.20520888,0.098584164,0.187692308,0.01188455,0.056607111,8.48772295081967,73.82387,0.124285582,2115.702972468954,443306.43156093074,85.0,0.033690052,0.0,0.440649529,1.91045640868472,0.0,4678.057940521246,7.16208037441852,0.0,8,13,13214,08013013214,132.14,Census Tract 132.14,G5020,S,9723387,13066,40.1212737,-105.1743897,U
333,08013013215,0.291400966,0.210434783,0.187692308,0.030155642,0.065120773,8.48249535519126,73.24639999999998,0.116842934,1643.882107075328,401916.9365290616,71.0,0.03334899,0.0,0.318319024,1.597323684129995,0.054187249,735.6322996823332,7.345793348884451,0.0,8,13,13215,08013013215,132.15,Census Tract 132.15,G5020,S,10490987,358346,40.1643819,-105.1634478,R
334,08013013302,0.170483967,0.305701577,0.153846154,0.032318677,0.151195219,8.98478333333333,73.2959,0.129045611,1119.2630871814167,777076.4096340173,1837.0,0.626107703,0.0,0.468622559,2.7633312916175,3.768078809097271,74.9143495702099,9.451986138782804,0.0,8,13,13302,08013013302,133.02,Census Tract 133.02,G5020,S,3774454,53367,40.1658533,-105.1153802,U
335,08013013305,0.388544068,0.172333153,0.145641026,0.009399478,0.070757226,8.83266092896175,72.97978,0.108204939,109.7268587924876,660673.1846823345,11.0,0.005535984,0.0,0.281845122,1.055147926674142,0.206501425,20.28632773788751,9.599190420485346,0.0,8,13,13305,08013013305,133.05,Census Tract 133.05,G5020,S,1965696,0,40.1958831,-105.1238217,R
336,08013013306,0.417134225,0.297418631,0.212307692,0.029575893,0.15016835,8.9680325136612,72.93566,0.12702384,117.38438499362447,749703.2222606373,22.0,0.011727079,0.0,0.346343655,1.19794778674146,2.735718214337422,59.98256092771084,9.32742640524452,0.0,8,13,13306,08013013306,133.06,Census Tract 133.06,G5020,S,1989501,0,40.1958903,-105.1095326,U
337,08013013307,0.27826304,0.23939316,0.201025641,0.009334163,0.104842865,8.86844535519126,73.11145999999998,0.122876792,122.15336577002364,690828.6505676238,117.0,0.072806472,0.0,0.357030867,1.568451361429341,2.263952717471955,42.28165224356448,9.226507228517294,0.0,8,13,13307,08013013307,133.07,Census Tract 133.07,G5020,S,1952838,13257,40.1804046,-105.124938,U
338,08013013308,0.283638477,0.24769551,0.225641026,0.04224537,0.141837645,8.99822704918033,73.15569999999998,0.140337379,132.0308881622065,755501.735423431,706.0,0.394633874,0.0,0.36924496,1.837574966440365,2.613147898487782,61.585108191780506,9.021400451660156,0.0,8,13,13308,08013013308,133.08,Census Tract 133.08,G5020,S,1963964,0,40.1813023,-105.1094915,U
339,08013013401,0.357826577,0.297709924,0.187692308,0.008323424,0.094713034,9.181412295081968,73.41451999999998,0.189693945,1390.7546028340016,807328.7967573262,1054.0,0.578485181,0.0,0.521609129,3.538383448713969,5.685332300588971,132.59905555378634,9.358763670110037,0.0,8,13,13401,08013013401,134.01,Census Tract 134.01,G5020,S,3157702,152278,40.1628015,-105.0908971,U
340,08013013402,0.34898493,0.18159173,0.188717949,0.0,0.121185702,9.32745683060109,73.37757,0.189831028,846.262075487733,720908.3611432104,37.0,0.011405672,0.0,0.704398186,1.780660684572203,1.11836610028813,209.7941441858776,8.80035848674447,0.0,8,13,13402,08013013402,134.02,Census Tract 134.02,G5020,S,5656647,13258,40.1646936,-105.0697153,U
341,08013013503,0.428858118,0.235801726,0.198974359,0.038565997,0.117800522,9.12427158469945,73.17172999999998,0.188748289,175.5614780132916,803543.4089276654,303.0,0.157894737,0.0,0.458666983,2.453617512643742,2.805118451606988,89.42392349042531,8.919879874354434,0.0,8,13,13503,08013013503,135.03,Census Tract 135.03,G5020,S,1950401,0,40.181242,-105.0953408,U
342,08013013505,0.510904086,0.317171289,0.212307692,0.074257426,0.116663138,9.06219836065574,72.96221,0.175556078,118.73401083807596,746216.9224136595,74.0,0.039424614,0.0,0.418221056,1.260407949168646,3.151002709132163,81.43470226877966,9.919807667551162,0.0,8,13,13505,08013013505,135.05,Census Tract 135.05,G5020,S,1291650,0,40.1959032,-105.0977082,U
343,08013013506,0.220169528,0.106798246,0.14974359,0.029032258,0.105194523,9.16741038251366,72.96917999999998,0.178495048,122.82261840358238,628984.1846976924,0.0,0.0,0.0,0.500100895,1.245661505201021,0.260257384,147.41663421385726,8.808389875515456,0.0,8,13,13506,08013013506,135.06,Census Tract 135.06,G5020,S,2597927,0,40.1959317,-105.0836114,R
344,08013013507,0.452147702,0.33560434,,0.0,0.06103994,9.224799180327873,73.07568,0.188766443,168.10466332605864,696889.9057878451,7.0,0.005120702,0.0,0.6156299,1.73080249166832,0.85696074,165.44872141552236,8.422863053188262,0.0,8,13,13507,08013013507,135.07,Census Tract 135.07,G5020,S,1954238,0,40.1813384,-105.0812371,U
345,08013013508,0.230819758,0.12112454,0.145641026,0.004983389,0.081185225,9.31891338797814,73.10431,0.183443457,136.43608021334,634815.9048269915,11.0,0.003616042,0.0,0.67227827,1.260037010809187,0.533951287,224.46898412399133,7.82537783310191,0.0,8,13,13508,08013013508,135.08,Census Tract 135.08,G5020,S,5173897,58992,40.1924157,-105.0703341,R
346,08013013601,0.103520757,0.12256194,0.154871795,0.0,0.079085654,7.48961557377049,72.43808,0.047836765,171.1308723464535,194056.2160683168,183.0,0.113735239,0.0,0.101496783,0.214490046,0.669971727,6.787919808370281,5.88282839598929,0.0,8,13,13601,08013013601,136.01,Census Tract 136.01,G5020,S,138103635,2036863,40.2148749,-105.2621222,R
347,08013013602,0.112350598,0.106943336,0.156923077,0.0,0.122709163,6.10321281420765,70.94667,0.017347317,104.69376819484503,25148.596553497937,670.0,0.489051095,0.074859809,0.0,0.0,0.007042584,4.632903669966171,3.751949016466614,1.713154269972452,8,13,13602,08013013602,136.02,Census Tract 136.02,G5020,S,494915881,3405352,40.1690928,-105.5462943,R
348,08013013703,0.1523126,0.18705036,0.156923077,0.0,0.043062201,6.07502344262295,72.08665,0.016219542,1049.8045758186315,35978.90955669944,327.0,0.414974619,0.292000619,0.0,0.0,0.0,8.763041297338452,3.290994642199511,0.0,8,13,13703,08013013703,137.03,Census Tract 137.03,G5020,S,179057017,2253550,40.0689428,-105.4729686,R
349,08013013704,0.185616296,0.246144227,0.156923077,0.0,0.069008522,6.94310792349727,73.87914999999998,0.041660177,2306.0976247985445,409699.96465909085,151.0,0.063983051,0.01380468,0.113628451,1.184768650728388,0.0,7024.874550831118,4.0902266983144,0.0,8,13,13704,08013013704,137.04,Census Tract 137.04,G5020,S,72571772,58943,40.0732446,-105.3424538,R
350,08013013705,0.104390244,0.242439024,0.12,0.0,0.045853659,5.78988325136612,71.30893,0.015681959,1198.7144356422257,2463.2270224054005,681.0,0.530373832,0.217200026,0.0,0.0,0.817150611,38.10379081262032,5.2465700022082,0.0,8,13,13705,08013013705,137.05,Census Tract 137.05,G5020,S,161508384,2237894,39.9784146,-105.6234706,R
351,08013013706,0.059746696,0.178085992,0.12,0.0,0.058370044,6.33621,74.29312,0.02815339,2420.002905466477,164115.60698236094,202.0,0.099901088,0.187850764,0.031697787,0.445460137,0.0,699.5359031722635,5.251369571117982,,8,13,13706,08013013706,137.06,Census Tract 137.06,G5020,S,176989301,1725158,39.9803825,-105.4053762,R
352,08013060601,0.294762,0.101373183,0.184615385,0.015072765,0.082652858,8.39382267759563,76.55337,0.148202233,5602.767399364471,1085986.7037381828,0.0,0.0,0.511362203,0.04656149,1.029318930668684,1.096098027860045,4643.45863941637,8.425736758203534,0.0,8,13,60601,08013060601,606.01,Census Tract 606.01,G5020,S,2857423,136332,39.9434167,-105.1493551,U
353,08013060602,0.408611599,0.042179262,0.184615385,0.023498695,0.073813708,7.89554234972678,76.56899,0.119307965,5242.307361,1031954.5919679943,56.0,0.146214099,0.737036903,0.119975409,1.563662170012573,0.145243156,10417.825710150064,7.104183197021484,0.444962687,8,13,60602,08013060602,606.02,Census Tract 606.02,G5020,S,34971779,1280953,39.9421138,-105.2168028,R
354,08013060700,0.135673304,0.080989495,0.152820513,0.017200938,0.106404609,8.56739535519126,76.28521,0.152708345,4724.056669261211,985968.109339412,38.0,0.029710711,0.40969275,0.106476616,1.447819025772998,0.299886327,10985.439998731887,8.859076011395493,0.0,8,13,60700,08013060700,607.0,Census Tract 607,G5020,S,9961605,77426,39.957987,-105.1362012,R
355,08013060801,0.360455655,0.197483589,0.195897436,0.052793125,0.073851204,8.99796147540984,76.26918999999998,0.186426756,3566.742493119078,920753.6855242533,9.0,0.005477785,0.152364433,0.0,2.15793337823051,1.104684393510412,10557.758802146123,8.988356264971587,0.013302229,8,13,60801,08013060801,608.01,Census Tract 608.01,G5020,S,14319972,134749,39.9562928,-105.0874686,R
356,08013060802,0.480814873,0.354628165,0.195897436,0.032988676,0.065862342,9.205487704918028,75.73023999999998,0.196337061,3278.589614571764,816761.625296642,408.0,0.191100703,0.036372701,0.0,0.685495044,2.770138638759442,11324.314582788727,8.211358578438851,0.0,8,13,60802,08013060802,608.02,Census Tract 608.02,G5020,S,7189411,15103,39.9910643,-105.0651418,R
357,08013060900,0.243455031,0.200999643,0.178461538,0.028444444,0.054318789,8.865796174863391,76.07486,0.160377628,3901.047493399926,976795.1824031096,0.0,0.0,0.224612478,0.024869448,1.460554940602222,2.760806883661022,10565.989267035684,9.742565947450098,0.007573309,8,13,60900,08013060900,609.0,Census Tract 609,G5020,S,7774636,24211,39.9743022,-105.1069745,U
358,08013061300,0.226265823,0.039010466,,0.032631579,0.039873418,8.31947759562842,76.76354999999998,0.147482525,5758.712693612092,803592.7020590842,0.0,0.0,0.62581264,0.039886801,0.765337394,0.305583204,6623.820217617444,7.796203855767431,0.0,8,13,61300,08013061300,613.0,Census Tract 613,G5020,S,2069154,6895,39.9359802,-105.155391,U
359,08013061400,0.35334003,0.082370668,,0.01899696,0.071032746,8.30372404371585,76.99921999999998,0.14637857,6376.553671256355,765566.8748600982,6.0,0.004487659,0.87915363,0.0,0.629027438,0.561247074,15.626845165904635,7.538794268536758,0.0,8,13,61400,08013061400,614.0,Census Tract 614,G5020,S,2552608,8890,39.9224429,-105.1567552,U
360,08014030000,0.31277533,0.23539823,0.165128205,0.051212938,0.129221733,8.96743442622951,76.78056999999998,0.21742213,5046.3198636796005,1832855.2409984963,971.0,0.626856036,0.183531626,0.05078737,0.839219371,12.544494209981451,2369.4478996847174,8.802926939280855,0.0,8,14,30000,08014030000,300.0,Census Tract 300,G5020,S,1615867,1448,39.9186918,-105.0810169,U
361,08014030100,0.25443299,0.171985081,0.191794872,0.015283843,0.126597938,8.97072459016393,76.73426,0.206145794,4846.106677076515,1643696.2463991076,176.0,0.185850053,0.195051054,0.041731749,0.801453532,7.098695723264945,2419.54227927952,8.309812175020186,0.0,8,14,30100,08014030100,301.0,Census Tract 301,G5020,S,1076688,0,39.9263159,-105.0822175,U
362,08014030200,0.324311927,0.206422018,,0.033991228,0.100458716,9.00087459016394,76.90107,0.237583967,5232.334938,1841546.3602467568,1.0,0.001075269,0.213874942,0.106389174,0.81914713,5.490975249052141,3149.8909064385966,8.849024772644043,0.0,8,14,30200,08014030200,302.0,Census Tract 302,G5020,S,2583455,26498,39.9087252,-105.0745694,U
363,08014030300,0.323752969,0.261020307,0.219487179,0.021238938,0.103516592,9.1315325136612,76.6363,0.271709252,4402.6910347025805,1556305.5560045363,75.0,0.043227666,0.106467978,0.115543167,0.770576508,2.078862290716843,4128.120146208511,8.046712310493675,0.0,8,14,30300,08014030300,303.0,Census Tract 303,G5020,S,2678892,59239,39.9219477,-105.0596936,U
364,08014030400,0.168618838,0.099072718,0.158974359,0.0,0.074670571,9.1521106557377,76.49787999999998,0.270934067,4077.836350108748,1294606.203727465,16.0,0.0111034,0.106003179,0.105386036,0.825174772,0.0,3840.213739995132,7.967856252603655,0.0,8,14,30400,08014030400,304.0,Census Tract 304,G5020,S,2317757,133645,39.9360047,-105.0693068,U
365,08014030500,0.235938026,0.070460705,0.135384615,0.030739673,0.053553385,9.30671530054645,76.31149,0.233431091,3517.4841769830846,1212663.487557131,56.0,0.026768642,0.025835321,0.112069159,0.796924843,0.739143813,5076.831843668652,8.996259618554397,0.0,8,14,30500,08014030500,305.0,Census Tract 305,G5020,S,4921819,204895,39.9452625,-105.040444,U
366,08014030600,0.439179375,0.111837328,0.198974359,0.036063885,0.041757444,9.433165300546452,76.33826999999998,0.320395888,3276.745995139511,1393582.211965466,24.0,0.01207851,0.0,0.147861706,0.754170482,2.177805463343024,9739.626791734276,8.503962603173846,0.0,8,14,30600,08014030600,306.0,Census Tract 306,G5020,S,2530470,64721,39.9352846,-105.0249408,U
367,08014030700,0.2945855,0.134461538,0.190769231,0.0,0.081064546,9.418306557377052,76.41549999999998,0.319921361,3421.2417933057686,1547227.63671871,10.0,0.007575758,0.0,0.163032162,0.728246543,3.823878160972853,14213.01531233986,9.045343234905827,0.0,8,14,30700,08014030700,307.0,Census Tract 307,G5020,S,1324277,14244,39.92424,-105.0257632,U
368,08014030800,0.262577085,0.157091853,0.186666667,0.010174419,0.067446774,9.27862513661202,76.56227,0.27193067,3944.859864002077,1564445.8299878673,0.0,0.0,0.054473883,0.134498725,0.736151993,2.961275654227439,5983.807877314617,8.192116342326319,0.0,8,14,30800,08014030800,308.0,Census Tract 308,G5020,S,2557490,613,39.9200732,-105.0428103,U
369,08014030900,0.156126482,0.06038048,0.168205128,0.013077594,0.109189723,9.09147213114754,76.42933999999998,0.212300563,4260.345326818408,1209421.3513281837,0.0,0.0,0.183495261,0.032946144,0.866931473,0.342566473,3178.153420761554,8.372376684211869,0.0009222,8,14,30900,08014030900,309.0,Census Tract 309,G5020,S,5421899,40005,39.9458043,-105.0713208,U
370,08014031000,0.234158839,0.099573015,0.129230769,0.0,0.058582408,9.47699890710382,76.14508999999998,0.27601192,3023.6130272755686,1205837.2708354369,10.0,0.004308488,0.0,0.127964967,0.806301745,0.670776207,8012.75122557874,9.192582968745228,0.0,8,14,31000,08014031000,310.0,Census Tract 310,G5020,S,3497193,56202,39.9492707,-105.0198719,U
371,08014031101,0.202868852,0.153346995,0.174358974,0.0,0.055421687,8.83834234972678,77.02115,0.182851354,5861.272547643057,1736309.1360838015,15.0,0.008398656,0.251748509,0.0,0.955814888,1.03311752352277,1638.4897792531715,9.284033549576304,0.0,8,14,31101,08014031101,311.01,Census Tract 311.01,G5020,S,2318191,16448,39.9070604,-105.0943635,U
372,08014031102,0.18620332,0.240263302,0.174358974,0.019952115,0.158529896,8.48063306010929,76.88814999999998,0.146429831,6197.07766459014,1022646.3668904064,0.0,0.0,0.563255984,0.0,0.696453278,1.866419071142227,404.52323858145576,7.441090122399578,0.0,8,14,31102,08014031102,311.02,Census Tract 311.02,G5020,S,3060724,3654,39.9225963,-105.1416047,U
373,08014031103,0.123084528,0.10880829,0.174358974,0.0,0.075129534,8.3206762295082,77.34319999999998,0.139145011,7760.996198,756964.7781494628,11.0,0.01,1.325042269267292,0.0,0.662609436,0.0,459.86831708190095,6.669258117675781,,8,14,31103,08014031103,311.03,Census Tract 311.03,G5020,S,4910852,607133,39.8984963,-105.1483444,U
374,08014031104,0.164291073,0.163540885,0.174358974,0.0,0.041260315,8.64812486338798,76.94495,0.180946424,5965.829081,1644461.1205164525,0.0,0.0,0.340044622,0.0,0.80587012,1.721149424156092,1345.942640765324,8.497638702392578,0.0,8,14,31104,08014031104,311.04,Census Tract 311.04,G5020,S,4068610,7124,39.920693,-105.1171842,U
375,08014031201,0.228117914,0.224036281,0.168205128,0.004101162,0.081632653,8.68879808743169,76.6085,0.164449639,5063.847231654891,1143855.8466425675,0.0,0.0,0.339015156,0.0,0.929032964,1.27977322872749,7346.31852126344,8.53126051892405,0.0,8,14,31201,08014031201,312.01,Census Tract 312.01,G5020,S,3413703,0,39.944217,-105.125822,R
376,08014031202,0.343781942,0.064735945,0.168205128,0.005097706,0.077002053,8.8248368852459,76.79914999999998,0.192792142,5328.961859501086,1354266.0422233392,32.0,0.026490066,0.28108124,0.0,0.821351106,5.507125482955169,1863.6097419474047,8.129735669737531,0.0,8,14,31202,08014031202,312.02,Census Tract 312.02,G5020,S,2661471,0,39.9292022,-105.1003462,U
377,08014031300,0.202376532,0.037588389,,0.0,0.073523951,9.46845382513661,75.88404,0.230640394,3019.8789758293246,940213.833475691,13.0,0.013065327,0.0,0.096820293,0.734730423,0.195736759,5590.644162114899,9.857501186077869,0.0,8,14,31300,08014031300,313.0,Census Tract 313,G5020,S,10340572,142036,39.9704923,-105.0277683,U
378,08014031401,0.083816552,0.095940959,0.124102564,0.023809524,0.14918292,9.39082049180328,75.69888,0.215590393,2892.723016106412,689575.6872550608,49.0,0.0399348,0.0,0.0,0.523457362,0.0,5836.689869376158,8.74381399219716,0.0,8,14,31401,08014031401,314.01,Census Tract 314.01,G5020,S,2958884,0,39.9897163,-105.0455329,R
379,08014031402,0.41344086,0.091397849,0.124102564,0.102067183,0.094623656,9.75541202185792,75.18148999999998,0.265769015,2039.21864,802400.6827080365,7.0,0.009043928,0.0,0.155852725,0.455255743,0.283155553,7974.040469903671,8.728078842163086,,8,14,31402,08014031402,314.02,Census Tract 314.02,G5020,S,16480290,124667,40.0116024,-104.9853454,U
380,08014031403,0.241537236,0.033651932,0.124102564,0.005878031,0.036142173,9.55376885245902,75.59082999999998,0.225337627,2610.7933234578727,660179.1001487089,0.0,0.0,0.0,0.0,0.460151685,0.170845403,5349.49483894914,9.06116871527064,0.0,8,14,31403,08014031403,314.03,Census Tract 314.03,G5020,S,4035438,0,39.9925691,-105.0258027,U
381,08014980100,0.0,0.0,,0.0,0.0,8.85374398907104,76.22618,,0.0,,0.0,0.0,,,,0.0,,0.0,,8,14,980100,08014980100,9801.0,Census Tract 9801,G5020,S,111949,0,39.9578364,-105.1032653,U
382,08014980200,0.0,0.0,,0.0,0.0,9.10204781420765,76.11772,,0.0,,0.0,0.0,,,,0.0,,0.0,,8,14,980200,08014980200,9802.0,Census Tract 9802,G5020,S,394934,0,39.9598684,-105.0849176,U
383,08014980300,0.0,0.0,,0.0,0.0,8.74216612021858,76.3169,,0.0,,0.0,0.0,,,,0.0,,0.0,,8,14,980300,08014980300,9803.0,Census Tract 9803,G5020,S,105261,0,39.9543347,-105.1155685,R
384,08015000100,0.280649295,0.414102564,0.213333333,0.042845594,0.178205128,4.48359778688525,64.74527,0.024016465,0.0,97100.30715164158,840.0,0.593639576,0.303023355,0.0,0.0,1.350938359498152,68.74042864502393,11.462774037101733,4.0,8,15,100,08015000100,1.0,Census Tract 1,G5020,S,3942787,0,38.5388202,-105.9949817,R
385,08015000200,0.136721992,0.27266881,0.182564103,0.0,0.112968917,4.43348871584699,64.46385,0.018717553,0.0,93849.43837688412,583.0,0.236032389,0.383488448,0.0,0.0,0.563989788,80.36507411313208,8.71803023798455,3.911795259001261,8,15,200,08015000200,2.0,Census Tract 2,G5020,S,110219904,48075,38.4813087,-106.0042061,R
386,08015000300,0.161703395,0.137278462,0.140512821,0.0,0.146515783,4.41274423497268,64.51621,0.009159282,0.0,50342.03260898492,204.0,0.085714286,0.176097518,0.0,0.0,0.011621619,21.78670054020492,3.169595531060002,0.0,8,15,300,08015000300,3.0,Census Tract 3,G5020,S,1097876750,1068977,38.6064382,-106.1624627,R
387,08015000402,0.189418232,0.393039591,,0.0,0.155810983,4.52950740437158,65.45885,0.01815312,0.009919986,90749.41464924991,334.0,0.176626124,0.008503909,0.0,0.0,1.624709676252404,90.363728883332,8.822590664823375,0.0,8,15,402,08015000402,4.02,Census Tract 4.02,G5020,S,460118796,93951,38.8890399,-106.0430897,R
388,08015000403,0.114934114,0.186310395,0.183589744,0.045734389,0.060761347,4.43404316939891,65.02377,0.006764564,0.045076867,12809.794798566472,174.0,0.11631016,0.028261324,0.0,0.0,0.004863011,22.720448128403937,1.791483917543965,0.0,8,15,403,08015000403,4.03,Census Tract 4.03,G5020,S,926251110,2553678,38.7861536,-106.2221531,R
389,08015000404,0.009758603,0.473035439,0.183589744,0.032142857,0.140729327,4.50545513661202,65.19589,0.019432834,0.0,57431.72427359142,393.0,0.276760563,0.0,0.0,0.0,0.854966363,32.62971526689235,7.789858724459829,0.0,8,15,404,08015000404,4.04,Census Tract 4.04,G5020,S,26306345,235294,38.8391977,-106.1519429,R
390,08017960600,0.200463499,0.270944742,0.082051282,0.027027027,0.112299465,5.85847978142077,58.0004,0.020237868,2.85494e-05,19806.037857885607,401.0,0.413828689,0.0,0.487960491,0.0,0.004664839,5.678952958952535,2.483677378235474,1.201084450528836,8,17,960600,08017960600,9606.0,Census Tract 9606,G5020,S,4605713960,8166129,38.8356456,-102.6017914,R
391,08019014701,0.071003847,0.129655657,0.134358974,0.0,0.037425673,5.3366756284153,73.45776999999998,0.019270499,623.1267023471734,92484.21171036724,101.0,0.070827489,3.285584583920278,0.0,0.0,0.0,33.95178750260257,2.72729110792134,,8,19,14701,08019014701,147.01,Census Tract 147.01,G5020,S,234360827,115832,39.6208347,-105.5632911,R
392,08019014702,0.108464268,0.054342306,0.134358974,0.017210145,0.145759269,5.44746980874317,72.94808,0.030906287,649.9046081184042,150939.94942300988,146.0,0.089133089,11.0,0.0,0.0,0.212737347,113.7848013382316,3.851661357864343,5.594966380852508,8,19,14702,08019014702,147.02,Census Tract 147.02,G5020,S,249704175,1101158,39.7285262,-105.5575867,R
393,08019014800,0.192107996,0.299584631,0.139487179,0.0,0.167539267,5.5761943442623,73.38759,0.040727781,628.4022633949232,407715.06401313713,607.0,0.715801887,11.000000000000004,0.0,0.0,2.377195178222432,746.3420139626128,4.963374452579683,0.0,8,19,14800,08019014800,148.0,Census Tract 148,G5020,S,15200642,33888,39.7514343,-105.528766,R
394,08019014900,0.198109641,0.265734266,0.175384615,0.034985423,0.158896659,5.30618846994536,70.50247,0.018388197,210.2624200991225,227262.16590719967,704.0,0.390027701,10.98032971097856,0.0,0.0,0.134821588,53.086414190939685,4.037797822533865,0.169872147,8,19,14900,08019014900,149.0,Census Tract 149,G5020,S,523968408,2024030,39.7068623,-105.8380131,R
395,08021974800,0.67893726,0.526860841,0.129230769,0.090040928,0.234304207,4.84345710382514,62.83342,0.014380297,0.087268928,36350.63139803593,682.0,0.402122642,0.0,0.0,0.0,0.003895306,42.23875318920592,4.361176718478051,2.718815982381535,8,21,974800,08021974800,9748.0,Census Tract 9748,G5020,S,618168539,386651,37.1012414,-105.912015,R
396,08021974900,0.462181079,0.499433749,0.183589744,0.085132634,0.150486535,4.39370081967213,62.76559,0.014425666,0.182440353,67771.51634924884,667.0,0.284192586,0.003563715,0.0,0.0,0.025862614,46.78649415546364,4.29331651951602,1.181393361638495,8,21,974900,08021974900,9749.0,Census Tract 9749,G5020,S,2716255356,8848361,37.2224342,-106.244101,R
397,08023972600,0.541893362,0.525027203,0.178461538,0.025252525,0.214907508,4.59496120218579,63.05515,0.009799158,0.130257967,28375.577353405057,145.0,0.123089983,0.0,0.0,0.0,0.02349713,15.694333217286273,2.298899930042714,1.69415529481002,8,23,972600,08023972600,9726.0,Census Tract 9726,G5020,S,1554693290,3766243,37.4204815,-105.3948681,R
398,08023972700,0.797169811,0.478234943,0.190769231,0.136856369,0.317829457,4.61965628415301,62.69898,0.009638178,0.060017759,4910.822101129532,565.0,0.457489879,0.0,0.0,0.0,0.115581306,26.843775753730228,3.615466054326142,0.435771034,8,23,972700,08023972700,9727.0,Census Tract 9727,G5020,S,1624759010,5062663,37.1383747,-105.4626729,R
399,08025969601,0.456689342,0.501674481,0.216410256,0.008350731,0.253181514,5.73269262295082,65.57231,0.032230593,1.510613305946318,7953.413308572081,274.0,0.501831502,0.0,0.009510187,0.0,0.000227582,116.7179163608926,5.440721344143788,0.0,8,25,969601,08025969601,9696.01,Census Tract 9696.01,G5020,S,1823808992,25092886,38.3061801,-103.7727363,R
400,08025969602,0.487559407,0.548037889,0.216410256,0.014354067,0.192151556,5.74787131147541,65.26331,0.028739261,0.0,6280.699709119204,454.0,0.463738509,0.0,0.030877062,0.0,0.025670418,29.92316997279669,5.115115297884145,0.045697879,8,25,969602,08025969602,9696.02,Census Tract 9696.02,G5020,S,215618880,8330095,38.1941689,-103.7943229,R
401,08027970101,0.103729104,0.356282272,0.151794872,0.0,0.130378657,4.51961639344262,65.23342,0.008309951,5.142011998947151,126.4785958719458,431.0,0.193360251,0.0,0.0,0.0,0.092099738,0.0,3.329525861732238,0.464905037,8,27,970101,08027970101,9701.01,Census Tract 9701.01,G5020,S,1041919696,2909132,38.0949576,-105.5001027,R
402,08027970102,0.151645768,0.315047022,0.151794872,0.0,0.151645768,4.60847486338798,66.48448,0.009058806,37.40270245463629,219.59090511884625,215.0,0.109693878,0.0,0.0,0.0,0.071492946,8.07467e-08,4.331199219203852,1.600350569675723,8,27,970102,08027970102,9701.02,Census Tract 9701.02,G5020,S,871112279,455018,38.054321,-105.2397223,R
403,08029964600,0.112816577,0.263130525,0.198974359,0.01396348,0.188664596,4.91010467213115,62.97975,0.013428454,5.03795e-07,1247.5411504056308,850.0,0.348932677,0.0,0.0,0.0,0.057684497,331.31543239879676,3.527749182177905,2.147278827740948,8,29,964600,08029964600,9646.0,Census Tract 9646,G5020,S,666992347,1163483,38.9800317,-107.6060539,R
404,08029964700,0.095478595,0.283304815,0.191794872,0.0,0.15595209,5.32057431693989,64.27811,0.028630674,0.746033254,19020.559089499035,395.0,0.194294147,0.0,0.0,0.0,0.069220403,92.23214190966526,4.477543348196781,0.0,8,29,964700,08029964700,9647.0,Census Tract 9647,G5020,S,340977130,2356432,38.9087028,-108.0173474,R
405,08029964800,0.266701461,0.379941196,0.181538462,0.020733652,0.223560039,5.45838087431694,64.71943,0.044921535,1.029136719735421,120347.80436199816,278.0,0.19772404,0.0,0.179407473,0.0,0.164580577,615.0101548518344,5.437306393943647,0.0,8,29,964800,08029964800,9648.0,Census Tract 9648,G5020,S,603516350,3260741,38.811111,-108.2201556,R
406,08029964900,0.306457243,0.373649726,0.182564103,0.0,0.190149516,5.55873983606557,63.54504,0.050237174,0.0,149940.60909573396,372.0,0.155583438,0.0,0.185743834,0.0,0.832011171,497.3746367854254,7.226919885206806,0.0,8,29,964900,08029964900,9649.0,Census Tract 9649,G5020,S,191916940,1298677,38.7189385,-107.9464464,R
407,08029965001,0.263339731,0.216122841,0.184615385,0.007714561,0.208445298,5.12142784153005,62.97497,0.01668134,0.0,3026.954932340516,383.0,0.306155076,0.0,0.0,0.0,0.107638794,26.653586982278785,4.412022381198269,0.22435016,8,29,965001,08029965001,9650.01,Census Tract 9650.01,G5020,S,413448818,1538497,38.7316047,-107.6557298,R
408,08029965002,0.120790301,0.28064661,0.184615385,0.055952381,0.18545128,5.14669920765027,63.23295,0.018272923,0.0,1790.6724518783308,236.0,0.237903226,0.0,0.0,0.0,0.043298282,20.265062101472783,2.5508871613031,0.0,8,29,965002,08029965002,9650.02,Census Tract 9650.02,G5020,S,409336240,1774946,38.902494,-107.7900037,R
409,08029965100,0.320320579,0.365847211,0.202051282,0.022135417,0.254559873,5.58403469945355,63.87756,0.055699653,0.0,301770.7131888035,752.0,0.43293034,0.0,0.297688998,0.0,3.58165401298316,694.9946164231965,9.19979259333712,0.0,8,29,965100,08029965100,9651.0,Census Tract 9651,G5020,S,46821481,413195,38.7010974,-108.0692227,R
410,08029965201,0.120277564,0.552043177,0.194871795,0.008525149,0.185427911,5.27209071038251,63.87485,0.016816671,0.0,0.0,320.0,0.249609984,0.0,0.0,0.0,0.058772357,0.555536295,4.780836840357399,1.396162933365503,8,29,965201,08029965201,9652.01,Census Tract 9652.01,G5020,S,8818544,0,38.9034727,-107.9298167,R
411,08029965202,0.132444444,0.377777778,0.194871795,0.0,0.139111111,5.09521538251366,64.0016,0.010279864,9.86294e-06,0.0,312.0,0.237623762,0.0,0.0,0.0,0.003443899,2.224678999535099,2.327601459356291,8.738839285714285,8,29,965202,08029965202,9652.02,Census Tract 9652.02,G5020,S,276263139,4980810,38.9757405,-107.8990733,R
412,08031000102,0.332320442,0.147513812,0.194871795,0.005428227,0.077071823,8.95948278688525,77.14176999999998,0.509974971,9309.331062219768,4692453.846428008,1057.0,0.607122343,0.915641435,0.73793013,2.72906616348027,9.410278883648523,3185.767009236334,8.303563450266155,0.0,8,31,102,08031000102,1.02,Census Tract 1.02,G5020,S,1706895,243474,39.7811473,-105.03984,U
413,08031000201,0.564885496,0.296770439,0.174358974,0.027429934,0.15042188,9.236477322404372,76.90237999999998,0.560883265,6200.520334147457,5188680.907846518,1296.0,0.733861835,1.946918255558654,1.087388280328469,2.969228386483944,6.762073711184291,4141.291940215937,8.450009446908165,0.0,8,31,201,08031000201,2.01,Census Tract 2.01,G5020,S,2079141,0,39.7875491,-105.0117362,U
414,08031000202,0.499499499,0.271271271,0.233846154,0.063808065,0.142642643,9.19530464480874,77.00884999999998,0.569885455,5917.774140319643,5485704.106843648,1380.0,0.657142857,1.897159075706234,1.032977568141065,2.78971277129426,4.101450068065567,3834.1709368856496,8.951268742309827,0.0,8,31,202,08031000202,2.02,Census Tract 2.02,G5020,S,1785694,0,39.7800524,-105.0121352,U
415,08031000301,0.161733411,0.135586636,0.181538462,0.020141738,0.083139083,8.92855519125683,77.18333,0.509547817,9002.64976323101,4513119.247833959,1869.0,0.653725079,0.89759791,0.743491028,2.601304563732254,11.606885533852504,2956.8921338448686,8.549526680792713,0.0,8,31,301,08031000301,3.01,Census Tract 3.01,G5020,S,1926792,0,39.7730308,-105.0392349,U
416,08031000302,0.227684868,0.101041029,0.176410256,0.0,0.066963383,8.81595956284153,77.25068,0.53226303,9183.162662389619,4373095.379174345,1694.0,0.646564885,0.755780698,0.665771491,2.4140047710424,4.540818468424727,2520.314297218464,8.259016062277398,0.0,8,31,302,08031000302,3.02,Census Tract 3.02,G5020,S,1444047,0,39.7639304,-105.0462665,U
417,08031000303,0.182358403,0.164190333,0.196923077,0.0,0.053745318,8.92952049180328,77.08931,0.543883379,7381.531408750867,4852792.964023232,1893.0,0.639095206,1.102288285491486,0.818968973,2.796175841852512,6.301512589823591,2981.802103787087,8.714782372816002,0.0,8,31,303,08031000303,3.03,Census Tract 3.03,G5020,S,1463503,0,39.7639664,-105.0323023,U
418,08031000401,0.44497323,0.239143367,0.203076923,0.024773414,0.091909578,9.098950546448092,76.99118,0.522848701,6108.796182744802,5142502.90322419,1468.0,0.870699881,1.582547578772043,0.950959499,2.758857251343018,5.625599229321305,3508.2342010199363,9.250133992443311,0.0,8,31,401,08031000401,4.01,Census Tract 4.01,G5020,S,978390,0,39.7729368,-105.0182645,U
419,08031000403,0.359067358,0.21373057,0.234871795,0.0,0.098800834,9.04813907103825,76.94991,0.550732334,6056.51098138566,5566670.262841001,1146.0,0.560665362,1.852474525525842,0.934040412,2.882548659931365,6.007714740313071,3458.422242045405,9.641852222662267,0.0,8,31,403,08031000403,4.03,Census Tract 4.03,G5020,S,971806,0,39.7656493,-105.0182324,U
420,08031000404,0.180147059,0.176893779,0.234871795,0.027759418,0.032162505,9.01807076502732,76.92463999999998,0.593588967,5708.9003464475645,7099477.505875299,311.0,0.183589138,3.001076598411331,0.950984748,3.109643510476447,10.004096833044825,3821.5542272295465,10.509678423485353,0.0,8,31,404,08031000404,4.04,Census Tract 4.04,G5020,S,683430,0,39.7594062,-105.0169781,U
421,08031000501,0.198303287,0.145888594,0.185641026,0.0,0.053276505,8.75073497267759,77.21698999999998,0.579906477,8493.774560395728,4512612.904114662,728.0,0.747433265,0.770644058,0.744407414,2.552328834542512,0.0,2345.4438292845,8.41478384097496,0.0,8,31,501,08031000501,5.01,Census Tract 5.01,G5020,S,1313701,716678,39.7524826,-105.0501134,U
422,08031000503,0.223720746,0.230067434,0.194871795,0.021969081,0.142800476,8.81978005464481,77.15428,0.581700714,7419.851440356104,4702677.028231647,456.0,0.317327766,0.947528356,0.797856494,2.667351991409721,0.0,2568.972633384943,8.739867894226048,0.0,8,31,503,08031000503,5.03,Census Tract 5.03,G5020,S,514451,0,39.7527213,-105.0369034,U
423,08031000504,0.218931475,0.133920705,0.194871795,0.003575685,0.136759582,8.86690081967213,77.11891,0.583495959,6727.492021276589,5400254.540196627,1213.0,0.679171333,1.131649671878378,0.849583332,3.017505636227602,12.2228127760384,2871.9049402568303,9.014667900507908,0.0,8,31,504,08031000504,5.04,Census Tract 5.04,G5020,S,1079452,0,39.7524336,-105.029937,U
424,08031000600,0.40747331,0.231707317,0.17025641,0.087423313,0.04293381,8.94620710382514,77.01498999999998,0.587477622,5945.0252096543645,6949353.340866556,466.0,0.167324955,1.595036558129677,0.909348073,3.154754279012365,21.413841828867028,3443.6576706524465,9.67489026961373,0.0,8,31,600,08031000600,6.0,Census Tract 6,G5020,S,1278945,0,39.7521395,-105.0192168,U
425,08031000703,0.459106239,0.270568278,0.217435897,0.103225806,0.169055649,8.68646338797814,77.34395,0.578435347,8320.229610579332,4572801.540181341,372.0,0.221560453,0.686618398,0.526761784,2.572183005888981,13.956038976928076,1232.4980302873428,8.97265151789955,0.0,8,31,703,08031000703,7.03,Census Tract 7.03,G5020,S,477774,0,39.7421636,-105.0462568,U
426,08031000704,0.218377435,0.18814509,0.217435897,0.0,0.038631672,8.66416666666667,77.40591,0.57801382,7943.005168351746,4571476.942260474,963.0,0.743629344,0.680159298,0.490218315,2.604055454221178,12.359495009686064,1220.0269557454963,8.514000067877726,0.0,8,31,704,08031000704,7.04,Census Tract 7.04,G5020,S,720670,0,39.7376192,-105.0460817,U
427,08031000705,0.512922465,0.393939394,0.221538462,0.026872964,0.153508772,8.75080655737705,77.29464,0.579919827,6613.476209825462,5040774.513983335,633.0,0.479182438,0.950078372,0.799444708,2.677769321054797,5.203228749879212,1692.975472640552,8.92380071401444,0.0,8,31,705,08031000705,7.05,Census Tract 7.05,G5020,S,736183,0,39.740255,-105.0354428,U
428,08031000706,0.497515969,0.225062123,0.221538462,0.015652174,0.061188189,8.80483142076503,77.08956999999998,0.581582704,6035.588608380223,5942183.742592078,112.0,0.057524397,1.216605003486426,0.914286947,2.844014764562372,10.660689799525096,2624.002638030719,9.68352255714969,0.0,8,31,706,08031000706,7.06,Census Tract 7.06,G5020,S,675099,0,39.7408784,-105.028586,U
429,08031000800,0.902702703,0.793693694,0.230769231,0.141361257,0.111711712,8.82388114754098,77.08954,0.566622714,5262.940983,7225829.03321189,224.0,0.535885167,2.791123630413883,1.22481306200632,3.323446323853068,15.44332698260012,3713.5004243444814,9.98965549468994,0.0,8,31,800,08031000800,8.0,Census Tract 8,G5020,S,1655100,0,39.7357982,-105.0210768,U
430,08031000902,0.784021931,0.346214202,0.184615385,0.04601227,0.08380654,8.54529808743169,77.52101,0.488624913,6387.2289403227305,4594687.130219953,1531.0,0.753074274,0.558500172,0.643287582,2.542339279030858,7.490182894974144,1119.0564454885032,8.276385744628335,0.0,8,31,902,08031000902,9.02,Census Tract 9.02,G5020,S,1874238,0,39.7185409,-105.0464605,U
431,08031000903,0.758555493,0.465023697,0.205128205,0.132669114,0.133673662,8.64257131147541,77.40175,0.497955132,5127.250787055536,5005059.223560422,1698.0,0.814388489,0.765641404,0.99950494,2.75274549331934,6.067889548074263,1354.5256941630912,8.481756295959842,0.0,8,31,903,08031000903,9.03,Census Tract 9.03,G5020,S,1980812,17393,39.7189492,-105.0318583,U
432,08031000904,0.823051948,0.573660714,0.218461538,0.105462412,0.185064935,8.61159043715847,77.43518,0.570846227,7307.7194018713635,4803431.536112241,803.0,0.403923541,0.64962411,0.572688974,2.64347076801407,2.882843473836608,1169.9608743116098,8.67235687578137,0.0,8,31,904,08031000904,9.04,Census Tract 9.04,G5020,S,1241246,0,39.7304588,-105.0466729,U
433,08031000905,0.568627451,0.336037863,0.194871795,0.093385214,0.12474645,8.71574699453552,77.33526,0.573557375,5631.886444957785,5614151.072647479,1117.0,0.843655589,1.051735627034666,0.973806337,2.747518727370111,8.68199522988734,1504.311226762229,9.043899536132812,0.0,8,31,905,08031000905,9.05,Census Tract 9.05,G5020,S,1312927,0,39.7304643,-105.0320196,U
434,08031001000,0.78115727,0.37611276,0.259487179,0.218405703,0.127596439,8.74856857923497,77.21624,0.500378973,4325.979465419496,5758134.640899953,902.0,0.553034948,1.587930493807894,2.392267221014937,3.116116838938901,17.720894096095385,1619.1742248109226,9.051696015025753,0.0,8,31,1000,08031001000,10.0,Census Tract 10,G5020,S,2486717,0,39.7171717,-105.0152226,U
435,08031001101,0.474705211,0.226719057,0.235897436,0.03942953,0.056840455,9.212420218579227,76.84449999999998,0.650313999,5249.260912407584,5766042.962138633,708.0,0.557041699,3.109800121430344,1.10350565174529,2.827694678954706,2.544113439966706,3940.5152679391385,9.663551528741529,0.0,8,31,1101,08031001101,11.01,Census Tract 11.01,G5020,S,898886,0,39.7729192,-105.0047028,U
436,08031001102,0.217356529,0.14,0.2,0.020458554,0.0602,9.117824043715848,76.78825999999998,0.621737852,5266.523137506447,7418322.122939015,661.0,0.225905673,4.063932845874643,1.042411975950424,3.031045275966814,3.807447173779836,4424.916472730824,10.906885427374435,0.0,8,31,1102,08031001102,11.02,Census Tract 11.02,G5020,S,1328939,0,39.7634977,-105.0055945,U
437,08031001301,0.679667519,0.34017094,0.178461538,0.113091922,0.075176697,8.66620519125683,77.4316,0.49678016,4035.487909333057,4653480.85487771,1537.0,0.842653509,0.941396298,0.966720963,2.886132898937066,16.381087288126587,1268.9484682337757,8.203022802176926,0.0,8,31,1301,08031001301,13.01,Census Tract 13.01,G5020,S,1830813,57105,39.7048065,-105.0186498,U
438,08031001302,0.673169428,0.396312133,0.192820513,0.115,0.083110636,8.76060928961749,77.32721999999998,0.525719554,3488.588602661878,5283670.705419502,1192.0,0.8,2.09929951087235,1.085400506171945,3.527978556100276,6.467837552112606,1875.0209512828155,9.018672063522562,0.0,8,31,1302,08031001302,13.02,Census Tract 13.02,G5020,S,2101761,13495,39.7030892,-105.0023728,U
439,08031001401,0.768883878,0.440999624,0.208205128,0.181351981,0.17643743,8.6591606557377,77.49677,0.466791348,3483.2503447005897,4285716.376407648,1419.0,0.619380183,3.146487735157039,0.664873,3.057155897910698,8.291248264682292,1397.7310638871115,8.028747356771518,0.0,8,31,1401,08031001401,14.01,Census Tract 14.01,G5020,S,2088740,0,39.6932437,-105.0098557,U
440,08031001402,0.818366426,0.467283394,0.206153846,0.052401747,0.134250903,8.59487732240437,77.59379,0.385394918,3422.897410205286,3834937.365192516,865.0,0.539613225,2.675307156639761,0.628565848,3.335354771058732,7.374831634747459,1317.3067147166066,7.813991562651081,0.0,8,31,1402,08031001402,14.02,Census Tract 14.02,G5020,S,1671506,0,39.6859195,-105.0128604,U
441,08031001403,0.277057582,0.217260109,0.188717949,0.006064281,0.106722942,8.71352322404372,77.61499999999998,0.498337021,2703.1090807163605,5196427.334619811,789.0,0.4356709,3.49646439857622,0.585830046,5.549699492575802,3.7342265669759,2151.137011626012,8.522151104147504,0.0,8,31,1403,08031001403,14.03,Census Tract 14.03,G5020,S,2899251,42621,39.6809562,-104.9932566,U
442,08031001500,0.633395961,0.488944168,0.253333333,0.119079838,0.1145686,9.400097540983612,76.70059999999998,0.893390636,4302.2788510019645,7538185.069116934,854.0,0.546734955,5.947361098551701,2.211612261885707,3.454662673437174,7.6170190025537,5496.958228084326,10.418766101687234,0.0,8,31,1500,08031001500,15.0,Census Tract 15,G5020,S,5302530,2641,39.7811003,-104.986342,U
443,08031001601,0.374813933,0.1673117,0.235897436,0.0,0.018811586,9.2947412568306,76.71611,0.76475816,4054.2011605559264,5725657.274867313,208.0,0.10483871,7.313263774928821,2.050302999931822,3.290680795466924,6.836928392168388,5207.710448391616,11.531762323077016,0.0,8,31,1601,08031001601,16.01,Census Tract 16.01,G5020,S,1278840,0,39.7666853,-104.9790951,U
444,08031001602,0.279936242,0.120741184,0.235897436,0.024424285,0.09334138,9.17976530054645,76.67968,0.654385484,4597.028957070447,6635617.128508477,245.0,0.077482606,2.878174644255063,1.394521964701521,3.100825723280626,10.88023841613824,5130.00640054266,12.05134901346126,0.0,8,31,1602,08031001602,16.02,Census Tract 16.02,G5020,S,970882,0,39.7608828,-104.9930279,U
445,08031001603,0.374044533,0.472709064,0.235897436,0.003594967,0.196941998,9.1754218579235,76.638,0.623659026,4191.279171902918,6530641.852103676,548.0,0.155460993,6.541828052329121,1.451150905130682,3.178634163191958,6.534622266665245,4448.410006164797,12.033841292327784,0.0,8,31,1603,08031001603,16.03,Census Tract 16.03,G5020,S,949345,0,39.7567984,-104.9857235,U
446,08031001703,0.240921169,0.093297904,0.190769231,0.009182736,0.107174491,9.074559562841532,76.79846999999998,0.601025614,5037.474562993692,7246205.12228143,0.0,0.0,4.74982607469182,1.0259557854835,3.116803718106271,1.653166432935637,5527.944226021726,11.089126661851475,0.0,8,31,1703,08031001703,17.03,Census Tract 17.03,G5020,S,271986,0,39.7564642,-105.0045231,U
447,08031001704,0.229787234,0.327659574,0.190769231,0.032098765,0.227079304,9.061593715846993,76.72646,0.597398933,4536.65785969786,7155800.323871032,689.0,0.344844845,2.245134514875028,1.049928643636656,3.197068663227603,6.794894434089621,5025.6391636797935,11.62543776972775,0.0,8,31,1704,08031001704,17.04,Census Tract 17.04,G5020,S,489769,0,39.7509702,-104.9976332,U
448,08031001705,0.212926608,0.160978556,0.190769231,0.015839041,0.056780429,9.07923278688525,76.78978999999998,0.600252922,4744.842231533288,6852375.372906237,138.0,0.045409674,2.959419986696908,1.03811085110734,3.119039247515962,2.981446956346027,4804.049657609401,10.96552618750928,0.0,8,31,1705,08031001705,17.05,Census Tract 17.05,G5020,S,377141,0,39.754451,-105.0011626,U
449,08031001706,0.385532591,0.290937997,0.220512821,0.010186757,0.251192369,9.07599863387978,76.69499999999998,0.595607628,4092.5872972899137,6911227.101167497,480.0,0.245398773,2.265496220451733,1.163368433215414,3.210606669846712,8.159552048987385,4396.053982988079,12.183286747478768,0.0,8,31,1706,08031001706,17.06,Census Tract 17.06,G5020,S,477572,0,39.7474781,-104.990909,U
450,08031001707,0.238626227,0.432275132,0.220512821,0.0,0.030776093,9.03364371584699,76.81046,0.589255524,4227.184025260291,6959190.881841028,443.0,0.256217467,1.616011766562715,1.041318067276862,3.224024258930124,4.078977941265299,4957.375366543117,11.825348133228784,0.0,8,31,1707,08031001707,17.07,Census Tract 17.07,G5020,S,638896,0,39.743359,-104.9948428,U
451,08031001800,0.453320802,0.367688903,0.238974359,0.029780564,0.207081884,8.95202459016394,76.87739,0.587648341,3903.2832468030847,7104460.119527135,672.0,0.32183908,1.844208621409356,1.127879515434013,4.312618767427846,4.496350674471659,4089.316202451564,12.132105278954388,0.0,8,31,1800,08031001800,18.0,Census Tract 18,G5020,S,975124,0,39.7309653,-104.9958422,U
452,08031001901,0.661421453,0.518078649,,0.077675841,0.153422502,8.89517131147541,76.93184999999998,0.58463998,4262.342926336408,7297960.120891702,608.0,0.354725788,3.525788493838287,1.218385593392916,3.680237058635068,4.91987280232577,3340.396608297556,10.726064348966077,0.0,8,31,1901,08031001901,19.01,Census Tract 19.01,G5020,S,2335147,0,39.7331806,-105.0086286,U
453,08031002000,0.376185165,0.202230259,,0.0,0.074442435,8.99853087431694,76.8168,0.584101401,3790.9401419716255,7124480.1035392685,90.0,0.037515632,1.468920128683171,1.112957082188259,4.700366307318407,6.950948582685989,4328.195933560235,11.933079684954231,0.0,8,31,2000,08031002000,20.0,Census Tract 20,G5020,S,787300,0,39.7353735,-104.991197,U
454,08031002101,0.386040766,0.200741198,0.17025641,0.038309115,0.102532427,8.91872459016393,76.95480999999998,0.603397537,3463.056059477908,6462621.881532092,1117.0,0.664880952,1.813630923964157,1.207585511566047,4.61911599824744,6.034271964532052,2538.8326183706586,10.652958838950513,0.0,8,31,2101,08031002101,21.01,Census Tract 21.01,G5020,S,880925,0,39.7220354,-104.993829,U
455,08031002102,0.329938272,0.179012346,0.17025641,0.0,0.165740741,8.84868142076503,77.16199,0.6000401,3271.962560447977,6635431.465195658,624.0,0.32,3.10247089464621,1.168677320491823,5.448846564515333,6.769766737843916,2165.9320921655185,10.207377610485294,0.0,8,31,2102,08031002102,21.02,Census Tract 21.02,G5020,S,2977261,0,39.7131837,-104.9968922,U
456,08031002300,0.409190853,0.286832104,0.232820513,0.009758364,0.066150442,9.27371147540984,76.62722999999998,0.584779456,3499.802087756382,5079567.3210057225,1779.0,0.75734355,4.272554378873513,1.962884373907749,3.250853900357993,0.13191912,4403.0670617550695,9.070985352789338,0.0,8,31,2300,08031002300,23.0,Census Tract 23,G5020,S,1458490,0,39.7563555,-104.9665589,U
457,08031002402,0.466049383,0.373059867,0.278974359,0.006053269,0.149753154,9.182134699453552,76.60841999999998,0.603613615,3646.751185885844,5519168.031899809,585.0,0.642857143,2.76064119121178,1.69669138031678,3.282248747798961,2.141984656744868,4078.1784427320567,10.027118648023908,0.0,8,31,2402,08031002402,24.02,Census Tract 24.02,G5020,S,411253,0,39.7500576,-104.9755909,U
458,08031002404,0.412040134,0.353177258,0.169230769,0.0,0.163210702,9.228464207650267,76.57518,0.626328916,3829.6891663307415,5437528.666411303,725.0,0.760755509,3.98811364661699,1.812347799758572,3.251488415899219,2.267694598243229,4464.643092569518,9.89640329515976,0.0,8,31,2404,08031002404,24.04,Census Tract 24.04,G5020,S,371688,0,39.7572107,-104.9765507,U
459,08031002405,0.50639089,0.391467417,0.169230769,0.0,0.146908415,9.14313442622951,76.51896,0.603972177,3853.458828708352,6174846.02229365,390.0,0.125200642,5.24559914623066,1.42644857866114,3.246857598332376,5.349608936774681,4121.341505660539,11.267562596080474,0.0,8,31,2405,08031002405,24.05,Census Tract 24.05,G5020,S,569896,0,39.7508766,-104.9825132,U
460,08031002602,0.249151392,0.172016748,0.267692308,0.003276898,0.08650157,9.128628688524588,76.70196,0.591944507,3551.705195867725,6159988.324416738,681.0,0.346212506,2.133530769324083,1.294549919461784,3.225330358893616,6.363435561980953,3847.2453514429567,11.1558592878742,0.0,8,31,2602,08031002602,26.02,Census Tract 26.02,G5020,S,393281,0,39.743338,-104.9771526,U
461,08031002603,0.38404176,0.165236852,0.193846154,0.0,0.084265474,9.09775409836066,76.66448,0.593487596,3755.6745934375385,6472719.953523378,301.0,0.144226162,2.590344577639303,1.28630980382561,3.292364126907052,3.856171779945059,3963.5808778182336,11.969799995422363,0.0,8,31,2603,08031002603,26.03,Census Tract 26.03,G5020,S,289792,0,39.7453315,-104.9838031,U
462,08031002604,0.35752298,0.495643756,0.193846154,0.034205231,0.317521781,9.07846639344262,76.67963,0.588283813,3560.1457151130185,6808373.010834846,817.0,0.518401015,1.792325735847468,1.229695369578286,3.301589130784868,6.13862545654655,3863.3277980738953,11.437799453735352,0.0,8,31,2604,08031002604,26.04,Census Tract 26.04,G5020,S,230082,0,39.7416634,-104.9836333,U
463,08031002704,0.274640657,0.318788501,,0.015681544,0.299794661,9.05820300546448,76.73144999999998,0.583907784,3601.8662790697485,6641656.940018412,1217.0,0.667580911,1.883283918562961,1.129880335458322,3.538298052250629,6.90700735520343,3686.422237641552,10.905799865722656,0.0,8,31,2704,08031002704,27.04,Census Tract 27.04,G5020,S,344920,0,39.737634,-104.9836355,U
464,08031002705,0.3036821,0.28738574,,0.011875309,0.089579525,9.03082103825137,76.81851,0.581461399,3414.137070108411,6240480.998256798,1246.0,0.585526316,2.27962541329814,1.092917993998727,3.803023845751031,6.900532870887748,3582.346509585901,10.887950628048904,0.0,8,31,2705,08031002705,27.05,Census Tract 27.05,G5020,S,229175,0,39.7336287,-104.9836603,U
465,08031002706,0.110943168,0.1469776,0.224615385,0.007114273,0.13304721,9.018009562841533,76.87085,0.596881539,3386.9110376917224,6549955.063880738,1105.0,0.457936179,2.396959060728308,1.130441136226506,4.378888342307631,5.838057484914057,3637.870286320012,11.410115442548811,0.0,8,31,2706,08031002706,27.06,Census Tract 27.06,G5020,S,340238,0,39.7296622,-104.9836522,U
466,08031002707,0.325279372,0.160374509,0.224615385,0.025845865,0.095137421,9.047120218579233,76.80611,0.597908578,3196.6761882923897,5884030.066078509,922.0,0.4185202,7.261513318893377,1.175909386176795,3.521924161200435,1.890825157216119,3487.54355760466,10.373849868774414,0.0,8,31,2707,08031002707,27.07,Census Tract 27.07,G5020,S,315263,0,39.7296441,-104.9764218,U
467,08031002708,0.203947368,0.187693498,0.276923077,0.0,0.118034056,9.0949543715847,76.70006999999998,0.584373135,3390.798647411824,6163922.956992445,1236.0,0.583018868,2.40991326830622,1.23111586387627,3.278393392977946,4.34948837963027,3670.070844747272,10.373849868774414,0.0,8,31,2708,08031002708,27.08,Census Tract 27.08,G5020,S,318865,0,39.7375849,-104.9764484,U
468,08031002709,0.324346405,0.172470299,0.276923077,0.041484716,0.10134859,9.07692923497268,76.7943,0.581865467,3261.2303243782835,5731276.05181285,887.0,0.470058294,5.194815822703201,1.200351845378778,3.426124552956911,3.168951618105449,3512.199934696834,10.373849868774414,0.0,8,31,2709,08031002709,27.09,Census Tract 27.09,G5020,S,203506,0,39.7335935,-104.9764225,U
469,08031002801,0.156779661,0.170903955,0.164102564,0.016207455,0.094279661,9.01923415300547,76.93743,0.60419237,3094.604849347218,6252562.288604424,1114.0,0.57011259,2.930148619174389,1.119650812124321,3.855584530736653,2.250356406601185,3940.8542942080367,10.272373261717044,0.0,8,31,2801,08031002801,28.01,Census Tract 28.01,G5020,S,753261,0,39.7239208,-104.9782121,U
470,08031002802,0.215781353,0.168613621,0.209230769,0.005572971,0.091474245,8.95341721311475,76.99132,0.602053181,3061.5120604917165,6338150.964631489,1671.0,0.53267453,1.399043669467037,1.001889615807615,4.172824359001847,3.950573459173596,2545.77778377358,9.827290764884008,0.0,8,31,2802,08031002802,28.02,Census Tract 28.02,G5020,S,886798,0,39.7177365,-104.9841763,U
471,08031002804,0.137534247,0.125479452,,0.0,0.152328767,8.98915765027322,76.99852,0.60205284,2832.704082707108,6139390.490567563,231.0,0.152980132,2.405330199427904,1.015173212815842,3.610326351380259,1.418253570448531,4109.685495192509,9.153157727650356,0.0,8,31,2804,08031002804,28.04,Census Tract 28.04,G5020,S,204354,0,39.7182089,-104.9773949,U
472,08031002805,0.064668238,0.073762209,,0.003874092,0.031997305,8.97381666666667,77.01545,0.600988025,2728.824125237844,5854973.073448624,482.0,0.225128445,2.176848896591021,0.892011092,3.534085301418112,11.90816284987781,2575.6825319900854,9.043899536132812,0.0,8,31,2805,08031002805,28.05,Census Tract 28.05,G5020,S,359752,0,39.7138097,-104.9768763,U
473,08031002901,0.205695328,0.162842134,0.141538462,0.016244625,0.055017971,8.88054453551913,77.16823999999998,0.599051898,2804.5950593250845,7002003.080512012,1323.0,0.624351109,1.686214335990653,0.881613864,5.217572359357527,3.647724156469104,1591.9869125405767,9.798151907805323,0.0,8,31,2901,08031002901,29.01,Census Tract 29.01,G5020,S,995464,0,39.7038284,-104.9839316,U
474,08031002902,0.094339623,0.093594836,0.143589744,0.0,0.058971142,8.90541775956284,77.20337999999998,0.587456031,2627.275590404417,6125910.965954984,1740.0,0.83976834,1.095468761812339,0.830422551,3.584508189617714,4.252207162096216,1588.1854370504736,8.646826519419195,0.0,8,31,2902,08031002902,29.02,Census Tract 29.02,G5020,S,1263474,0,39.7015908,-104.9767276,U
475,08031003002,0.303290415,0.179899857,0.2,0.0,0.071530758,8.74281994535519,77.62581,0.482921086,2343.0376653062926,4388291.554725192,903.0,0.618493151,1.038723384140571,0.554918883,3.648087808444505,1.217348124508598,1859.619836354176,8.532781042069164,0.0,8,31,3002,08031003002,30.02,Census Tract 30.02,G5020,S,1441148,0,39.6731774,-104.9806072,U
476,08031003003,0.2565767,0.208924949,0.167179487,0.024224806,0.050580998,8.86381202185792,77.40129,0.483730206,2239.874406785445,5578561.398779601,699.0,0.624664879,0.683083328,0.463192937,2.308980727113615,7.833602210514107,1110.2110867674028,8.681445959371187,0.0,8,31,3003,08031003003,30.03,Census Tract 30.03,G5020,S,1087788,0,39.6827343,-104.9672191,U
477,08031003004,0.21251332,0.244752692,0.140512821,0.0,0.040645456,8.77228196721311,77.52526,0.482778455,2058.9100194415028,4256703.183110877,1669.0,0.635083714,0.523034621,0.482408693,2.029992262759515,5.545535383230307,1540.5934792582507,8.09017941478543,0.0,8,31,3004,08031003004,30.04,Census Tract 30.04,G5020,S,2160881,0,39.6703064,-104.9660659,U
478,08031003005,0.289243277,0.10819262,0.134358974,0.0,0.03971232,8.83246092896175,77.40246,0.499419282,2649.6003733384223,6730347.38347449,991.0,0.646023468,1.660897772803135,0.535757282,3.293331846909807,5.661348132118277,1448.8892536890453,9.479065488616325,0.0,8,31,3005,08031003005,30.05,Census Tract 30.05,G5020,S,905918,0,39.6913856,-104.9818299,U
479,08031003006,0.17357513,0.086355786,0.134358974,0.001201201,0.050374208,8.80790273224044,77.51201,0.483667302,2489.3401871745336,4994044.312543057,1382.0,0.792431193,2.582531347480853,0.525611162,3.085644790130724,2.585573535408316,1400.592477643402,8.587512263351424,0.0,8,31,3006,08031003006,30.06,Census Tract 30.06,G5020,S,1214967,0,39.6830541,-104.9804792,U
480,08031003101,0.35202864,0.223150358,0.272820513,0.044929397,0.069212411,9.22366721311475,76.57094999999998,0.575655947,3244.327428,5149408.781492019,585.0,0.66552901,2.243485040629707,1.757529200556747,3.102233963146311,3.01205041328343,4025.54470592552,9.302700042724608,0.0,8,31,3101,08031003101,31.01,Census Tract 31.01,G5020,S,516843,0,39.7487003,-104.9665497,U
481,08031003102,0.330188679,0.324266667,0.179487179,0.02394958,0.164369311,9.18681393442623,76.59925,0.572064711,3145.204637469623,5476128.817697736,1019.0,0.385109599,3.95510461991869,1.648194363814421,3.096474633784783,9.696695706345404,3787.1419576111193,10.114858706286,0.0,8,31,3102,08031003102,31.02,Census Tract 31.02,G5020,S,868796,0,39.7433727,-104.9665826,U
482,08031003202,0.173939579,0.22672956,0.206153846,0.0,0.087735849,9.15999480874317,76.73864,0.576984758,2905.9552690927385,5300715.141848502,922.0,0.397413793,7.774956495025911,1.544555970237581,2.810373920831071,8.628465029720815,3586.4997408328454,9.614221287246489,0.0,8,31,3202,08031003202,32.02,Census Tract 32.02,G5020,S,507637,0,39.734567,-104.9623109,U
483,08031003203,0.112810707,0.053218611,,0.0,0.054174634,9.0649912568306,76.91285999999998,0.604315704,2735.783874798387,5580148.938915752,1363.0,0.932922656,6.630539823994287,1.246919888475007,3.10312455193616,2.277008321424796,3358.3299476922093,9.421162160135085,0.0,8,31,3203,08031003203,32.03,Census Tract 32.03,G5020,S,1683151,0,39.7222971,-104.9659994,U
484,08031003204,0.121895124,0.35204786,0.183589744,0.0,0.044178555,9.13780136612022,76.68616,0.584984575,3171.4627622556736,5659599.85133828,887.0,0.62508809,3.116744964201767,1.478708244707764,3.032824345968593,12.368389193059054,3687.808158917461,9.841899871826172,0.0,8,31,3204,08031003204,32.04,Census Tract 32.04,G5020,S,248528,0,39.7384315,-104.9688793,U
485,08031003205,0.1,0.168867925,0.183589744,0.0,0.08081761,9.10775273224044,76.76425,0.590351823,3030.522014946183,5445591.166154012,1066.0,0.478670858,7.17821907163126,1.299680298837513,3.111129181818151,3.724353240029136,3563.306319890513,9.881933150810651,0.0,8,31,3205,08031003205,32.05,Census Tract 32.05,G5020,S,607923,0,39.7330132,-104.9688623,U
486,08031003300,0.155915622,0.053194742,0.171282051,0.0,0.068786304,9.17374535519126,76.70899,0.454753278,2508.0361148627217,5182077.709316539,1069.0,0.718897108,2.584189576912788,1.504745514672357,2.741013672987589,2.142325052415523,3816.921155892868,8.98680817439915,0.0,8,31,3300,08031003300,33.0,Census Tract 33,G5020,S,1288718,0,39.7291072,-104.9507867,U
487,08031003401,0.102409639,0.131325301,0.122051282,0.0,0.134460548,9.00718114754098,77.12182,0.600241613,2447.2899133008673,5430920.413182519,690.0,0.437262357,1.384553045655492,0.944903065,3.090810704416683,5.890586541322921,2688.526889246252,8.34611576727981,0.0,8,31,3401,08031003401,34.01,Census Tract 34.01,G5020,S,1128054,0,39.7118123,-104.9668409,U
488,08031003402,0.137079608,0.082375479,0.139487179,0.004741834,0.04299702,8.93394644808743,77.20767999999998,0.560033754,2346.679862390535,5371824.117697376,1525.0,0.756823821,0.769399569,0.662970424,2.630021277014714,1.720489787350108,1789.7341541198923,8.082289773250313,0.0,8,31,3402,08031003402,34.02,Census Tract 34.02,G5020,S,2735576,54418,39.6974964,-104.9657821,U
489,08031003501,0.851851852,0.45536829,0.218461538,0.128176796,0.069702602,9.45167049180328,76.55244999999998,1.052753724220176,3513.6015587479924,5699802.498233353,644.0,0.621022179,12.077683206626656,3.587819389924032,7.010185230858641,6.519731876660051,6932.655734467703,9.14243217277409,0.0,8,31,3501,08031003501,35.01,Census Tract 35.01,G5020,S,4657968,20,39.7812624,-104.961917,U
490,08031003502,0.931830829,0.390651085,0.218461538,0.125976563,0.056483027,9.48791038251366,76.50119999999998,0.917696969,3744.3182963568015,4979843.462779861,822.0,0.802734375,12.063568735411678,4.024116352301014,5.596671720663878,7.296825179225754,8686.250806166785,9.724697590748557,0.0,8,31,3502,08031003502,35.02,Census Tract 35.02,G5020,S,2086434,0,39.7864238,-104.9482,U
491,08031003601,0.576726627,0.288249831,0.22974359,0.076353276,0.094825672,9.35262349726776,76.5475,0.664518129,3664.966598503305,5072781.843878768,1494.0,0.804523425,12.111510295715712,2.34021170436495,3.481962158475262,1.213612085566884,4981.810240985993,10.456135974051932,0.0,8,31,3601,08031003601,36.01,Census Tract 36.01,G5020,S,1326341,0,39.7671839,-104.9662007,U
492,08031003602,0.637697266,0.412536119,0.209230769,0.072,0.042306836,9.40249371584699,76.53028,0.52614371,3251.423442511182,4776478.916188389,1282.0,0.702850877,12.125046264713385,2.810481966409342,4.262671942514658,1.964954525918501,5933.383866316862,9.318251675110355,0.0,8,31,3602,08031003602,36.02,Census Tract 36.02,G5020,S,1999336,0,39.767421,-104.950128,U
493,08031003603,0.509568695,0.168523279,0.24,0.060382009,0.135675521,9.340018306010927,76.53561999999998,0.46162723,3079.3453986790396,4737537.839607935,1371.0,0.809327037,4.677609696227888,2.301228540571202,3.462426163363088,0.576211627,5490.254016019537,8.98407722045149,0.0,8,31,3603,08031003603,36.03,Census Tract 36.03,G5020,S,1984692,0,39.7565108,-104.9502093,U
494,08031003701,0.228979376,0.285635965,0.242051282,0.01911157,0.051416002,9.27714535519126,76.60142,0.440100869,2725.8739912597434,5028608.404567926,936.0,0.431734317,1.951790994865792,1.733641047844173,2.911303513464452,5.444871328893596,4641.068593337244,8.683197277087421,0.0,8,31,3701,08031003701,37.01,Census Tract 37.01,G5020,S,1873267,120383,39.7444161,-104.9509827,U
495,08031003702,0.215405996,0.230830831,,0.0,0.071671672,9.19875,76.70037,0.435792724,2778.88057314793,5117258.950383885,1728.0,0.570108875,4.398755049798963,1.593188079018263,2.815202216980462,2.03999184513571,3932.5707564361046,9.295695242748511,0.0,8,31,3702,08031003702,37.02,Census Tract 37.02,G5020,S,706200,0,39.7365218,-104.9543646,U
496,08031003703,0.350360183,0.219056974,0.195897436,0.036599764,0.055992141,9.23073415300546,76.69278,0.438521279,2560.5455880470086,5214140.215621454,941.0,0.501599147,1.663125039242745,1.61949151085236,2.810966878941517,10.349668889798416,4487.316406086097,8.640106514987782,0.0,8,31,3703,08031003703,37.03,Census Tract 37.03,G5020,S,681502,0,39.7361181,-104.9450408,U
497,08031003801,0.202258727,0.280629706,0.155897436,0.056217246,0.175564682,9.102090710382512,76.84558,0.454424127,2321.0802045062737,5434043.053533328,70.0,0.027142303,1.804922748714785,1.335073762205032,2.625959379172416,1.32921734556059,2865.308778904174,9.1696416549974,0.0,8,31,3801,08031003801,38.01,Census Tract 38.01,G5020,S,1176699,0,39.7193612,-104.9533161,U
498,08031003802,0.175796967,0.085112968,0.155897436,0.026581606,0.104836193,9.136618306010932,76.84238,0.447151135,2171.430099702771,5440849.49122573,185.0,0.075757576,1.157745914390729,1.428808447081465,2.580191985235258,1.838120594897445,3542.225590005548,8.711970010992863,0.0,8,31,3802,08031003802,38.02,Census Tract 38.02,G5020,S,1012138,0,39.7193992,-104.9446183,U
499,08031003901,0.131314941,0.140093157,0.145641026,0.001860811,0.13884866,9.03068825136612,77.04931,0.471015432,2134.655669,5173805.65239085,1019.0,0.330951608,0.780674387,0.877959551,2.254242803021138,3.967219005931351,2676.787720602673,8.040478319257916,0.0,8,31,3901,08031003901,39.01,Census Tract 39.01,G5020,S,3003056,0,39.7049974,-104.9504525,U
500,08031003902,0.136241117,0.102122347,0.137435897,0.010632014,0.043972332,8.9495193989071,77.19204,0.488191429,2098.041712955276,5428378.406968847,1163.0,0.652637486,0.550012144,0.541890594,1.966540408495804,5.757359303085789,1518.058641185334,7.772022535011036,0.0,8,31,3902,08031003902,39.02,Census Tract 39.02,G5020,S,2192999,0,39.6904268,-104.9497575,U
501,08031004002,0.117243632,0.048007838,0.143589744,0.00627451,0.060091444,8.72818224043716,77.45332,0.470405784,1800.0637683567284,3912835.907433708,940.0,0.672870437,0.260200535,0.423797027,1.390300717368562,0.110511973,999.47814707268,7.095279824706076,0.0,8,31,4002,08031004002,40.02,Census Tract 40.02,G5020,S,2367835,51146,39.661474,-104.9500752,U
502,08031004003,0.181969256,0.112172829,0.181538462,0.006619385,0.067511425,8.76481475409836,77.33424999999998,0.480170953,1584.0638749278587,4585409.139838541,1457.0,0.688888889,0.183319658,0.46633859,1.047922047971537,3.673742016265637,780.5321661765862,7.342443019205776,0.0,8,31,4003,08031004003,40.03,Census Tract 40.03,G5020,S,2615057,0,39.6599028,-104.9311833,U
503,08031004004,0.163232104,0.144793926,0.133333333,0.008235294,0.143709328,8.68023961748634,77.30513999999998,0.474540899,1440.927549,4587961.885650647,280.0,0.321100917,0.147100215,0.379984114,0.878340179,4.7227499232375,694.7016496335236,8.202337265014648,0.0,8,31,4004,08031004004,40.04,Census Tract 40.04,G5020,S,1428118,0,39.6475693,-104.9218529,U
504,08031004005,0.436245573,0.324675325,0.221538462,0.0,0.148070595,8.8987781420765,77.26018999999998,0.487004538,2010.1130221895496,5527640.44955436,605.0,0.296859666,0.450415384,0.372572457,1.612759316890536,4.131195616399994,982.1476803449488,8.4978068289964,0.0,8,31,4005,08031004005,40.05,Census Tract 40.05,G5020,S,1056271,0,39.6814221,-104.9504003,U
505,08031004006,0.21960034,0.236651285,0.139487179,0.022675737,0.052194291,8.83730546448087,77.33421,0.485675056,1906.8272842881067,4566104.493746233,677.0,0.278830313,0.419281462,0.378122727,1.555621355051368,2.49601757707699,1324.433551253445,7.879383938418583,0.0,8,31,4006,08031004006,40.06,Census Tract 40.06,G5020,S,1953043,0,39.6729505,-104.9500398,U
506,08031004101,0.748722506,0.289385207,0.216410256,0.000504286,0.111447185,9.47113797814208,76.47716,0.496213865,2829.652075200958,4478245.087613973,945.0,0.463235294,3.084103464251592,3.712818107209138,4.754424238823621,3.069358713883805,6774.995077570244,9.167826435656313,0.0,8,31,4101,08031004101,41.01,Census Tract 41.01,G5020,S,4693583,0,39.7757025,-104.9318528,U
507,08031004102,0.739757382,0.320999075,0.209230769,0.036831133,0.193922524,9.50204262295082,76.42808999999998,0.403858567,2432.012550826023,4136823.230338367,1262.0,0.841894596,1.808682413989091,3.173153065990808,3.987420864839172,2.02051922775242,8337.566702417871,9.12270061247082,0.0,8,31,4102,08031004102,41.02,Census Tract 41.02,G5020,S,3925737,0,39.7729381,-104.9128331,U
508,08031004103,0.39913406,0.105997434,0.174358974,0.031011045,0.067671584,9.38486557377049,76.47776,0.443618204,2599.712062562796,4388612.6925949855,2112.0,0.884051905,2.17917980070912,2.452995378010544,3.252854833895744,0.876969846,5829.168090632086,8.191070407357786,0.0,8,31,4103,08031004103,41.03,Census Tract 41.03,G5020,S,1899572,0,39.7565221,-104.9314085,U
509,08031004104,0.546252808,0.139677353,0.21025641,0.004392387,0.11286358,9.425215846994528,76.45592999999998,0.376427356,2251.848970403408,4004779.740893308,1784.0,0.870668619,1.375189324299952,2.537290595270963,3.050692756945369,2.527113633016809,6930.262074638861,8.23357048992774,0.0,8,31,4104,08031004104,41.04,Census Tract 41.04,G5020,S,1963411,0,39.7565128,-104.9128475,U
510,08031004108,0.255021521,0.089164237,0.166153846,0.032624113,0.048660928,9.4806806010929,76.32013999999998,0.364554063,1734.1738551428195,2836367.433382007,0.0,0.0,0.783844592,2.634305012939962,2.279394880295816,0.547775574,14140.099974945648,7.641847262126656,0.0,8,31,4108,08031004108,41.08,Census Tract 41.08,G5020,S,2302497,0,39.7556737,-104.8754684,U
511,08031004109,0.61900425,0.103825137,0.166153846,0.030358786,0.022161506,9.65319836065574,76.25593,0.418581673,1986.5294535066992,2090484.1922086673,13.0,0.011959522,4.560120114929116,3.910130126558172,3.19492184262886,0.068437259,6436.595198701907,6.499629913816789,0.0,8,31,4109,08031004109,41.09,Census Tract 41.09,G5020,S,4644248,0,39.7971065,-104.8732621,R
512,08031004110,0.334138973,0.118606138,0.166153846,0.0,0.047314578,9.5450218579235,76.21351,0.41706307,1739.2701313438004,3057779.206472235,0.0,0.0,0.915544878,3.584237704126294,2.652430606119028,1.914428221229173,29206.851047113927,8.470759072172106,0.0,8,31,4110,08031004110,41.1,Census Tract 41.10,G5020,S,6465786,32253,39.7674283,-104.8640727,U
513,08031004111,0.350192821,0.163557678,0.166153846,0.022276225,0.021210323,9.596124316939893,76.28774,0.456470422,2179.7226744824766,3128317.712934154,55.0,0.021877486,3.368177850669709,5.558979428905451,3.446953448926827,5.484747620329886,9529.010150234995,8.352620751779769,0.0,8,31,4111,08031004111,41.11,Census Tract 41.11,G5020,S,5444225,1749,39.7881691,-104.8896848,U
514,08031004112,0.347325103,0.115390947,0.166153846,0.008026268,0.065044687,9.43946639344262,76.42892,0.339623396,1990.1429512431848,3562228.209375687,153.0,0.050545094,1.076900986288151,2.452839625156658,2.678149632560848,1.79068816522524,8592.776407432148,7.824467153597446,0.0,8,31,4112,08031004112,41.12,Census Tract 41.12,G5020,S,1569577,0,39.7538587,-104.8958082,U
515,08031004113,0.298915849,0.055406132,0.166153846,0.005633803,0.026896181,9.51630081967213,76.28145999999998,0.398016208,2139.298017,3750763.1481382335,6.0,0.008450704,1.245893940672395,3.116392175228842,3.283372477800936,2.08889255783664,12314.249972329608,8.803299903869629,0.0,8,31,4113,08031004113,41.13,Census Tract 41.13,G5020,S,2718836,0,39.7700664,-104.8951472,U
516,08031004201,0.237935657,0.054206028,0.158974359,0.0,0.061210762,9.334832786885253,76.49571,0.436123195,2440.5825952986143,4503826.5321246935,1934.0,0.953648915,1.448854261819178,1.929853535717843,2.896561501860233,3.644460981533655,5162.241020802748,7.518450184156104,0.0,8,31,4201,08031004201,42.01,Census Tract 42.01,G5020,S,1904500,0,39.7455935,-104.9314404,U
517,08031004202,0.296933598,0.128266033,0.157948718,0.00476758,0.053050398,9.36796775956284,76.53412,0.381342212,2125.818910661294,4080747.2803647327,1471.0,0.859731151,1.128269335957649,1.980357287792255,2.471256847256436,3.018848090550571,5780.714312906958,6.966156881715404,0.0,8,31,4202,08031004202,42.02,Census Tract 42.02,G5020,S,1952597,0,39.7455989,-104.9128776,U
518,08031004302,0.297468354,0.069953364,0.151794872,0.00477707,0.043304464,9.27027595628415,76.66460999999998,0.441961023,2174.7874995705806,4266181.371263144,1019.0,0.783846154,1.09071483543464,1.611362421909676,2.526820330787823,1.361559695425736,4487.742162716944,7.491785598711068,0.0,8,31,4302,08031004302,43.02,Census Tract 43.02,G5020,S,1104052,0,39.732935,-104.9264364,U
519,08031004303,0.235048315,0.057853403,0.118974359,0.0,0.044398015,9.16798169398907,76.8555,0.44624102,1970.4827360932964,4856694.394695441,957.0,0.639278557,0.888468685,1.415647014615312,2.391435656828864,0.995648559,3583.5403152671524,7.829435289084596,0.0,8,31,4303,08031004303,43.03,Census Tract 43.03,G5020,S,2495203,0,39.7183753,-104.9315607,U
520,08031004306,0.223577236,0.129079498,0.136410256,0.003921569,0.128998536,9.211844535519132,76.76322,0.38645596,1736.943261687787,4445051.749158995,920.0,0.355075261,0.680075907,1.390052631618905,2.030292718513942,2.896224399228309,3581.9677257921876,7.622297760537011,0.0,8,31,4306,08031004306,43.06,Census Tract 43.06,G5020,S,2557986,0,39.7185505,-104.912997,U
521,08031004307,0.268325189,0.257777778,0.211282051,0.050371594,0.074222222,9.269059289617488,76.62719,0.434247711,2376.550588,5094282.739204504,832.0,0.662420382,1.32099093173106,1.663980798245648,2.736359319448543,9.073585904212226,4652.466547704961,7.917633533477783,0.0,8,31,4307,08031004307,43.07,Census Tract 43.07,G5020,S,614543,0,39.7369461,-104.9352242,U
522,08031004308,0.364238411,0.247716282,0.211282051,0.022261021,0.120096722,9.229113934426232,76.76675,0.448298619,2279.5524242925944,4851444.605699283,787.0,0.306583561,1.204783557322687,1.536856485795514,2.631041912022874,3.445501498163491,4188.245218345374,7.990770551149749,0.0,8,31,4308,08031004308,43.08,Census Tract 43.08,G5020,S,791214,0,39.7297392,-104.9357473,U
523,08031004309,0.330165083,0.11955978,0.163076923,0.061960386,0.047273637,9.28559535519126,76.67059,0.442003482,2032.3972363520504,4177757.2374254735,1207.0,0.587920117,0.982811847,1.617069826960266,2.40902073824367,1.736312592462487,4663.931666292172,7.269883772442894,0.0,8,31,4309,08031004309,43.09,Census Tract 43.09,G5020,S,1332722,0,39.7328214,-104.9176211,U
524,08031004310,0.223484848,0.074810606,0.163076923,0.0,0.041666667,9.30930573770492,76.59780999999998,0.306947569,1904.5119672739663,4120980.7063036175,1038.0,0.915343915,0.840296971,1.625038053808216,2.279240288030783,2.372192491815468,4890.541025203129,7.125899791717529,0.0,8,31,4310,08031004310,43.1,Census Tract 43.10,G5020,S,1289540,0,39.7328957,-104.9081259,U
525,08031004403,0.536696091,0.234552333,0.219487179,0.035852713,0.145495951,9.39329426229508,76.50364999999998,0.337336284,1869.803303127048,3653395.713057056,1460.0,0.655884996,0.859220152,2.049886715548557,2.355400146743126,8.394791294061974,6633.255257239439,7.164469234732529,0.0,8,31,4403,08031004403,44.03,Census Tract 44.03,G5020,S,1465389,0,39.7443925,-104.894813,U
526,08031004404,0.630934407,0.439188056,0.204102564,0.044334975,0.186713639,9.35440491803279,76.59819,0.308153132,1764.6418601022592,3527880.3466245886,1202.0,0.465170279,0.720849743,1.708736604150684,1.912729110238078,5.879278550562044,5495.357309659208,7.041855114596149,0.0,8,31,4404,08031004404,44.04,Census Tract 44.04,G5020,S,1304208,0,39.7365094,-104.8940558,U
527,08031004406,0.233063039,0.038984825,0.185641026,0.0,0.168759812,9.28630136612022,76.63643,0.289312989,1700.6122859881464,3744922.1985360216,521.0,0.258304412,0.673279599,1.583255184747649,1.916742423181199,0.631436623,4382.958143119648,7.449655114326622,0.0,8,31,4406,08031004406,44.06,Census Tract 44.06,G5020,S,1700468,0,39.7250266,-104.8978195,U
528,08031004407,0.349914237,0.176946933,0.185641026,0.046987088,0.069779462,9.2576325136612,76.55123,0.288169429,1533.8889554438374,3594334.5845178245,142.0,0.049632995,0.557072345,1.302751224234028,1.64696811996127,1.836909649850657,3901.4303591525286,7.620484834932359,0.0,8,31,4407,08031004407,44.07,Census Tract 44.07,G5020,S,4307778,0,39.7176671,-104.8853817,U
529,08031004503,0.891372467,0.617869128,0.264615385,0.131492439,0.057773109,8.43728415300546,77.70409999999998,0.45924526,5343.5949895505455,3641973.537996154,887.0,0.575226978,0.408095907,0.586750569,2.258449863100663,9.060368686881825,872.6430632633859,7.835670891069629,0.0,8,31,4503,08031004503,45.03,Census Tract 45.03,G5020,S,1017830,0,39.7005623,-105.0458901,U
530,08031004504,0.891833811,0.553008596,0.228717949,0.130200308,0.083333333,8.47062923497268,77.65254,0.453688729,5777.21700135532,3953236.6112415697,843.0,0.619397502,0.41992678,0.592310997,2.375092180334098,3.784977243720735,1074.005717175042,7.890317923013343,0.0,8,31,4504,08031004504,45.04,Census Tract 45.04,G5020,S,899287,0,39.707775,-105.0468182,U
531,08031004505,0.887527352,0.671943712,0.201025641,0.039473684,0.110065646,8.57125737704918,77.51174,0.4966837,4855.606478573753,4336167.433327362,776.0,0.557471264,0.572239212,0.787862203,2.517326183709171,7.979831777843117,1104.717209393602,8.167953460393148,0.0,8,31,4505,08031004505,45.05,Census Tract 45.05,G5020,S,1000565,0,39.7076012,-105.0324194,U
532,08031004506,0.89958159,0.517035266,0.214358974,0.181497797,0.090555888,8.53537896174863,77.56051999999998,0.495997296,4573.862169642658,3948988.386584056,703.0,0.61938326,0.556486561,0.691246511,2.388456704864947,9.995800114839218,996.4070269153272,7.946373653543953,0.0,8,31,4506,08031004506,45.06,Census Tract 45.06,G5020,S,958641,0,39.7004127,-105.0320473,U
533,08031004601,0.731958763,0.340713199,0.195897436,0.018411362,0.087059621,8.35839699453552,77.76074,0.387841766,4835.137163930286,3300934.413848757,1791.0,0.888833747,0.407658138,0.570104961,2.186808448883929,6.385739907597553,751.8056004841818,7.459441650389278,0.0,8,31,4601,08031004601,46.01,Census Tract 46.01,G5020,S,1963145,0,39.6894807,-105.0461034,U
534,08031004602,0.76440138,0.37005304,0.244102564,0.177025289,0.078423405,8.47485245901639,77.67332,0.427388541,4143.036456283044,3623465.068784303,1270.0,0.536091178,0.60385775,0.622678588,2.516440716519091,5.342593678238809,905.1953242678755,7.708616690416085,0.0,8,31,4602,08031004602,46.02,Census Tract 46.02,G5020,S,1906083,32470,39.6903431,-105.0327113,U
535,08031004603,0.619811843,0.356945213,0.196923077,0.047064777,0.074709463,8.36999918032787,77.76298,0.384353177,3692.3635588796014,3187586.9811963663,1793.0,0.907388664,0.474001705,0.639875927,2.568229400511632,2.805344229103319,809.3812841254426,7.435519182261089,0.0,8,31,4603,08031004603,46.03,Census Tract 46.03,G5020,S,1867748,0,39.6749283,-105.031805,U
536,08031004700,0.552127162,0.29769917,0.195897436,0.067754078,0.126483448,8.25706530054645,77.87712999999998,0.30001397,4514.228153097699,2898859.2796145766,1568.0,0.636105477,0.283069153,0.597801126,2.060472304534874,4.219122119698813,624.3034100516265,7.333131027314389,0.0,8,31,4700,08031004700,47.0,Census Tract 47,G5020,S,2389463,110616,39.6755785,-105.0485065,U
537,08031004801,0.510688836,0.107227689,0.185641026,0.009159034,0.106888361,8.14228142076503,77.94992999999998,0.28328819,3974.787553229119,2747931.367769181,1017.0,0.823481781,0.256510949,0.742523308,1.873553044232311,4.765201496502339,2490.3803493493806,7.699631819912549,0.0,8,31,4801,08031004801,48.01,Census Tract 48.01,G5020,S,1401480,0,39.6605879,-105.0480424,U
538,08031005001,0.431566908,0.29440588,0.228717949,0.022727273,0.103013029,9.11416092896175,76.89552,0.45648555,1678.1685535332867,4634534.1312915785,435.0,0.419479267,0.524944773,0.985224101,1.787975375540004,4.12029041312884,3125.6471664639366,8.013759823118033,0.0,8,31,5001,08031005001,50.01,Census Tract 50.01,G5020,S,1542074,0,39.7025325,-104.9171282,U
539,08031005003,0.451965066,0.340975255,0.179487179,0.0,0.10007278,9.14813907103825,76.82029,0.323566428,1588.6234768629738,4526313.515040332,221.0,0.168831169,0.552738174,1.01598796308273,1.707199270905453,8.468085923672449,3114.2871664184254,8.007567580865354,0.0,8,31,5003,08031005003,50.03,Census Tract 50.03,G5020,S,978110,0,39.7057889,-104.9078791,U
540,08031005004,0.575985335,0.389032021,0.179487179,0.065995976,0.127714391,9.07280327868853,76.91476,0.397269516,1566.2971467657349,4301695.139410223,62.0,0.023827825,0.411713667,0.756610487,1.630930257861026,3.331682226492672,3160.621083503476,8.275984742531065,0.0,8,31,5004,08031005004,50.04,Census Tract 50.04,G5020,S,1131438,0,39.6941843,-104.9077711,U
541,08031005102,0.209943182,0.189204545,0.205128205,0.012195122,0.084375,8.9864393442623,77.08083,0.488976045,1764.4758567333142,4668482.921017257,1216.0,0.694063927,0.395976663,0.530519544,1.513979243149432,11.501365141000276,1908.1593966258915,7.640600461383173,0.0,8,31,5102,08031005102,51.02,Census Tract 51.02,G5020,S,1624912,0,39.6875556,-104.9269973,U
542,08031005104,0.449406298,0.324740824,0.264615385,0.068984857,0.108433735,8.94540136612022,77.14438,0.489436129,1854.2243841175791,6492492.062799703,709.0,0.381387843,0.389915713,0.363628472,1.388880954876243,13.907681052613391,1439.9607269795329,8.251377555341474,0.0,8,31,5104,08031005104,51.04,Census Tract 51.04,G5020,S,742038,0,39.6847737,-104.9356207,U
543,08031005200,0.161462979,0.129646149,0.148717949,0.018531718,0.060244557,9.00109289617486,77.00083999999998,0.481752489,1637.2426632708207,4322744.806417539,818.0,0.576462297,0.350174851,0.518778617,1.350838523853974,8.728675717242494,3165.005860079382,7.728721002106755,0.0,8,31,5200,08031005200,52.0,Census Tract 52,G5020,S,2051682,0,39.685488,-104.914999,U
544,08031005300,0.346341463,0.343520091,0.233846154,0.025862069,0.111801242,8.8692718579235,77.24720999999998,0.488569053,1770.80161,5611936.327052496,264.0,0.269387755,0.314635804,0.367465927,1.179541425454872,4.825776816117268,957.5708095637729,8.135387420654297,0.0,8,31,5300,08031005300,53.0,Census Tract 53,G5020,S,1136449,0,39.6738704,-104.9359526,U
545,08031005502,0.46795476,0.384393064,0.188717949,0.008849558,0.06959498,8.05525737704918,77.95158,0.323917318,3414.084928,2641739.3116132314,0.0,0.0,0.226067913,1.120724375821249,1.756636047717719,3.036880810282131,9465.546371723454,7.169541358947754,0.0,8,31,5502,08031005502,55.02,Census Tract 55.02,G5020,S,2898229,0,39.6459296,-105.0429081,U
546,08031005503,0.37520938,0.218009479,0.216410256,0.00551572,0.129565965,7.96026885245902,77.9979,0.317091554,3038.467033511733,2166900.0280265566,420.0,0.228633642,0.185376861,1.098523355626003,1.187189415795836,0.520065599,11018.206873162391,6.690532716297112,0.0,8,31,5503,08031005503,55.03,Census Tract 55.03,G5020,S,2020259,0,39.6332722,-105.0407517,U
547,08031006701,0.24193928,0.134243994,0.154871795,0.005504587,0.096675312,8.55757595628415,77.32597,0.444760564,1284.1662384521253,5325214.335354961,29.0,0.009489529,0.112632625,0.406277378,0.541834699,1.741899394889148,565.8849538410385,9.011175839380924,0.0,8,31,6701,08031006701,67.01,Census Tract 67.01,G5020,S,1018161,0,39.6301934,-104.9093526,U
548,08031006804,0.115134633,0.105230579,0.161025641,0.019027484,0.101207057,8.59309836065574,77.22964,0.335073358,1178.5100101366525,4749243.58933744,28.0,0.013011152,0.100281966,0.542649851,0.306167078,4.967757564853576,1274.3250510680696,8.996246684405763,0.0,8,31,6804,08031006804,68.04,Census Tract 68.04,G5020,S,2223326,0,39.6303898,-104.8944364,U
549,08031006810,0.473586078,0.339030454,0.147692308,0.053903346,0.09073959,8.74055983606557,77.10952,0.326022908,1195.161221674764,3963777.8966053454,8.0,0.002850018,0.105619985,0.535462993,0.309540358,5.469593704504629,1027.8730853914742,8.192178775102665,0.0,8,31,6810,08031006810,68.1,Census Tract 68.10,G5020,S,2251981,0,39.6462882,-104.8888351,U
550,08031006812,0.233951498,0.146673026,0.152820513,0.066129716,0.137422729,8.81547103825137,77.16898999999998,0.467431976,1428.3142280773143,4857330.498616939,115.0,0.047876769,0.143383754,0.403388582,0.829867676,5.205341743857525,1385.7589237410816,8.127631771964676,0.0,8,31,6812,08031006812,68.12,Census Tract 68.12,G5020,S,1987595,0,39.6601119,-104.9108556,U
551,08031006813,0.53829986,0.266230733,0.198974359,0.015349887,0.129024677,8.96028442622951,76.88556,0.312420386,1246.9571276712088,3300017.201520093,20.0,0.00804829,0.102225032,0.444304588,0.272571446,7.886900850820252,1830.9442745721776,7.151722718123551,0.0,8,31,6813,08031006813,68.13,Census Tract 68.13,G5020,S,1042128,0,39.6680755,-104.8709935,U
552,08031006814,0.453565141,0.384242958,,0.0,0.144146127,8.8685106557377,76.96982,0.324888847,1213.4961243270475,3202408.592694174,57.0,0.026315789,0.060710961,0.462863624,0.364947335,2.944695175110137,646.9365751206901,6.749578863222556,0.0,8,31,6814,08031006814,68.14,Census Tract 68.14,G5020,S,2077433,0,39.6593147,-104.8777978,U
553,08031006815,0.235430157,0.04440333,0.166153846,0.0,0.040703053,8.72811147540984,77.13037,0.450839598,1340.468909,4895579.976753685,90.0,0.082417582,0.1306592,0.386569692,0.703247852,4.732977357818131,1134.3541462041578,8.476885795593262,0.0,8,31,6815,08031006815,68.15,Census Tract 68.15,G5020,S,1154635,0,39.6496047,-104.9083821,U
554,08031006816,0.298442736,0.252513306,0.166153846,0.007459903,0.161991308,8.6709393442623,77.25213999999998,0.390379301,1260.3474099618943,4766714.889206751,95.0,0.033568905,0.115540964,0.407674801,0.537524372,0.905137496,1096.5783929869463,8.683712991476707,0.0,8,31,6816,08031006816,68.16,Census Tract 68.16,G5020,S,1847835,17849,39.6400403,-104.9033647,U
555,08031006817,0.244359097,0.050937049,0.172307692,0.044474394,0.124939933,8.87509262295082,77.02426,0.319407875,1361.352666,3581155.003044163,0.0,0.0,0.12324708,0.379269562,0.950969656,0.0,1172.2552397670129,6.888350009918213,0.0,8,31,6817,08031006817,68.17,Census Tract 68.17,G5020,S,912242,0,39.6637319,-104.8965466,U
556,08031006818,0.387985253,0.314638993,0.172307692,0.08708213,0.084261078,8.82390601092896,77.11998,0.326353812,1294.62885327837,3720604.36785092,194.0,0.072631973,0.118167326,0.439675659,0.564415413,5.878875629897125,1274.1168697874944,7.698759513566687,0.0,8,31,6818,08031006818,68.18,Census Tract 68.18,G5020,S,1259085,0,39.6569246,-104.8934823,U
557,08031006902,0.334678671,0.335376234,0.243076923,0.036577805,0.199523323,8.91336229508197,77.1143,0.487967505,1612.939743294667,4798767.641494137,202.0,0.117305459,0.270139827,0.389624797,1.046234364126123,13.115201253206372,1188.4922519800016,8.2775060135693,0.0,8,31,6902,08031006902,69.02,Census Tract 69.02,G5020,S,1053097,0,39.6745428,-104.9203116,U
558,08031006903,0.366945607,0.25333927,0.243076923,0.040149393,0.1134249,8.92085792349727,77.01385,0.430477111,1506.9325404048486,4335440.120148744,232.0,0.191577209,0.243020232,0.438667207,1.07239515549825,7.971474218546172,2002.870869445976,7.960161775145867,0.0,8,31,6903,08031006903,69.03,Census Tract 69.03,G5020,S,936328,0,39.6729464,-104.9082307,U
559,08031007006,0.622404746,0.524982888,,0.161380597,0.109514031,8.84359398907104,76.86332,0.31524523,1114.3751167063867,3384518.796636033,114.0,0.047979798,0.0,0.603051445,0.205361085,8.166471184800594,534.619578291255,7.57077838001927,0.0,8,31,7006,08031007006,70.06,Census Tract 70.06,G5020,S,1840234,0,39.6539765,-104.8634505,U
560,08031007013,0.365955232,0.249349297,0.187692308,0.013450595,0.097084852,9.031805191256828,76.91871,0.31173312,1461.4488318402143,3558332.1353781503,16.0,0.007670182,0.293463993,0.436138158,1.078203108190238,7.391490917124536,2783.019745992143,7.639597742295457,0.0,8,31,7013,08031007013,70.13,Census Tract 70.13,G5020,S,1254010,0,39.6848106,-104.8974864,U
561,08031007037,0.612677814,0.466184178,0.212307692,0.07776618,0.14524582,9.204194535519132,76.55878,0.291210245,1265.3480730581396,3172189.722205004,50.0,0.024307244,0.435796959,0.991601687,0.996832352,6.013289750497533,3133.7666625376623,7.229906982229662,0.0,8,31,7037,08031007037,70.37,Census Tract 70.37,G5020,S,1058750,0,39.703681,-104.870908,U
562,08031007088,0.530573248,0.320222317,0.204102564,0.030608135,0.122287968,9.1611456284153,76.78874999999998,0.303961019,1390.2065674799835,3793767.185948385,22.0,0.008070433,0.396347277,0.804685576,1.390439124391507,7.902615845785984,2981.7967802080702,7.576014296452801,0.0,8,31,7088,08031007088,70.88,Census Tract 70.88,G5020,S,2441409,1067,39.7020947,-104.8936456,U
563,08031007090,0.603119584,0.285961872,,0.12034384,0.091276719,9.19891584699454,76.7402,0.287099066,1441.065043,3453395.0851313868,0.0,0.0,0.516174409,0.938555289,1.447668513402838,0.0,3220.4106931925567,7.363399982452393,0.0,8,31,7090,08031007090,70.9,Census Tract 70.90,G5020,S,204903,0,39.7079473,-104.8898489,U
564,08031007091,0.12485242,0.391086187,,0.010200227,0.315525384,9.19760819672131,76.72750999999998,0.289536253,1329.9754772502145,3188522.1785315685,544.0,0.189151599,0.391508822,0.911147176,1.29274145776518,0.317344083,3089.922228270016,7.251901023620396,0.0,8,31,7091,08031007091,70.91,Census Tract 70.91,G5020,S,757393,0,39.7044871,-104.8807951,U
565,08031008304,0.899542218,0.42985151,0.208205128,0.115810675,0.168107833,9.67211857923497,76.09975,0.343296765,1704.3867736432655,1796403.4587767248,52.0,0.052,3.622282635230258,2.752378472084376,2.465092124253542,0.143776587,5817.882697594048,8.795005909924202,0.0,8,31,8304,08031008304,83.04,Census Tract 83.04,G5020,S,934491,0,39.7938634,-104.8415724,R
566,08031008305,0.931753555,0.524652579,,0.050774527,0.069383886,9.64324234972678,76.02043,0.333002987,1597.438170022572,1615874.5153088572,104.0,0.087615838,3.976545405161902,2.169937545555863,2.337285980262036,4.628165443218595,4560.444406373993,7.85482111185712,0.0,8,31,8305,08031008305,83.05,Census Tract 83.05,G5020,S,1026177,0,39.7943942,-104.828692,R
567,08031008306,0.930100481,0.359250516,0.175384615,0.086618005,0.090378157,9.63631229508197,76.04499,0.34252172,1651.184502494088,2142046.990520824,102.0,0.048022599,1.026008280459686,2.63735133715278,2.374917121891195,4.243210208251512,6578.633701202854,9.31358152622982,0.0,8,31,8306,08031008306,83.06,Census Tract 83.06,G5020,S,1366939,0,39.7857354,-104.8384214,U
568,08031008312,0.888623707,0.281308163,0.173333333,0.061797753,0.089570064,9.57562786885246,76.10124,0.372325244,1500.511628454814,2895821.765794327,108.0,0.041909197,0.681768304,1.967765691272439,2.216260059628147,2.978315120826915,7288.31123364329,9.423852884064416,0.0,8,31,8312,08031008312,83.12,Census Tract 83.12,G5020,S,2572312,0,39.7769139,-104.8301468,U
569,08031008386,0.963172164,0.276315789,0.218461538,0.073327961,0.127202892,9.60232459016393,75.94426,0.311135908,1483.5812621811751,1610818.0672645639,0.0,0.0,2.649970615931055,1.690743212267406,2.0158711130363,3.714090777667217,4171.880971113118,8.120478421398543,0.0,8,31,8386,08031008386,83.86,Census Tract 83.86,G5020,S,1292146,0,39.7919789,-104.8148289,U
570,08031008387,0.923743501,0.228955742,0.212307692,0.050618673,0.06513576,9.58999453551912,76.02200999999998,0.314965419,1466.0161385229903,1994067.540483944,0.0,0.0,0.836498736,1.704957010107385,2.036934531971999,2.16574596286794,5323.10860300376,8.72616586700513,0.0,8,31,8387,08031008387,83.87,Census Tract 83.87,G5020,S,1737987,0,39.7840691,-104.8201917,U
571,08031008388,0.781364101,0.278881262,,0.055471698,0.083712066,9.52608169398907,75.7968,0.310409537,1308.777966796656,1777424.0437167585,18.0,0.003217733,1.448594122377098,1.182769834241229,1.89126642453785,0.819087034,4211.995171536611,8.974850355065813,0.0,8,31,8388,08031008388,83.88,Census Tract 83.88,G5020,S,8813336,0,39.7859681,-104.7914653,U
572,08031008389,0.82214988,0.248139782,0.175384615,0.030474532,0.083022636,9.42906393442623,75.52898999999998,0.195549188,1109.25186627557,963422.5756801113,20.0,0.004304778,0.31778345,0.747640639,1.812702682523785,0.552446288,2566.3406440943127,8.757981330746293,0.0,8,31,8389,08031008389,83.89,Census Tract 83.89,G5020,S,5688856,0,39.790463,-104.7526224,U
573,08031008390,0.828863593,0.27262181,0.201025641,0.029634508,0.083156473,9.41228907103825,75.60429,0.20271928,1085.637301845,1219124.2414229224,34.0,0.01098546,0.301895769,1.083177084934208,2.762695212975919,1.052933269832583,3450.1850981422385,8.704205454508465,0.0,8,31,8390,08031008390,83.9,Census Tract 83.90,G5020,S,2288743,0,39.7766656,-104.7628612,U
574,08031008391,0.778394477,0.229735234,0.183589744,0.028320702,0.072289157,9.366118306010932,75.48088,0.203637985,997.286678899478,872541.9459352961,64.0,0.02552852,0.21241364,0.559352958,2.664856553528791,0.166803018,2424.5618484786246,8.711685747405209,0.0,8,31,8391,08031008391,83.91,Census Tract 83.91,G5020,S,2304139,0,39.7756402,-104.7444224,U
575,08031011902,0.518329071,0.221653879,0.191794872,0.022182469,0.154295533,8.0378368852459,77.98927,0.220713475,4472.268008954356,2513634.8808046514,101.0,0.033938172,0.195514641,0.809552503,1.599754942923772,3.212877316689487,4417.303675383645,7.435825216880783,0.0,8,31,11902,08031011902,119.02,Census Tract 119.02,G5020,S,2446002,0,39.6594459,-105.0615228,U
576,08031011903,0.425820569,0.147058824,0.135384615,0.017148982,0.103719912,7.98408770491803,77.9293,0.229664636,5535.470028447482,2310885.281717784,41.0,0.042797495,0.16643515,0.596435061,1.589907439200496,0.709237482,375.7497146660776,7.666327602540454,0.0,8,31,11903,08031011903,119.03,Census Tract 119.03,G5020,S,1052078,0,39.66508,-105.0750315,U
577,08031012001,0.242274966,0.12731377,0.166153846,0.0,0.127133872,7.90252978142076,78.05043,0.187119469,3848.059652247191,2229797.059211092,87.0,0.074870912,0.176593817,1.73039955737112,1.519376187670504,3.171350264514814,9233.319275136602,6.98573944308901,0.0,8,31,12001,08031012001,120.01,Census Tract 120.01,G5020,S,1963357,10200,39.6443128,-105.0650653,U
578,08031012010,0.282229311,0.106074854,0.143589744,0.00887574,0.083693001,7.69929480874317,78.07656,0.183336527,3015.597237892013,1588294.633770093,0.0,0.0,0.119298465,0.703496729,0.772572363,1.039244383290567,11808.225061156452,7.100497458274885,0.0,8,31,12010,08031012010,120.1,Census Tract 120.10,G5020,S,3057387,2647171,39.6238354,-105.0626097,U
579,08031012015,0.349705807,0.287797391,0.181538462,0.008756567,0.093902753,7.5940606557377,77.95711,0.181957718,3551.751745490035,1424981.6268803473,10.0,0.005837712,0.111598501,0.540647703,0.830090298,3.599994184922431,9204.587451255247,6.938002989074753,0.0,8,31,12015,08031012015,120.15,Census Tract 120.15,G5020,S,1507923,14530,39.632813,-105.095705,U
580,08031012016,0.314002289,0.209843571,0.181538462,0.061921708,0.12972148,7.52550956284153,77.96494,0.179999423,3263.455975223768,1437695.1103093347,38.0,0.027046263,0.104975103,0.514624868,0.640629161,3.706849615715322,9583.658177058249,6.931390574212449,0.0,8,31,12016,08031012016,120.16,Census Tract 120.16,G5020,S,990616,3606,39.6267045,-105.098343,U
581,08031015300,0.262825572,0.195211786,0.153846154,0.029972752,0.100499868,9.09587923497268,76.86806,0.449238153,1806.424009113876,4645244.864187976,498.0,0.204685573,0.564195295,0.940764615,1.905166996733187,0.598242946,3225.7235202037227,7.494989247718049,0.0,8,31,15300,08031015300,153.0,Census Tract 153,G5020,S,1137447,0,39.7040164,-104.926286,U
582,08031015400,0.391313933,0.201930603,0.206153846,0.030017657,0.076345984,8.96210163934426,77.13634,0.497875512,11255.245276203252,4757745.552379593,1089.0,0.610768368,1.052495527094879,0.709883829,2.854782510405482,5.47594163782462,3801.229749748516,7.972802714353579,0.0,8,31,15400,08031015400,154.0,Census Tract 154,G5020,S,2648852,0,39.7876183,-105.0439331,U
583,08031015500,0.48942017,0.264884234,0.245128205,0.028201572,0.088485848,9.00166557377049,76.99951,0.48527951,1905.8378030152985,4862485.598422449,289.0,0.12708883,0.48667585,0.572698807,1.800338895233581,19.665586882146705,2085.6110476752046,7.446024700696766,0.0,8,31,15500,08031015500,155.0,Census Tract 155,G5020,S,591351,0,39.6931336,-104.9356769,U
584,08031015600,0.806747295,0.306174411,0.231794872,0.07624857,0.057146526,8.48885710382514,77.74433,0.387690478,3089.2085712398007,3680215.2745052446,584.0,0.211364459,1.260192896784858,0.68676452,3.664820321806517,4.380405787137402,1105.4919384024215,7.881727397820134,0.0,8,31,15600,08031015600,156.0,Census Tract 156,G5020,S,3735275,6184,39.6759062,-105.019205,U
585,08031015700,0.631104953,0.300928454,0.243076923,0.046788601,0.151202749,8.24192049180328,77.85425999999998,0.384056978,3379.9020724313527,3019743.7553293966,934.0,0.383888204,0.36917568,0.750735549,2.342817398401738,1.736246975917367,2346.4616924990087,7.429981414045157,0.0,8,31,15700,08031015700,157.0,Census Tract 157,G5020,S,2103357,0,39.6614484,-105.0344467,U
586,08031015800,0.772711205,0.330505479,,0.0,0.148462354,9.561269945355193,75.53832,0.225189107,1236.679887,1082699.2993910937,6.0,0.005020921,0.632203171,0.931954862,1.820480142699121,0.333686019,2593.146636392413,8.04438591003418,0.0,8,31,15800,08031015800,158.0,Census Tract 158,G5020,S,6175356,0,39.8134798,-104.7721151,R
587,08031980001,0.0,0.0,,0.0,0.0,9.33436693989071,74.5621,,0.0,,0.0,0.0,,,,0.0,,0.0,,8,31,980001,08031980001,9800.01,Census Tract 9800.01,G5020,S,103458746,78494,39.8791986,-104.6910529,R
588,08031980100,0.0,0.0,,0.0,0.0,9.652600819672132,76.2085,0.354804085,1806.069396,2310969.698917568,0.0,0.0,2.786940540997777,3.682790918283731,2.730410548367675,3.315156148330053,6944.989199737212,8.755292892456055,0.0,8,31,980100,08031980100,9801.0,Census Tract 9801,G5020,S,4225564,0,39.786583,-104.8564088,U
589,08031980200,0.359459459,0.055555556,,0.0,0.044594595,8.97115355191257,76.89678999999998,0.58742128,4936.530719,8432608.460213158,42.0,0.666666667,2.167520377782995,1.011484353252319,3.423557457884166,4.75311263526197,5046.004322406455,10.977022171020508,0.0,8,31,980200,08031980200,9802.0,Census Tract 9802,G5020,S,1671282,0,39.7458199,-105.0082706,U
590,08033000100,0.233576642,0.306569343,0.212307692,0.0,0.080291971,4.50228825136612,63.11852,0.010667658,0.007969811,19110.87552532601,576.0,0.338028169,0.0,0.0,0.0,0.059318624,0.003009102,4.454170544959304,0.0,8,33,100,08033000100,1.0,Census Tract 1,G5020,S,2763958508,2716141,37.7338227,-108.5062192,R
591,08035013904,0.264472191,0.216234652,0.181538462,0.02238806,0.094684006,7.74041530054645,76.26601999999998,0.167762685,584.4666376991424,963688.7838471598,30.0,0.015345269,0.0,0.064568424,0.0,5.212937601038552,334.8384875370942,10.484431258379248,1.0,8,35,13904,08035013904,139.04,Census Tract 139.04,G5020,S,5325682,0,39.530132,-104.7671387,R
592,08035013905,0.211911075,0.170507852,0.195897436,0.002007025,0.09009009,7.59495628415301,76.21178999999998,0.130330185,547.6281168574982,683096.7472838422,36.0,0.016566958,0.0,0.0,0.0,3.781859349487019,287.3475165774086,9.268857920440166,1.0,8,35,13905,08035013905,139.05,Census Tract 139.05,G5020,S,3645627,0,39.5131593,-104.7566152,U
593,08035013907,0.245599871,0.096076215,0.139487179,0.004340278,0.086710803,7.4361737704918,76.1656,0.12731044,511.9607362162377,583733.2571400758,6.0,0.002505219,0.0,0.0,0.0,1.734979443925493,365.5450715260248,7.574416146379507,1.0,8,35,13907,08035013907,139.07,Census Tract 139.07,G5020,S,6333538,0,39.4914703,-104.7579735,U
594,08035013909,0.139568554,0.077927732,0.163076923,0.0,0.104531635,6.85998169398907,75.42838999999998,0.076244977,106.53954506653037,193560.14308956728,72.0,0.029304029,0.0,0.0,0.0,0.058323085,38.81380821573883,5.817993760797373,0.231933822,8,35,13909,08035013909,139.09,Census Tract 139.09,G5020,S,63332094,27213,39.4099782,-104.7270342,R
595,08035013910,0.16394052,0.043990087,0.157948718,0.018409714,0.061838995,7.48785109289618,75.94252,0.096854752,510.6648881166748,359106.00068023836,22.0,0.008442057,0.0,0.0,0.0,0.0,188.42021258623848,6.811162292913809,1.0,8,35,13910,08035013910,139.1,Census Tract 139.10,G5020,S,5167471,0,39.5034616,-104.7371996,U
596,08035013911,0.158687466,0.040258516,0.192820513,0.0,0.071698113,7.31930191256831,75.40657,0.08076207,458.0593426665024,224890.80157902976,65.0,0.029213483,0.0,0.0,0.0,0.016588278,112.08347304714374,5.983070710377541,0.723292993,8,35,13911,08035013911,139.11,Census Tract 139.11,G5020,S,36056000,5394,39.4899314,-104.6902364,R
597,08035013912,0.325235309,0.130312699,0.106666667,0.0,0.121633695,7.81351420765027,76.00646,0.140010484,567.4723522563049,690476.7596867215,0.0,0.0,0.072968887,0.209236135,0.0,0.66142776,251.5442433831168,6.660167987579621,0.807709914,8,35,13912,08035013912,139.12,Census Tract 139.12,G5020,S,27369433,126492,39.5452125,-104.7335591,R
598,08035013913,0.077083333,0.136904762,0.106666667,0.0,0.090178571,7.70565136612022,75.59648,0.116512057,492.29037579473686,313437.3457285488,6.0,0.005097706,0.103171048,0.201523737,0.0,0.0,118.37897635714212,5.238602512761166,0.0,8,35,13913,08035013913,139.13,Census Tract 139.13,G5020,S,18566920,25414,39.5432151,-104.6847715,U
599,08035013914,0.139054019,0.024295684,0.158974359,0.0,0.10327654,7.20506885245902,75.76528,0.093322648,411.99427450385934,227837.77999888663,0.0,0.0,0.0,0.0,0.0,0.266869349,115.71832753646784,5.649167616633237,0.108168355,8,35,13914,08035013914,139.14,Census Tract 139.14,G5020,S,21555542,49435,39.4723655,-104.7378535,U
600,08035013915,0.211811885,0.064892454,0.158974359,0.0,0.067498166,7.12001775956284,75.8797,0.097156956,444.5699464223797,195598.58356533977,27.0,0.023725835,0.0,0.0,0.0,0.0,60.53794702510916,5.201029784130832,0.0,8,35,13915,08035013915,139.15,Census Tract 139.15,G5020,S,6102243,95760,39.4483886,-104.749486,R
601,08035014005,0.207344289,0.073319756,0.17025641,0.0,0.045389782,7.89120491803279,76.65934,0.207875526,661.2212132456207,1319035.5370438683,0.0,0.0,0.0,0.175679568,0.0,1.4833455118665,611.464412521256,10.017018482830814,0.0,8,35,14005,08035014005,140.05,Census Tract 140.05,G5020,S,2606515,0,39.5420815,-104.8017795,U
602,08035014006,0.218881119,0.030689462,0.122051282,0.02455838,0.080744472,7.54562568306011,76.63460999999998,0.122967978,577.1177188525021,745253.7149837272,4.0,0.001706485,0.0,0.031607344,0.0,0.295682961,306.55552315378304,8.248105485212943,1.0,8,35,14006,08035014006,140.06,Census Tract 140.06,G5020,S,5799895,15187,39.5040809,-104.7958216,U
603,08035014007,0.456256358,0.165818922,0.176410256,0.0,0.087487284,7.91357868852459,77.01835,0.233066902,734.8852593853138,1859127.7005240007,13.0,0.006429278,0.0,0.172835568,0.0,1.0349065691208,918.1233108263613,9.036999892074697,0.0,8,35,14007,08035014007,140.07,Census Tract 140.07,G5020,S,9893654,82567,39.5447238,-104.8346284,U
604,08035014008,0.262878788,0.041824734,,0.007065217,0.067065641,7.74780464480874,76.7347,0.180211323,641.4411686051103,1085825.5694423176,77.0,0.020338088,0.0,0.118478684,0.0,0.616687079,678.9672991845273,9.05315487665635,0.287815136,8,35,14008,08035014008,140.08,Census Tract 140.08,G5020,S,5767351,9586,39.5268478,-104.8089149,U
605,08035014009,0.288884365,0.050081433,,0.026899798,0.05517101,7.59051775956284,76.46134,0.14268884,580.9021686006961,877292.813752923,0.0,0.0,0.0,0.052678318,0.0,1.907355936520879,416.5040779535912,8.74393739581636,1.0,8,35,14009,08035014009,140.09,Census Tract 140.09,G5020,S,3670688,0,39.5098057,-104.7806828,U
606,08035014010,0.256074216,0.173170373,0.137435897,0.007103394,0.070887205,7.82984617486339,76.51218,0.201671493,623.8446924730571,1174235.044937716,73.0,0.027526395,0.0,0.146375617,0.0,2.98110570763503,538.7250827158966,9.739951502564624,0.846230654,8,35,14010,08035014010,140.1,Census Tract 140.10,G5020,S,4323693,0,39.5377937,-104.7837756,U
607,08035014011,0.242389098,0.041533546,0.184615385,0.0,0.061453328,7.51125819672131,77.10957999999998,0.173409932,696.1735750444823,1169202.5196680543,30.0,0.011614402,0.0,0.115763942,0.0,0.705890713,722.2169861989707,8.360762597008524,0.697972826,8,35,14011,08035014011,140.11,Census Tract 140.11,G5020,S,30024600,67941,39.5016623,-104.8403971,U
608,08035014013,0.213014119,0.03756363,0.167179487,0.007828356,0.052788757,6.93384207650273,76.45582,0.112148207,498.9664491318194,330892.4239894281,13.0,0.003723861,0.0,0.0,0.0,0.08718324,44.596604974313536,7.58767607294948,2.400121718811499,8,35,14013,08035014013,140.13,Census Tract 140.13,G5020,S,41384004,0,39.4215739,-104.7976637,R
609,08035014014,0.308316048,0.118423534,0.165128205,0.012452107,0.044125966,8.06221994535519,76.96191,0.227674678,742.8319488939586,1848619.81508873,0.0,0.0,0.0,0.390205688,0.0,0.631382901,742.1408598063377,8.265734277768674,0.32963857,8,35,14014,08035014014,140.14,Census Tract 140.14,G5020,S,9053301,0,39.5593409,-104.8333683,U
610,08035014015,0.225719666,0.240516546,0.165128205,0.0155902,0.145301467,8.02073032786885,76.47332,0.210395386,675.3006814279088,1347333.6452304227,0.0,0.0,0.0,0.311497708,0.0,3.008955609751324,708.5341532465392,8.202532792828746,0.773318606,8,35,14015,08035014015,140.15,Census Tract 140.15,G5020,S,2553441,0,39.5575485,-104.7882104,U
611,08035014016,0.223571313,0.040247678,0.165128205,0.0,0.060547191,7.22921612021858,76.87936,0.123355894,572.541062085994,596555.9511773861,18.0,0.008587786,0.0,0.0,0.0,0.191115718,269.4966134983124,5.494809089246424,2.731946144430844,8,35,14016,08035014016,140.16,Census Tract 140.16,G5020,S,39482330,0,39.4630274,-104.8225688,U
612,08035014017,0.11471492,0.141238938,0.165128205,0.0,0.044247788,6.89157295081967,77.04253,0.149221346,615.5311463623973,712480.7679810321,39.0,0.032967033,0.0,0.0,0.0,0.393790901,62.89546515271815,7.119953480904176,5.829127139972897,8,35,14017,08035014017,140.17,Census Tract 140.17,G5020,S,9328683,0,39.4274528,-104.8623265,R
613,08035014107,0.21021021,0.03953954,0.141538462,0.019579405,0.101101101,7.77685273224044,78.16634,0.300344108,1379.4961625897167,2175132.249981364,0.0,0.0,0.0,0.369641779,0.386978348,1.437238023338593,18480.890417995248,7.117931305173812,0.0,8,35,14107,08035014107,141.07,Census Tract 141.07,G5020,S,2746510,0,39.5607228,-104.9727746,U
614,08035014108,0.137726994,0.021944217,0.157948718,0.0,0.105080596,7.6583912568306,78.04406,0.273704677,1326.3741348351648,1554627.738793738,6.0,0.003126628,0.0,0.327695004,0.321615508,0.465959826,19678.68139856303,7.043480087013727,,8,35,14108,08035014108,141.08,Census Tract 141.08,G5020,S,3090461,0,39.5503853,-104.9744605,U
615,08035014109,0.105433376,0.061204344,0.124102564,0.01552795,0.10496874,7.6983193989071,78.01076,0.244145106,1221.2115917328765,1528626.9042406497,0.0,0.0,0.0,0.179506728,0.212308714,1.274921959821759,13747.822551368256,7.840741867235261,,8,35,14109,08035014109,141.09,Census Tract 141.09,G5020,S,1545576,0,39.5466733,-104.9559512,U
616,08035014110,0.204879057,0.084556543,0.171282051,0.008108108,0.065781282,7.84244890710383,78.01685999999998,0.291558303,1243.0100669567496,2199128.0639767954,0.0,0.0,0.0,0.340130077,0.207948099,3.793146390815989,12251.448426443556,7.780284997832572,0.0,8,35,14110,08035014110,141.1,Census Tract 141.10,G5020,S,2692409,1317,39.5584875,-104.9498093,U
617,08035014112,0.216339311,0.049072753,0.154871795,0.0,0.054654142,7.81502950819672,77.69708,0.248741293,1024.9171880002623,1866122.7708860969,34.0,0.025241277,0.0,0.24045596,0.133064027,0.294824731,9079.17583434082,8.318984133025474,0.0,8,35,14112,08035014112,141.12,Census Tract 141.12,G5020,S,1692298,4930,39.5486109,-104.9191516,U
618,08035014113,0.249919897,0.040089801,0.164102564,0.01559633,0.048107761,7.82326639344262,77.64772,0.256119623,954.623140893295,1953241.1783883583,10.0,0.009174312,0.0,0.236789609,0.116895897,1.370449602769077,8188.81118623337,8.848042727081888,0.0,8,35,14113,08035014113,141.13,Census Tract 141.13,G5020,S,1264691,0,39.5473717,-104.9076037,U
619,08035014114,0.238861386,0.086633663,0.191794872,0.015306122,0.063063063,7.96279426229508,77.4325,0.284696465,915.1797023515725,2390475.227441571,7.0,0.005061461,0.0,0.235732472,0.106993939,3.843864281667068,282.9086355552631,8.344841194152831,0.0,8,35,14114,08035014114,141.14,Census Tract 141.14,G5020,S,3121590,0,39.5585875,-104.893627,U
620,08035014115,0.210550045,0.104632768,0.141538462,0.0,0.086760054,7.81428360655738,77.53172999999998,0.252559799,889.5294764841717,1971745.200675356,0.0,0.0,0.0,0.192996384,0.102706622,0.226869934,268.10822889523206,9.094764463740624,0.0,8,35,14115,08035014115,141.15,Census Tract 141.15,G5020,S,2585072,0,39.5436486,-104.8948691,U
621,08035014116,0.421572212,0.080804388,0.166153846,0.0,0.056489945,7.91244398907104,77.41209,0.266586202,819.485603767141,2917175.7594706174,0.0,0.0,0.0,0.167483859,0.0,0.945762562,345.46905256738114,9.45523901173862,0.0,8,35,14116,08035014116,141.16,Census Tract 141.16,G5020,S,3976441,0,39.5496631,-104.8772631,U
622,08035014123,0.261983083,0.199280945,0.165128205,0.01627907,0.050333847,6.83016857923497,77.07389999999998,0.153351173,634.2105535042623,748435.0199446592,0.0,0.0,0.0,0.0,0.0,1.961527452623884,47.7035184207174,8.432455875818894,3.393320039880359,8,35,14123,08035014123,141.23,Census Tract 141.23,G5020,S,5624145,0,39.4245333,-104.8816939,U
623,08035014124,0.142646245,0.030638612,0.175384615,0.0,0.043189369,7.18939836065574,78.19880999999998,0.224500475,1283.8691852505683,839960.9888324614,6.0,0.003138075,0.113827017,0.30219085,0.34067541,0.36024487,35520.89899978702,6.577719583395668,,8,35,14124,08035014124,141.24,Census Tract 141.24,G5020,S,2625431,0,39.5296592,-105.0208384,U
624,08035014125,0.239217653,0.100603622,0.110769231,0.016411787,0.076961771,7.46077786885246,77.48130999999998,0.213845114,800.1090284177392,1658605.0341306063,51.0,0.017628759,0.0,0.086321797,0.019645702,1.838293977169398,345.97547846046035,8.32030389244535,0.90467277,8,35,14125,08035014125,141.25,Census Tract 141.25,G5020,S,17298213,5755,39.5045943,-104.8818577,U
625,08035014126,0.161702128,0.133806147,0.166153846,0.029490617,0.047281324,7.47146666666667,78.1157,0.24232773,1357.532117,1247871.6813736877,0.0,0.0,0.0,0.382615607,0.353464353,2.054199102951626,32470.786368776728,7.556739807128906,,8,35,14126,08035014126,141.26,Census Tract 141.26,G5020,S,715530,0,39.5455012,-104.9971453,U
626,08035014127,0.131619048,0.034040926,0.163076923,0.0,0.058834766,7.20513797814208,77.63088999999998,0.141854754,816.6642539362515,644359.4895351036,11.0,0.005860416,0.0,0.0,0.0,0.102997701,130.8963488880362,6.544405447640838,3.0,8,35,14127,08035014127,141.27,Census Tract 141.27,G5020,S,6120977,0,39.4814792,-104.9092305,R
627,08035014128,0.23503055,0.10509165,,0.012540894,0.090427699,7.3550587431694,78.17874,0.234361567,1312.3681005147344,1049265.6348697208,39.0,0.020889127,0.049959345,0.363461375,0.397863074,0.206266518,34981.314557784404,7.22287487936863,,8,35,14128,08035014128,141.28,Census Tract 141.28,G5020,S,2070224,0,39.5374076,-105.0046584,U
628,08035014129,0.169230769,0.006161429,,0.0,0.053538462,7.37909180327869,78.11162,0.234283764,1239.7114797491677,930319.0409341338,0.0,0.0,0.0,0.264874404,0.296524745,0.0,23876.56809666251,6.959556198411194,,8,35,14129,08035014129,141.29,Census Tract 141.29,G5020,S,1377555,4014,39.5332313,-104.9927263,U
629,08035014130,0.292120704,0.025507328,,0.015010142,0.056636654,7.30675081967213,78.25834,0.242972174,1394.6671775057127,1049952.869425524,36.0,0.014342629,0.109331499,0.525656466,0.428770664,1.059731144991957,76839.80677614809,6.916261706699873,,8,35,14130,08035014130,141.3,Census Tract 141.30,G5020,S,3534867,0,39.543137,-105.0217658,U
630,08035014131,0.138843515,0.09291235,0.136410256,0.0,0.186298669,7.35519863387978,78.23303,0.274365002,1506.243869686747,1738096.1214976753,34.0,0.009402655,0.100031719,1.673721246719898,0.668135943,1.047703827584087,114992.60360791824,7.025591742910883,0.0,8,35,14131,08035014131,141.31,Census Tract 141.31,G5020,S,13385068,1044125,39.552954,-105.031686,R
631,08035014132,0.128770302,0.042426251,0.134358974,0.0,0.060490554,7.54015327868852,77.89275999999998,0.234836644,1139.8805083575717,1161378.41229694,0.0,0.0,0.0,0.15768493,0.171155934,1.106947279274885,12695.009871791004,7.540485145944682,0.0,8,35,14132,08035014132,141.32,Census Tract 141.32,G5020,S,3305674,3538,39.5320325,-104.96023,U
632,08035014133,0.165488215,0.054377104,0.153846154,0.0,0.092424242,7.48882513661202,78.04653,0.234890603,1251.796115952381,1225858.2146836307,0.0,0.0,0.0,0.253535066,0.268089919,0.51003613,20532.416137724194,7.096742435107156,,8,35,14133,08035014133,141.33,Census Tract 141.33,G5020,S,4110475,1136,39.5379234,-104.9780883,U
633,08035014134,0.24615631,0.040198591,0.166153846,0.007533903,0.053651505,7.39872404371585,77.87143,0.213558934,1060.9737885250468,918425.3107726538,0.0,0.0,0.0,0.136037113,0.141231164,0.291072411,11246.697634221391,6.949655408593483,0.0,8,35,14134,08035014134,141.34,Census Tract 141.34,G5020,S,3177432,0,39.5168815,-104.9506853,U
634,08035014135,0.146793761,0.031743278,0.162051282,0.0,0.04610052,6.9999237704918,77.87262,0.175241179,1006.0695008077691,846179.1873631901,58.0,0.028613715,0.089224845,0.196056808,0.274335911,0.020160745,18155.835820383458,5.520616927889461,0.110549411,8,35,14135,08035014135,141.35,Census Tract 141.35,G5020,S,67303845,21091,39.4807982,-104.9724592,U
635,08035014138,0.313886046,0.088365745,,0.008322663,0.120777892,7.94695765027322,77.61601,0.306894788,1008.8467387159744,2307097.6697665243,11.0,0.006918239,0.0,0.255681642,0.129208477,3.438905875884745,8611.287518152387,8.075185692016436,0.0,8,35,14138,08035014138,141.38,Census Tract 141.38,G5020,S,1885400,0,39.5613717,-104.9150649,U
636,08035014139,0.163018285,0.064640742,,0.006684492,0.100952871,7.8401262295082,77.87294,0.277728377,1118.8252591407531,1850477.449015526,20.0,0.012936611,0.0,0.290709443,0.162140587,2.687558764565527,10474.369994421479,8.17007297873209,0.0,8,35,14139,08035014139,141.39,Census Tract 141.39,G5020,S,3747315,3147,39.5548902,-104.9333338,U
637,08035014140,0.252972973,0.084250406,0.163076923,0.044735406,0.058198198,7.66417896174863,77.56409999999998,0.248422255,927.996871180011,1495342.2774170768,0.0,0.0,0.0,0.178284853,0.107981351,0.255507177,5343.291778732426,8.168663700004759,0.0,8,35,14140,08035014140,141.4,Census Tract 141.40,G5020,S,3919126,0,39.5305746,-104.9042401,U
638,08035014141,0.220874561,0.079795723,0.168205128,0.0,0.085860198,7.07919426229508,77.29003,0.145046959,740.4629064082246,662976.47419581,20.0,0.008756567,0.0,0.0,0.0,0.425678702,107.49057680885008,6.52092690377667,2.81722638534861,8,35,14141,08035014141,141.41,Census Tract 141.41,G5020,S,7489046,0,39.4606234,-104.8922407,U
639,08035014142,0.063360882,0.013774105,0.168205128,0.0,0.031955923,6.91794535519126,77.36072,0.149702446,708.1662908,418276.1729877772,0.0,0.0,0.0,0.0,0.0,0.0,57.62550859314464,5.513133525848389,0.022292994,8,35,14142,08035014142,141.42,Census Tract 141.42,G5020,S,6261563,0,39.4428854,-104.9024083,R
640,08035014143,0.147028689,0.027124774,0.117948718,0.0,0.043280791,7.64041475409836,77.67921,0.246996797,1011.4507683885188,1249819.6687996876,4.0,0.003770028,0.0,0.21559925,0.124195769,0.17619967,9123.674882736721,8.310171661473742,0.0,8,35,14143,08035014143,141.43,Census Tract 141.43,G5020,S,1653932,0,39.5325627,-104.9226235,U
641,08035014144,0.213408023,0.005601735,0.117948718,0.004214329,0.027732463,7.40985136612022,77.7082,0.18586053,963.8472210230744,1035631.773163183,13.0,0.00782661,0.0,0.154870346,0.119866644,0.308038523,9217.56385502722,7.178779004849242,0.0,8,35,14144,08035014144,141.44,Census Tract 141.44,G5020,S,9850098,9356,39.5029778,-104.9271038,R
642,08035014145,0.38277512,0.073177596,0.146666667,0.0,0.083591331,7.64917049180328,77.84334,0.239811003,1100.9777022239412,1474542.7539974551,0.0,0.0,0.0,0.234490444,0.150801057,1.766202519676456,10676.597755446835,9.239217046806012,0.0,8,35,14145,08035014145,141.45,Census Tract 141.45,G5020,S,1680182,0,39.5375455,-104.9397387,U
643,08035014146,0.235889364,0.097818754,0.146666667,0.007523511,0.038435451,7.63917103825137,77.77075999999998,0.24579178,1048.411021973856,1344266.60106031,0.0,0.0,0.0,0.193904694,0.13687363,0.382420452,9893.060972035031,8.831213303056419,0.0,8,35,14146,08035014146,141.46,Census Tract 141.46,G5020,S,1667194,0,39.5337754,-104.9305361,U
644,08035014203,0.199306473,0.086030383,0.131282051,0.006753715,0.086360634,6.28014726775956,77.46335999999998,0.053490004,918.8976398260676,136255.5872449756,0.0,0.0,0.202738268,0.06122372,0.285399188,0.148887771,8035.84486135203,4.826435856625683,0.0,8,35,14203,08035014203,142.03,Census Tract 142.03,G5020,S,18806717,0,39.4525247,-105.0828338,U
645,08035014205,0.213230356,0.057017544,0.156923077,0.025901943,0.0564137,6.45099890710383,77.55079999999998,0.076283155,978.0839890467558,326013.5657504065,125.0,0.111308994,0.122442639,0.122516771,0.247217656,0.013026246,11702.93538176676,4.642609433705481,2.247911959926885,8,35,14205,08035014205,142.05,Census Tract 142.05,G5020,S,73260791,327235,39.4455297,-105.0333269,R
646,08035014206,0.096056623,0.169868554,0.156923077,0.0,0.141675284,6.15846693989071,76.97376,0.064134482,603.012942,116435.5961254354,42.0,0.12804878,0.0,0.0,0.0,0.0,3.641833088835627,3.411003351211548,,8,35,14206,08035014206,142.06,Census Tract 142.06,G5020,S,55220164,214,39.3794559,-105.0051354,R
647,08035014207,0.152784169,0.158623985,0.156923077,0.0,0.060745513,6.48172759562842,77.77558999999998,0.05573259,940.3783827,120014.46571300924,0.0,0.0,0.177835357,0.095304129,0.240131601,0.678377376,8671.431386612694,5.778975009918213,0.0,8,35,14207,08035014207,142.07,Census Tract 142.07,G5020,S,655546,0,39.4733189,-105.0691657,U
648,08035014208,0.239606954,0.11634981,0.156923077,0.0,0.092214664,6.78704617486339,78.13677,0.09719788,1158.402772,428465.5547675586,20.0,0.037313433,0.18549951,0.176060987,0.33082101,0.046249309,11024.366410794408,5.521884918212891,0.706979959,8,35,14208,08035014208,142.08,Census Tract 142.08,G5020,S,25380897,2584864,39.5094376,-105.0632029,R
649,08035014300,0.02919708,0.067778936,,0.0,0.173096976,5.24889081967213,74.97542,0.020338977,181.4357028,30907.68133174724,171.0,0.290322581,0.067140023,0.0,0.07513576,0.0,6.510652555944838,2.242613554000854,0.303030303,8,35,14300,08035014300,143.0,Census Tract 143,G5020,S,492001269,1693504,39.254744,-105.1569731,R
650,08035014404,0.128161889,0.029932546,0.156923077,0.0,0.137436762,5.54480792349727,75.59012,0.040314782,94.54953911503186,53220.3308464142,58.0,0.055555556,0.0,0.0,0.029821692,0.0,334.84889250172813,3.07953154888882,4.0,8,35,14404,08035014404,144.04,Census Tract 144.04,G5020,S,238354628,125188,39.2083615,-105.0205776,R
651,08035014405,0.152143133,0.077607322,0.154871795,0.0,0.054693561,6.68012049180328,77.10692,0.120197792,621.557002653654,318041.81166708487,0.0,0.0,0.0,0.0,0.0,0.337770185,20.71765015563479,7.583989561890526,6.0,8,35,14405,08035014405,144.05,Census Tract 144.05,G5020,S,9218652,0,39.4112636,-104.9048678,U
652,08035014407,0.252644231,0.238983051,0.133333333,0.075613079,0.115144231,6.14821830601093,76.54322,0.080495582,356.72579584114044,349215.7630678353,72.0,0.049046322,0.0,0.0,0.0,2.672002879865715,7.299590187148548,7.042217290185921,2.618636995827538,8,35,14407,08035014407,144.07,Census Tract 144.07,G5020,S,67151075,0,39.330921,-104.9230009,U
653,08035014408,0.062787136,0.041746457,0.133333333,0.0,0.07187017,5.75871379781421,75.53234,0.052177154,2.73981584,158076.30684021095,53.0,0.052788845,0.0,0.0,0.056605221,0.017168141,674.5635915716233,6.281289577484131,4.533446232006774,8,35,14408,08035014408,144.08,Census Tract 144.08,G5020,S,93096280,0,39.2109131,-104.9005758,R
654,08035014409,0.112263417,0.212341198,0.172307692,0.0,0.046663191,6.4887718579235,77.12131999999998,0.093895792,610.4412914,312035.6833614101,27.0,0.024702653,0.0,0.0,0.0,0.0,27.905942191668547,6.514444828033447,6.0,8,35,14409,08035014409,144.09,Census Tract 144.09,G5020,S,26498318,0,39.3934233,-104.9292311,R
655,08035014410,0.20064776,0.072219126,0.172307692,0.00309666,0.053599746,6.60789535519126,76.87430999999998,0.092486585,580.6634610068087,436963.6199372796,0.0,0.0,0.0,0.0,0.0,1.005031606580911,6.43075887930185,8.622050822557076,5.46792899408284,8,35,14410,08035014410,144.1,Census Tract 144.10,G5020,S,10857433,0,39.3929096,-104.8838364,U
656,08035014503,0.208535565,0.151323655,0.158974359,0.008731809,0.098242678,6.68381584699454,76.59537,0.161570971,537.2435228493025,682571.0912513414,22.0,0.008789453,0.0,0.0,0.0,1.496634341592704,22.58010497257068,9.737381610474412,6.0,8,35,14503,08035014503,145.03,Census Tract 145.03,G5020,S,9399040,0,39.3929432,-104.8463257,U
657,08035014504,0.229009114,0.237159533,0.182564103,0.0,0.09947644,6.55008278688525,76.44113,0.122369269,402.9018688708628,544774.2961277864,307.0,0.139608913,0.0,0.0,0.0,2.385873676412347,6.844921352358579,9.535858830771655,6.0,8,35,14504,08035014504,145.04,Census Tract 145.04,G5020,S,6443624,0,39.3682701,-104.8427247,U
658,08035014505,0.197419355,0.138989766,0.193846154,0.0,0.07748224,6.43903715846995,76.24903,0.112489473,72.48184976558083,360392.1059684472,34.0,0.012806026,0.0,0.0,0.0,1.137121528032932,8.847373150955399,8.324526412957091,6.0,8,35,14505,08035014505,145.05,Census Tract 145.05,G5020,S,14774980,0,39.3467247,-104.8394936,R
659,08035014506,0.144985673,0.050429799,,0.0,0.120997981,5.99964303278689,75.43487,0.064311233,0.817568187,186739.48497701963,40.0,0.015835313,0.0,0.0,0.013435695,0.0,228.45884136426665,4.840256061192767,0.0,8,35,14506,08035014506,145.06,Census Tract 145.06,G5020,S,200122032,115775,39.2364659,-104.8203999,R
660,08035014602,0.08278956,0.049443758,0.163076923,0.0,0.08278956,6.15526237704918,74.85004999999998,0.045000965,2.03925272,83277.83499447502,94.0,0.098843323,0.0,0.0,0.0,0.023947547,532.9565431227928,4.40684986114502,,8,35,14602,08035014602,146.02,Census Tract 146.02,G5020,S,214359621,345663,39.2393453,-104.7015733,R
661,08035014603,0.064883995,0.077467558,0.179487179,0.00459482,0.070913619,6.66640765027322,76.27612999999998,0.098183159,156.23909115583808,263208.3652873857,0.0,0.0,0.0,0.0,0.0,0.120330333,11.115807328888494,8.083289246382783,6.0,8,35,14603,08035014603,146.03,Census Tract 146.03,G5020,S,6574132,0,39.3785915,-104.8025716,U
662,08035014604,0.162395051,0.024966858,,0.0,0.070260716,6.46321412568306,75.75955999999998,0.085115801,0.463760605,192166.95876899164,10.0,0.006729475,0.0,0.0,0.0,0.042286226,13.898535883720374,5.575086098047173,6.0,8,35,14604,08035014604,146.04,Census Tract 146.04,G5020,S,65189295,0,39.3344845,-104.7713617,R
663,08037000100,0.587574356,0.18902842,,0.100970874,0.028420357,4.9422887431694,64.77119,0.013296566,0.42566495,107203.59683360644,110.0,0.161764706,0.0,0.0,0.0,0.002645698,13179.544563467432,3.543966293334961,0.011574074,8,37,100,08037000100,1.0,Census Tract 1,G5020,S,1404011697,6666917,39.7782448,-106.8102656,R
664,08037000200,0.587018886,0.230815204,0.154871795,0.019373454,0.052832895,4.98905994535519,65.77536,0.038066938,0.012823577,50293.12591900364,25.0,0.00950209,0.0,0.0,0.0,0.696975843,11181.851791818635,7.157254207198223,1.0,8,37,200,08037000200,2.0,Census Tract 2,G5020,S,375574272,1311406,39.5321964,-106.8800519,R
665,08037000301,0.282375852,0.194568637,0.147692308,0.064387211,0.079195067,5.11039920765027,65.15376,0.031837349,0.000250107,165271.84832852223,76.0,0.031430935,0.0,0.0,0.0,0.259115533,5.22183478309355,6.934492751445354,0.0,8,37,301,08037000301,3.01,Census Tract 3.01,G5020,S,23919027,161550,39.3913241,-107.0945995,R
666,08037000302,0.238920226,0.193734542,,0.0,0.142626914,4.89331633879781,65.54256,0.020384465,0.006273047,54348.711047116114,144.0,0.104803493,0.0,0.0,0.0,1.309077245153944,436.78857335408856,7.187426622302033,6.645147584973166,8,37,302,08037000302,3.02,Census Tract 3.02,G5020,S,598501128,3496885,39.4172672,-106.9990714,R
667,08037000401,0.359515571,0.298269896,,0.051801802,0.040657439,4.86091546448087,65.83951,0.032282205,0.858646771,180873.22680995776,66.0,0.024175824,0.0,0.0,0.0,0.272726327,5920.8847664621,5.906702550647241,0.0,8,37,401,08037000401,4.01,Census Tract 4.01,G5020,S,190520749,620623,39.7127553,-106.5636189,R
668,08037000402,0.449314499,0.224968841,,0.050130208,0.034898214,4.74678024590164,66.11597,0.015608694,0.05088491,80037.98392704224,79.0,0.036744186,0.0,0.0,0.0,0.025459963,3839.3985595705567,2.073943066861265,0.0,8,37,402,08037000402,4.02,Census Tract 4.02,G5020,S,168446103,749450,39.5876465,-106.595484,R
669,08037000404,0.59107214,0.421290588,0.152820513,0.066666667,0.076448829,4.8785618579235,66.08189,0.027693252,0.005010921,108122.19949045668,163.0,0.154356061,0.0,0.0,0.0,0.179048668,1211.3808894406322,4.337183923060743,0.269638907,8,37,404,08037000404,4.04,Census Tract 4.04,G5020,S,370602781,900656,39.6051403,-106.7259514,R
670,08037000405,0.14985212,0.175608953,0.152820513,0.0,0.068630678,4.92151524590164,65.99527,0.037730294,0.001162374,53166.22517534104,128.0,0.058474189,0.0,0.0,0.0,1.247863275943723,322.39458626938506,7.830247176619308,0.092713787,8,37,405,08037000405,4.05,Census Tract 4.05,G5020,S,146119534,202291,39.5680768,-106.8107312,R
671,08037000501,0.504065041,0.249774164,,0.104461371,0.009033424,4.74462234972678,66.20476,0.026028306,1.12502666,122927.65757690166,0.0,0.0,0.078274087,0.0,0.0,0.117661254,1135.78072158982,3.403591632843018,0.0,8,37,501,08037000501,5.01,Census Tract 5.01,G5020,S,49986168,134534,39.5904401,-106.5316939,U
672,08037000502,0.296661438,0.185525431,,0.015026296,0.055844449,4.73115696721311,66.2857,0.031463233,2.403888989963758,143062.3163789418,21.0,0.009681881,0.121905933,0.0,0.0,0.242969438,496.86104682764807,6.271659612855043,0.0,8,37,502,08037000502,5.02,Census Tract 5.02,G5020,S,36130006,169001,39.5902514,-106.4766599,U
673,08037000504,0.618539513,0.364454818,0.164102564,0.083883129,0.108036012,4.77884491803279,66.21663,0.047101637,2.04507298361413,253628.5922380277,65.0,0.029213483,0.03318915,0.0,0.0,1.388885116726994,1032.3222697048523,10.89232001097306,0.0,8,37,504,08037000504,5.04,Census Tract 5.04,G5020,S,2311707,168745,39.6329082,-106.5197534,U
674,08037000505,0.116206357,0.154768108,0.164102564,0.097826087,0.070870245,4.80161756830601,66.0914,0.030142907,1.970166364164426,105346.34166135028,18.0,0.013245033,0.041475116,0.0,0.0,0.065782455,1025.4248884745239,6.220022808621582,0.0,8,37,505,08037000505,5.05,Census Tract 5.05,G5020,S,65007932,60245,39.6495835,-106.501936,R
675,08037000600,0.248452012,0.179566563,,0.005671078,0.058823529,4.60864418032787,66.54423,0.007356472,1.27054396,93738.75098389533,330.0,0.439414115,1.668908984558465,0.0,0.0,0.024866981,188.56178719940897,2.712761878967285,0.0,8,37,600,08037000600,6.0,Census Tract 6,G5020,S,643613921,3773031,39.4555868,-106.4583608,R
676,08037000701,0.081118881,0.167132867,,0.0,0.048951049,4.74879606557377,66.27276,0.03476461,3.22403836,259132.33468010393,0.0,0.0,0.16252122,0.0,0.0,1.594031507297324,98.98428468533922,7.321082592010498,,8,37,701,08037000701,7.01,Census Tract 7.01,G5020,S,20076385,32651,39.619832,-106.4086044,U
677,08037000702,0.027955272,0.170926518,,0.0,0.052715655,4.75873259562842,66.45,0.021585022,3.636745952397408,172935.24393873254,21.0,0.005478737,0.051293754,0.0,0.0,0.195618325,36.12238161951902,6.545209348073016,,8,37,702,08037000702,7.02,Census Tract 7.02,G5020,S,45577875,39314,39.6057777,-106.3288187,U
678,08037000703,0.06585057,0.148163782,,0.027798648,0.081023454,4.80803084699454,66.37148,0.022776385,3.783698257820919,263364.27614948933,10.0,0.004164931,0.129088658,0.0,0.0,0.925264705,2237.338023132982,5.521655019602949,,8,37,703,08037000703,7.03,Census Tract 7.03,G5020,S,222355228,483052,39.6759515,-106.3083175,R
679,08039961100,0.08660214,0.287409701,0.147692308,0.0,0.136694387,5.88365819672131,68.49349,0.022206076,0.25136005,27307.462172716903,313.0,0.339111593,0.0,0.012120597,0.0,0.007816865,0.232418942,2.456934115979977,2.332838038632987,8,39,961100,08039961100,9611.0,Census Tract 9611,G5020,S,3030782902,284922,39.2296612,-103.9184034,R
680,08039961204,0.20787326,0.122659626,0.178461538,0.0,0.054608737,7.05485300546448,74.17274999999998,0.058977848,63.45131943264158,46302.651027888176,0.0,0.0,0.01671696,0.040320001,0.0,0.038334161,7.397900730954084,3.172956317316697,0.0,8,39,961204,08039961204,9612.04,Census Tract 9612.04,G5020,S,244792496,5952,39.5047207,-104.5359349,R
681,08039961205,0.215363512,0.168267032,0.181538462,0.005694761,0.101051669,6.20943948087432,72.20488,0.029902795,0.114236003,6044.417368796952,118.0,0.125132556,0.0,0.027970624,0.0,0.007882938,0.01814334,2.157951425589483,0.0,8,39,961205,08039961205,9612.05,Census Tract 9612.05,G5020,S,869520917,82016,39.3696118,-104.3429014,R
682,08039961206,0.093409586,0.075163399,0.168205128,0.0,0.066703116,6.77242857923497,74.64709,0.063160626,1.122209497199659,14598.963690045568,10.0,0.007621951,0.0,0.0,0.0,0.184359785,3.443817092193968,5.34379368930742,0.0,8,39,961206,08039961206,9612.06,Census Tract 9612.06,G5020,S,54247190,0,39.4125613,-104.6348096,R
683,08039961207,0.078231293,0.112487852,0.169230769,0.0,0.048833819,6.5915656010929,73.78846,0.047161739,0.219908111,5410.210214452284,60.0,0.036166365,0.0,0.0,0.0,0.084875112,0.006469503,4.775008102223664,0.0,8,39,961207,08039961207,9612.07,Census Tract 9612.07,G5020,S,137501743,69257,39.4084908,-104.5427635,R
684,08039961208,0.200900676,0.105829372,0.180512821,0.0,0.109582187,6.30707008196721,73.9426,0.043828464,0.141313664,4768.641586614304,129.0,0.083549223,0.0,0.0,0.0,0.0911691,0.01216714,3.170482619344216,0.0,8,39,961208,08039961208,9612.08,Census Tract 9612.08,G5020,S,180286551,0,39.304741,-104.5835308,R
685,08039961209,0.146575342,0.156192237,0.193846154,0.0,0.141866913,6.1090556010929,73.38346,0.030239558,1.111675063830679,4941.821762199748,107.0,0.122988506,0.0,0.0,0.0,0.041246202,0.010593735,1.908054227301381,0.854987427,8,39,961209,08039961209,9612.09,Census Tract 9612.09,G5020,S,276512193,0,39.2219886,-104.537289,R
686,08041000102,0.17828381,0.116634268,0.18974359,0.0,0.141219239,6.3072193989071,74.0583,0.191023483,57.08296099356872,1823666.5705405285,312.0,0.215172414,0.0,0.428962952,1.049331689736057,4.610324604896007,1742.399429562096,7.856514829573588,0.0,8,41,102,08041000102,1.02,Census Tract 1.02,G5020,S,1615912,0,38.8637764,-104.7671405,U
687,08041000103,0.382066277,0.357374919,0.195897436,0.010759494,0.086094867,6.30741420765027,74.25427,0.154909232,38.843870785153726,1819837.3860947776,15.0,0.009247842,0.0,0.28954053,0.809022406,5.80249138785385,1802.2069657777,8.16498974540017,0.0,8,41,103,08041000103,1.03,Census Tract 1.03,G5020,S,1295090,0,38.8860094,-104.7641258,U
688,08041000104,0.281703178,0.381972789,0.195897436,0.022162525,0.223400616,6.27201846994536,74.20964999999998,0.165676843,48.581270833527554,1804736.3397333035,318.0,0.20662768,0.0,0.379437579,0.91675409,1.103719607800007,1952.0250527065643,8.010973007068568,0.0,8,41,104,08041000104,1.04,Census Tract 1.04,G5020,S,5645429,6031,38.8729518,-104.7706431,U
689,08041000202,0.345698324,0.21367713,0.188717949,0.0,0.142985814,6.2806162568306,74.36941,0.157837177,34.19835748039803,1829619.8579195628,86.0,0.047751249,0.0,0.288464248,0.779936768,1.606988051676988,2058.613253907074,7.912416564757154,0.0,8,41,202,08041000202,2.02,Census Tract 2.02,G5020,S,2657713,0,38.8952989,-104.7724225,U
690,08041000203,0.222698613,0.378159757,0.184615385,0.004350528,0.092015209,6.14986740437158,74.34846,0.161989218,47.309029739294914,1822396.4543668928,332.0,0.197854589,0.0,0.496093702,1.18510972664401,1.400359260032691,3641.8817064006976,8.134608585767154,0.0,8,41,203,08041000203,2.03,Census Tract 2.03,G5020,S,2631162,0,38.8890384,-104.8043973,U
691,08041000301,0.332922318,0.447794351,0.244102564,0.0,0.221199619,6.15330423497268,74.27146999999998,0.162060346,54.07324651936236,1898402.7273753872,691.0,0.476223294,0.0,0.493497973,1.187712155875082,3.815313856859798,2980.9358024918247,8.161502355158074,0.0,8,41,301,08041000301,3.01,Census Tract 3.01,G5020,S,1867287,0,38.8798657,-104.8029776,U
692,08041000302,0.388445279,0.541060291,0.21025641,0.012345679,0.268970894,6.05442,74.41066999999998,0.111934592,48.2973260312523,2218761.8729482945,171.0,0.081622912,0.0,1.150270403522491,1.737448533693252,6.886679999298045,19164.05295928888,8.426183927606004,0.0,8,41,302,08041000302,3.02,Census Tract 3.02,G5020,S,5547145,45585,38.8903897,-104.8219967,U
693,08041000400,0.225936367,0.132501007,0.185641026,0.008613264,0.129478827,6.15180942622951,74.27089999999998,0.178688548,64.14751641264682,2003458.9191889567,579.0,0.49870801,0.0,0.490850912,1.017701813467312,3.498701694576382,2622.9697829438687,7.790743615679077,0.0,8,41,400,08041000400,4.0,Census Tract 4,G5020,S,1716903,0,38.869807,-104.8042439,U
694,08041000500,0.190819082,0.163987138,0.185641026,0.0,0.088033012,6.11721,74.21656,0.159922297,65.1467442633135,1988173.8579586924,897.0,0.921891059,0.0,0.552769936,1.040927636115117,1.823432689994841,3011.234563523227,7.838729147873227,0.0,8,41,500,08041000500,5.0,Census Tract 5,G5020,S,1331116,0,38.8649049,-104.8121119,U
695,08041000600,0.186293436,0.28024453,0.176410256,0.008842444,0.09704918,6.23993617486339,74.18994,0.19127924,67.0357136778494,1879263.4347719976,971.0,0.731725697,0.0,0.45419387,1.027114381561827,1.117541540069948,2140.9646478293366,7.522396771502192,0.0,8,41,600,08041000600,6.0,Census Tract 6,G5020,S,1714238,0,38.8644925,-104.785341,U
696,08041000700,0.341985168,0.429437229,0.172307692,0.009756098,0.162007986,6.23937431693989,74.14606,0.19150151,79.26624434469474,1911558.577711258,773.0,0.531636864,0.0,0.454208011,1.083936525246846,3.160310471239677,2099.990455463408,8.242851785645449,0.0,8,41,700,08041000700,7.0,Census Tract 7,G5020,S,1624935,0,38.8550267,-104.7855084,U
697,08041000800,0.28576401,0.368959436,0.158974359,0.020618557,0.121019108,6.16296581967213,74.20064999999998,0.191858105,81.30914570292401,2087491.250776369,1237.0,0.834682861,0.0,0.461741005,0.998651039,1.176620849445975,2466.0470273292726,8.375762569840285,0.0,8,41,800,08041000800,8.0,Census Tract 8,G5020,S,2242755,5043,38.8549501,-104.8007163,U
698,08041000900,0.291293735,0.21349239,0.173333333,0.0,0.079163249,6.10264931693989,74.20117,0.133402406,70.10096726769943,2165505.8739422187,1070.0,0.874897792,0.0,0.485771223,0.941754716,0.745335803,3026.495486608066,8.3806219861706,0.0,8,41,900,08041000900,9.0,Census Tract 9,G5020,S,1055982,0,38.8554929,-104.8149195,U
699,08041001000,0.099704267,0.169365427,,0.0,0.097592998,6.04899612021858,74.20565999999998,0.092907467,62.329409876705775,2263483.2120153625,1023.0,0.894230769,0.0,0.514767059,1.015625209497578,1.618546559180737,4882.651733065277,8.50974559991166,0.0,8,41,1000,08041001000,10.0,Census Tract 10,G5020,S,1972006,0,38.859281,-104.8259251,U
700,08041001101,0.373626374,0.550235479,0.211282051,0.019461078,0.169544741,6.03630885245902,74.22484,0.096432183,54.929161355464,2292331.6196941785,381.0,0.525517241,0.0,0.586096433,1.084156627259606,10.106289466121735,5459.432851937957,8.475179518605483,0.0,8,41,1101,08041001101,11.01,Census Tract 11.01,G5020,S,1264371,0,38.8701033,-104.8288393,U
701,08041001104,0.236739974,0.367340179,0.161025641,0.0,0.215447154,5.96658825136612,74.23007,0.09444549,51.7251024014482,2151754.012662999,472.0,0.271889401,0.0,0.501822475,1.060704141950035,2.37303563896944,3720.8811531081265,7.934151851087941,0.0,8,41,1104,08041001104,11.04,Census Tract 11.04,G5020,S,4244031,0,38.8651678,-104.8431949,U
702,08041001301,0.235470942,0.269430052,0.247179487,0.029239766,0.105981112,5.86829207650273,74.07219999999998,0.066796135,54.02211528293237,1628842.3457564143,835.0,0.749551167,0.0,0.205190863,0.639511677,6.322175707134442,1928.4464044827384,7.496064844966963,0.0,8,41,1301,08041001301,13.01,Census Tract 13.01,G5020,S,1329799,0,38.8483933,-104.8632762,U
703,08041001302,0.339329375,0.248250525,0.216410256,0.008124077,0.126958972,5.91277213114754,74.19146999999998,0.086730724,53.2390907556658,1575912.9448027224,392.0,0.141414141,0.0,0.278094039,0.73148774,1.349928391829011,2338.156960324228,7.765170756274232,0.0,8,41,1302,08041001302,13.02,Census Tract 13.02,G5020,S,3054641,0,38.8564697,-104.8543921,U
704,08041001400,0.168023445,0.267017428,0.22974359,0.006980803,0.171932158,5.94097677595628,74.04872,0.093120898,65.93406986984546,1973392.1665448383,1341.0,0.683486239,0.0,0.338674892,0.7383234,5.998417064744231,2699.7156834011153,8.969788316667168,0.0,8,41,1400,08041001400,14.0,Census Tract 14,G5020,S,1972627,0,38.8407892,-104.847398,U
705,08041001500,0.222639933,0.267155805,,0.00862069,0.116900175,5.99447950819672,74.02075999999998,0.096241514,73.03375887780268,2745310.2726488486,906.0,0.725961538,0.0,0.412117855,0.836991786,2.961848931788382,3979.761925647813,9.96821380098936,0.0,8,41,1500,08041001500,15.0,Census Tract 15,G5020,S,1748264,11472,38.8400852,-104.8363339,U
706,08041001600,0.280691806,0.47135741,,0.0,0.158610709,6.05393882513661,74.11821999999998,0.094912905,73.04581858632673,2763706.177097697,889.0,0.763745704,0.0,0.445834487,0.914720661,4.612355845729153,4904.04456600196,10.619691827840972,0.0,8,41,1600,08041001600,16.0,Census Tract 16,G5020,S,1578303,9954,38.8444894,-104.8237983,U
707,08041001700,0.207935711,0.431441487,0.207179487,0.006726457,0.145251397,6.10189043715847,74.12782,0.123643321,79.17692311968264,2317039.0624861694,638.0,0.681623932,0.0,0.446712687,0.980914726,6.824677144643616,2981.004095085659,9.53327377559268,0.0,8,41,1700,08041001700,17.0,Census Tract 17,G5020,S,785530,0,38.8447519,-104.8138738,U
708,08041001800,0.17791411,0.187179487,0.185641026,0.011122346,0.118888317,6.15897349726776,74.09634,0.19250278,90.29348569799694,2115616.224269737,878.0,0.870168484,0.0,0.451550302,0.988290592,2.38889179132121,2610.3324735202377,9.200595346634074,0.0,8,41,1800,08041001800,18.0,Census Tract 18,G5020,S,1281857,0,38.8430499,-104.8022651,U
709,08041001901,0.349510033,0.30097561,0.214358974,0.0,0.150306748,6.2288806010929,74.04817,0.191683973,95.86136437156162,1981470.883306899,490.0,0.446265938,0.0,0.461171075,1.095534510375906,2.741799855933436,2312.2552676027462,9.63307348289023,0.0,8,41,1901,08041001901,19.01,Census Tract 19.01,G5020,S,1002835,0,38.8454382,-104.7886009,U
710,08041001902,0.427401001,0.547358834,0.214358974,0.0,0.424863388,6.27718169398907,74.00625999999998,0.191508866,91.41368118042176,2002884.8136155289,444.0,0.360097324,0.0,0.465820561,1.157987503753483,5.738882838206679,2128.7368063519493,8.9329972459897,0.0,8,41,1902,08041001902,19.02,Census Tract 19.02,G5020,S,707312,0,38.8458045,-104.77943,U
711,08041002000,0.407930786,0.42958153,0.232820513,0.025438295,0.179642488,6.32442568306011,74.05983,0.191120409,76.76948281334518,1981106.0485359128,546.0,0.187693365,0.0,0.462326301,1.16514283328314,5.387307831727077,1947.3807960902996,8.529612607373203,0.0,8,41,2000,08041002000,20.0,Census Tract 20,G5020,S,3446170,0,38.8494231,-104.7665919,U
712,08041002101,0.375064935,0.355158184,0.292307692,0.065720294,0.222315671,6.2423849726776,73.92060999999998,0.208855228,118.7556443410876,2137525.953601351,776.0,0.368646081,0.0,0.485974174,1.307889998247683,5.207188450093062,2427.7456464553,9.61292448456794,0.0,8,41,2101,08041002101,21.01,Census Tract 21.01,G5020,S,2732103,0,38.8331676,-104.7855982,U
713,08041002102,0.549606968,0.440042599,0.236923077,0.041237113,0.149425287,6.33520163934426,73.94834,0.209429326,133.61208255562235,2040730.868812688,202.0,0.107561235,0.0,0.542973953,1.391390919669537,3.371418351913376,2315.5352993115966,9.018681269653529,0.0,8,41,2102,08041002102,21.02,Census Tract 21.02,G5020,S,2621420,0,38.8323323,-104.7670208,U
714,08041002200,0.246624023,0.395415473,0.273846154,0.0,0.159605551,6.10531885245902,73.99844,0.14101514,100.3877218054432,2395583.600915229,867.0,0.538844002,0.0,0.435099699,1.058166921358416,3.342042267309487,3472.3154231947606,9.946810741642024,0.0,8,41,2200,08041002200,22.0,Census Tract 22,G5020,S,1729443,0,38.8302361,-104.8132278,U
715,08041002300,0.310640033,0.506132461,0.268717949,0.023607177,0.283229814,6.03695792349727,73.97311999999998,0.101525697,96.16044657801312,2939368.6558680497,641.0,0.556907037,0.0,0.408420173,1.008251282949716,7.330183256811087,6050.023534945338,10.015922288239253,0.0,8,41,2300,08041002300,23.0,Census Tract 23,G5020,S,3129892,0,38.8273607,-104.8263328,U
716,08041002401,0.182633656,0.263975155,0.220512821,0.0,0.323610564,5.84403278688525,73.95722999999998,0.053363735,57.72789823104738,1219561.5161858506,216.0,0.143904064,0.0,0.249496606,0.535037952,2.742816538375153,1816.2251463169364,6.626532317991567,0.0,8,41,2401,08041002401,24.01,Census Tract 24.01,G5020,S,1671581,0,38.8344929,-104.8677757,U
717,08041002402,0.219066275,0.180698835,0.220512821,0.035543404,0.120630569,5.91336256830601,73.99447,0.085284404,67.43753375453302,1646672.078767897,145.0,0.089950372,0.0,0.264510413,0.651736214,3.892477966780488,2589.454038745396,7.701711837142909,0.0,8,41,2402,08041002402,24.02,Census Tract 24.02,G5020,S,2478718,0,38.8318307,-104.8528024,U
718,08041002501,0.128645407,0.074134642,0.163076923,0.0,0.11029211,5.77957896174863,73.75322,0.040096699,60.5064428751972,1030398.5146484628,482.0,0.307006369,0.0,0.223982284,0.475242061,0.0,1786.3218670704323,4.326311662163532,0.0,8,41,2501,08041002501,25.01,Census Tract 25.01,G5020,S,14783891,99522,38.8008563,-104.8676085,R
719,08041002502,0.355438332,0.351884645,0.168205128,0.043264503,0.171590033,5.9078306010929,73.82441,0.090185845,81.06129676215235,1448273.5449379683,721.0,0.339134525,0.0,0.250857199,0.730918058,3.295002438008555,2711.8862481081806,6.962466056510751,0.0,8,41,2502,08041002502,25.02,Census Tract 25.02,G5020,S,3921512,0,38.8127184,-104.8497263,U
720,08041002700,0.375629406,0.399026764,0.270769231,0.006146281,0.184642234,6.16115409836066,73.98636999999998,0.210364234,106.92205424451448,2238535.9809442684,1065.0,0.617033604,0.0,0.45427444,1.136696472504614,5.465426822063754,3062.796113051126,9.670333656958045,0.0,8,41,2700,08041002700,27.0,Census Tract 27,G5020,S,2130532,193141,38.8302183,-104.8014605,U
721,08041002801,0.547096774,0.53843594,0.25025641,0.08003108,0.275769746,6.22785819672131,73.86029999999998,0.217060634,150.02495298720703,2128939.377740821,565.0,0.423855964,0.0,0.51155618,1.304137674548093,2.587503607800667,2896.1482816001926,9.464117700854937,0.0,8,41,2801,08041002801,28.01,Census Tract 28.01,G5020,S,1102265,0,38.8212721,-104.7877945,U
722,08041002802,0.494278607,0.335408367,0.25025641,0.032240437,0.208145993,6.16234836065574,73.85262,0.204168198,187.3816199547161,2206163.9055714887,123.0,0.063402062,0.0,0.567192692,1.368900484433694,2.780375049331311,3823.0032367613,9.688579263674344,2.30867232901207,8,41,2802,08041002802,28.02,Census Tract 28.02,G5020,S,6294252,0,38.8104684,-104.7974129,U
723,08041002901,0.472349272,0.523076923,0.252307692,0.096135266,0.147609148,6.06418360655738,73.78077,0.121773434,144.3899293599294,2345082.2549434,1166.0,0.507397737,0.0,0.457023173,1.322783286146917,3.528250199728491,4174.309445099544,9.451791141902252,0.0,8,41,2901,08041002901,29.01,Census Tract 29.01,G5020,S,2108486,0,38.8051237,-104.8149424,U
724,08041002902,0.603439011,0.514777002,0.252307692,0.0,0.157484697,6.1122543715847,73.72969,0.155985714,171.0401021990141,2553853.643789269,340.0,0.465753425,0.0,0.488637746,1.488109096128589,3.484939574837312,4130.193102574456,9.297450765421694,0.0,8,41,2902,08041002902,29.02,Census Tract 29.02,G5020,S,910870,0,38.7999345,-104.801434,U
725,08041003001,0.381745121,0.438253877,0.190769231,0.0,0.108495982,5.98936202185792,73.88087,0.094308946,96.37243351371671,2212902.4723265665,500.0,0.551267916,0.0,0.383813896,1.047744770110882,7.469985476560483,4714.884655086356,8.263214958869357,0.0,8,41,3001,08041003001,30.01,Census Tract 30.01,G5020,S,2183885,0,38.8158442,-104.8337218,U
726,08041003002,0.262016163,0.333913043,0.190769231,0.00892133,0.209677419,5.98052213114754,73.76916,0.094191639,103.52732559590208,1909120.0193453133,721.0,0.489145183,0.0,0.385985992,0.910526457,3.959808853388686,3516.806769338729,8.221475074969218,0.0,8,41,3002,08041003002,30.02,Census Tract 30.02,G5020,S,1139244,0,38.80514,-104.8324672,U
727,08041003100,0.205035971,0.10459622,,0.002615063,0.099169943,5.88147021857923,73.58645,0.064645101,107.56159106910324,1278030.8960855163,470.0,0.229604299,0.0,0.311527043,0.833646047,0.177793723,2267.6939581349734,6.28608833461734,0.0,8,41,3100,08041003100,31.0,Census Tract 31,G5020,S,11269009,132287,38.7842434,-104.8497248,R
728,08041003303,0.289393939,0.206135209,0.217435897,0.029475509,0.181908155,6.10885928961749,73.56627,0.152085419,238.90623493192683,1638395.2662932333,249.0,0.099639856,0.0,0.529414799,1.697490668266841,2.024005606552691,3220.165069613456,9.102818569727717,0.0,8,41,3303,08041003303,33.03,Census Tract 33.03,G5020,S,5275347,37571,38.7724901,-104.7883623,U
729,08041003305,0.263877028,0.045847426,0.13025641,0.0,0.093766508,5.87304071038251,73.31176,0.047739883,118.12862830024164,976366.9197357683,126.0,0.037860577,0.0,0.255120089,0.79354329,0.942800801,2012.13973843088,5.208511868694943,0.315322808,8,41,3305,08041003305,33.05,Census Tract 33.05,G5020,S,13322544,14489,38.7677829,-104.8383801,U
730,08041003306,0.160088938,0.151195108,0.172307692,0.0,0.100113122,5.53814754098361,72.48447,0.028440263,108.63341378142856,682377.3076252388,160.0,0.125293657,0.0,0.203058171,0.613556623,0.189633186,1835.9989716781247,4.627698493561721,0.811980848,8,41,3306,08041003306,33.06,Census Tract 33.06,G5020,S,168722536,30079,38.6982861,-104.8981559,R
731,08041003307,0.267911819,0.178199633,0.161025641,0.033402923,0.100710136,6.07180300546448,73.55777999999998,0.139982913,223.4584948802186,1517796.1829525467,46.0,0.030343008,0.0,0.444770718,1.761649987410833,0.594120648,2741.5313985400708,8.278082279038559,0.0,8,41,3307,08041003307,33.07,Census Tract 33.07,G5020,S,2201935,67621,38.7851613,-104.8025191,U
732,08041003308,0.435075885,0.294772344,0.205128205,0.013012618,0.14184261,6.05657513661202,73.46170999999998,0.113476029,203.2546739346424,1435504.4611528893,154.0,0.056721915,0.0,0.429716932,1.256483359795949,1.932505882178111,2691.6861080812923,8.023249109137412,0.0,8,41,3308,08041003308,33.08,Census Tract 33.08,G5020,S,1671881,0,38.7715413,-104.8060449,U
733,08041003401,0.071908337,0.227938267,0.155897436,0.0,0.105658884,5.33400109289617,73.22511,0.019547362,23.10675198490909,492051.7651546252,698.0,0.515890613,0.0,0.15059215,0.241018886,0.118505771,602.8361459342999,2.907622623443603,0.0,8,41,3401,08041003401,34.01,Census Tract 34.01,G5020,S,149138044,940802,38.852016,-105.0086294,U
734,08041003402,0.163575042,0.139414802,0.155897436,0.0,0.171379606,5.43138579234973,73.91222,0.027679576,21.44480535,506304.9010608967,104.0,0.169934641,0.0,0.205975329,0.345491854,0.052810263,1035.874293231551,3.507574796676636,0.0,8,41,3402,08041003402,34.02,Census Tract 34.02,G5020,S,50626029,22625,38.9019538,-104.9448614,R
735,08041003702,0.165777683,0.057726076,0.154871795,0.000537924,0.071744907,5.88512221311475,74.57863999999998,0.056456685,30.245166275330416,871208.4734055143,0.0,0.0,0.0,0.373117254,0.658531373,0.249604613,56567.422694210174,6.530456485032717,0.0,8,41,3702,08041003702,37.02,Census Tract 37.02,G5020,S,5079728,0,38.9379321,-104.8554943,R
736,08041003705,0.347403539,0.138076531,0.167179487,0.0,0.099850075,5.92749010928962,74.67096999999998,0.083032234,29.587804659243915,1209174.2410956689,65.0,0.022468026,0.0,0.399811616,0.654595601,1.095472692966388,58622.689018434205,7.295042041121244,0.0,8,41,3705,08041003705,37.05,Census Tract 37.05,G5020,S,11705819,0,38.9437315,-104.8346355,R
737,08041003706,0.203870725,0.167765016,0.140512821,0.0,0.075417386,5.96316920765027,74.57260999999998,0.062456537,34.29697825760925,1225248.956976112,0.0,0.0,0.0,0.378863381,0.948560301,1.140065913424418,46599.51356165604,7.914879438378419,0.0,8,41,3706,08041003706,37.06,Census Tract 37.06,G5020,S,2753624,5329,38.9248097,-104.8398754,U
738,08041003707,0.171349289,0.128214038,0.163076923,0.0,0.108475759,5.79352068306011,74.47553999999998,0.04008815,29.451383172972808,676291.0496674652,0.0,0.0,0.0,0.387677064,0.670603513,0.106894199,48372.27135852894,5.543623449348727,0.0,8,41,3707,08041003707,37.07,Census Tract 37.07,G5020,S,4196077,0,38.9302434,-104.8769575,R
739,08041003708,0.238506634,0.083924715,0.12,0.0,0.101938712,5.85343158469945,74.464,0.049703785,33.83225465410858,941657.710779748,7.0,0.004444444,0.0,0.387066999,1.218350307119918,0.923349957,37996.28134108268,6.576256923637185,0.0,8,41,3708,08041003708,37.08,Census Tract 37.08,G5020,S,3161771,0,38.9084689,-104.8658103,U
740,08041003710,0.160733169,0.145928798,0.157948718,0.0,0.11723631,5.88619551912568,74.47345,0.063931649,35.6343430725273,1075185.1102960887,11.0,0.008308157,0.0,0.419771437,1.758467522104645,1.588558646756322,38435.003566815256,7.282859310531022,0.0,8,41,3710,08041003710,37.1,Census Tract 37.10,G5020,S,2427170,0,38.9131432,-104.8578497,U
741,08041003711,0.287633588,0.315967941,0.157948718,0.0,0.090765837,5.96727215846995,74.48538,0.07152646,39.66016087232086,1616028.5472964852,72.0,0.048452221,0.0,0.521504302,2.060770430808011,2.416524279890085,39093.20887249739,7.263660888393694,0.0,8,41,3711,08041003711,37.11,Census Tract 37.11,G5020,S,5890218,0,38.9097589,-104.8405014,U
742,08041003712,0.264053636,0.178614406,0.13025641,0.0,0.083823021,5.6947262568306,74.861,0.050953594,10.571958095960902,365287.4900153536,132.0,0.06885759,0.0,0.078924582,0.809485464,0.965487045,35067.44380456215,6.03357926825675,1.290789001902091,8,41,3712,08041003712,37.12,Census Tract 37.12,G5020,S,21784842,128899,39.0745651,-104.8815301,R
743,08041003713,0.110861423,0.132733408,0.13025641,0.0,0.109207306,5.47946672131148,74.41372,0.040543202,10.210323150752496,324701.97461839765,242.0,0.119153127,0.0,0.052542678,0.311990804,0.492406186,8526.515231994854,5.326797021268872,0.458008982,8,41,3713,08041003713,37.13,Census Tract 37.13,G5020,S,259065001,1960313,39.0428337,-104.9537874,R
744,08041003801,0.301901436,0.368444249,,0.012288786,0.034138655,5.79562237704918,74.68419,0.039340569,21.603812427733327,558097.1407374652,146.0,0.223583461,0.0,0.364256413,0.385054307,0.051728192,348078.6852416546,5.662231346766154,0.706666667,8,41,3801,08041003801,38.01,Census Tract 38.01,G5020,S,26296734,0,38.9773732,-104.8672358,R
745,08041003802,0.246330724,1.0,,0.0,0.555555556,5.82962273224044,74.77576,0.03400223,18.472519451343803,310183.6704445664,0.0,0.0,0.0,0.236150228,0.131301709,0.121375652,105198.50472699942,5.862501353285491,1.996509598603839,8,41,3802,08041003802,38.02,Census Tract 38.02,G5020,S,48540729,35008,39.0072966,-104.8523026,R
746,08041003905,0.199216951,0.183828611,0.202051282,0.002526529,0.117619273,6.17172729508197,74.60559,0.186450582,22.68047586656033,1773480.9923886755,26.0,0.012676743,0.0,0.253497732,0.512186642,3.965724813844521,47039.439609699155,9.445861099497126,0.0,8,41,3905,08041003905,39.05,Census Tract 39.05,G5020,S,5526015,0,38.9381361,-104.7916868,U
747,08041003906,0.206672227,0.175312761,0.115897436,0.0,0.134343434,6.17307371584699,74.59079,0.156111369,19.62843148903584,1404557.6164809857,18.0,0.006990291,0.0,0.217853244,0.371269563,1.990818236238858,48278.71389934598,9.699172956089802,0.0,8,41,3906,08041003906,39.06,Census Tract 39.06,G5020,S,4907947,0,38.9517685,-104.7845449,U
748,08041003910,0.13974359,0.245777778,0.21025641,0.0,0.135344828,5.90872513661202,71.23782,0.024926401,1.41096775967966,13171.23349630766,146.0,0.150670795,0.0,0.0,0.0,0.057701712,10.213348389544032,2.325626749920596,0.0,8,41,3910,08041003910,39.1,Census Tract 39.10,G5020,S,469232378,42066,39.0263588,-104.2562977,R
749,08041003911,0.090483619,0.123305527,0.21025641,0.0,0.11700468,5.99021144808743,72.22405,0.028247746,2.857796211885598,24098.630120308124,136.0,0.094052559,0.0,0.0,0.0,0.042727095,9.42691883048929,2.766974135434873,0.957947095,8,41,3911,08041003911,39.11,Census Tract 39.11,G5020,S,352437235,421990,39.0797897,-104.3967106,R
750,08041003912,0.288103467,0.08455174,0.161025641,0.0,0.064163115,6.24716978142076,73.17752,0.051701409,7.64872899481284,129297.608191412,14.0,0.005490196,0.0,0.0,0.030378883,0.196372699,326.5159543711921,4.45909086894007,0.0,8,41,3912,08041003912,39.12,Census Tract 39.12,G5020,S,9879627,10800,38.9648821,-104.5890977,U
751,08041003913,0.202767176,0.109255725,0.161025641,0.0,0.140317155,6.08108207650273,73.39955,0.030582129,5.39097635,8286.894530254061,0.0,0.0,0.0,0.0,0.0,0.0,9.31027296464472,1.042458653450012,,8,41,3913,08041003913,39.13,Census Tract 39.13,G5020,S,43131939,0,39.0831217,-104.5760931,R
752,08041003914,0.243032001,0.05397434,0.161025641,0.0,0.076679245,6.15826461748634,73.16899999999998,0.041136292,6.532841321768142,60885.26715738469,53.0,0.024234111,0.0,0.0,0.0,0.0,152.2931633154452,3.245273703927113,0.0,8,41,3914,08041003914,39.14,Census Tract 39.14,G5020,S,52350052,175232,39.0047994,-104.5678377,U
753,08041004008,0.438856729,0.130662021,,0.0,0.018637158,6.44018715846995,73.3438,0.15055758,91.58197958060929,1055022.6822476466,29.0,0.042335766,0.0,0.545832677,1.302907477432921,0.973275284,1479.72688491805,9.059286402077074,0.0,8,41,4008,08041004008,40.08,Census Tract 40.08,G5020,S,40212620,21258,38.802461,-104.708714,U
754,08041004009,0.793870192,0.499399038,,0.002873563,0.125,6.3137718579235,73.5009,0.184805463,940.9748035,1824024.382347901,26.0,0.03307888,0.0,0.856337425,1.905314904670673,4.448140950271926,3309.021695721815,9.509660720825195,0.0,8,41,4009,08041004009,40.09,Census Tract 40.09,G5020,S,472432,0,38.7855834,-104.754013,U
755,08041004100,0.405421217,0.371684867,0.206153846,0.037536657,0.107969152,6.28600655737705,73.22898999999998,0.154177023,1581.4612567692016,1129427.1033995908,974.0,0.521413276,0.0,0.51558447,2.208852495820217,2.194441670284678,4903.296040449488,8.527108945641173,0.0,8,41,4100,08041004100,41.0,Census Tract 41,G5020,S,2485191,0,38.7628249,-104.7470376,U
756,08041004200,0.370360825,0.211597938,,0.027542373,0.147730255,6.31226912568306,73.16921,0.14004825,2001.0953437870144,915525.5131837421,646.0,0.417043254,0.0,0.393722827,2.090506505646561,1.909788499357904,4292.642119387789,7.622603375514153,0.0,8,41,4200,08041004200,42.0,Census Tract 42,G5020,S,1958303,0,38.7572799,-104.7343254,U
757,08041004300,0.407743235,0.244679311,0.193846154,0.0,0.098059394,6.33985792349727,72.95053,0.136853511,835.6794388837097,726830.8122898275,470.0,0.194616977,0.0,0.308290864,1.55184471106534,0.242053972,4683.04101521824,8.358896816541401,0.109590697,8,41,4300,08041004300,43.0,Census Tract 43,G5020,S,6384318,66650,38.745317,-104.7142596,U
758,08041004402,0.459471238,0.0,,0.0,0.0,6.14759781420765,73.11495999999998,0.104395911,339.67462436134616,727250.8128749315,46.0,0.37704918,0.0,0.323830095,1.053503209105592,0.061620856,3436.790177848426,6.086083632889792,1.0,8,41,4402,08041004402,44.02,Census Tract 44.02,G5020,S,16031099,0,38.7427801,-104.7736956,U
759,08041004403,0.477900552,0.216855087,,0.030075188,0.09486166,5.7317631147541,71.79094,0.069137559,175.4872352,313149.4245847222,0.0,0.0,0.0,0.32482744,0.531074938,0.025110286,3097.6845315097808,2.780378818511963,0.943396226,8,41,4403,08041004403,44.03,Census Tract 44.03,G5020,S,319857149,143520,38.602988,-104.8118104,R
760,08041004404,0.304761905,0.31079004,,0.0,0.063590539,6.01609180327869,72.98419,0.076334015,183.66184271510528,499463.4275874512,49.0,0.0546875,0.0,0.164315926,0.662592681,0.0,2388.9039853757604,5.265929926667666,1.0,8,41,4404,08041004404,44.04,Census Tract 44.04,G5020,S,1569010,0,38.7292856,-104.7980013,U
761,08041004405,0.474580855,0.48376353,,0.0,0.066594672,5.97940546448087,73.01282999999998,0.04337198,172.86445884359813,695740.0034575982,249.0,0.183222958,0.0,0.184476779,0.83250989,0.0,2434.2473177247102,6.471613306248087,1.0,8,41,4405,08041004405,44.05,Census Tract 44.05,G5020,S,4037733,0,38.7323224,-104.806629,U
762,08041004406,0.547307575,0.564157927,,0.0,0.059366755,6.03889098360656,73.33247,0.044118183,191.00396605118817,1081321.1310996425,5.0,0.004448399,0.0,0.352260889,0.992723784,1.185153393425268,2535.974039548593,7.810910108445171,1.0,8,41,4406,08041004406,44.06,Census Tract 44.06,G5020,S,2050653,0,38.7584163,-104.8047308,U
763,08041004501,0.538393253,0.350826555,0.264615385,0.035441279,0.14532967,6.24181775956284,73.328,0.188877108,666.1918301085551,1590931.17657721,111.0,0.07184466,0.0,0.9082482,1.528544800551566,2.969531448232756,7048.937310324516,8.812456161175245,0.0,8,41,4501,08041004501,45.01,Census Tract 45.01,G5020,S,13565107,42902,38.7739563,-104.7685202,U
764,08041004502,0.32800852,0.194376528,0.169230769,0.0,0.122344805,6.36449945355191,73.13983,0.151409663,3188.0543933755525,948043.8890725432,96.0,0.038725292,0.0,0.41829265,2.729393528411328,0.764816477,3067.3246050491875,8.88698504464059,0.0,8,41,4502,08041004502,45.02,Census Tract 45.02,G5020,S,10843951,1100364,38.7632595,-104.7158422,R
765,08041004506,0.441196581,0.330753354,0.220512821,0.0,0.223727636,6.33219371584699,72.85355,0.139058722,405.07739630511776,642077.3097880252,162.0,0.081735621,0.0,0.322019181,0.998876126,0.33454806,4832.065128655608,8.67644638970041,30.150513802135805,8,41,4506,08041004506,45.06,Census Tract 45.06,G5020,S,2683830,12563,38.7298858,-104.7149075,R
766,08041004507,0.442276943,0.380876239,0.165128205,0.0,0.144558918,6.33504098360656,72.80473999999998,0.113889943,313.2783976261905,510180.0320967456,0.0,0.0,0.0,0.321480792,0.828926748,0.737163246,3663.483217317847,8.18614525022961,30.75830414084254,8,41,4507,08041004507,45.07,Census Tract 45.07,G5020,S,2248509,0,38.72103,-104.7101413,U
767,08041004512,0.323981553,0.341728012,0.206153846,0.0,0.180521597,6.30291038251366,72.51009,0.118284771,213.71622031127137,414511.3441925688,15.0,0.013992537,0.0,0.346156745,0.394904428,1.60085272348782,4855.490104518913,7.928067513706562,0.0,8,41,4512,08041004512,45.12,Census Tract 45.12,G5020,S,2475099,0,38.7047111,-104.7038739,U
768,08041004513,0.458917285,0.523220665,0.206153846,0.0,0.115810389,6.2883912568306,72.54299,0.150783773,264.5167280823261,680572.000326121,243.0,0.159344262,0.0,0.454990951,0.642601434,0.861780081,7176.459138976515,8.187905625377391,6.219983883964544,8,41,4513,08041004513,45.13,Census Tract 45.13,G5020,S,7147564,15326,38.7042342,-104.7160698,R
769,08041004514,0.496890234,0.235661269,,0.0,0.131607335,6.30184043715847,72.49079,0.102469967,177.3503952138614,314421.13453274214,18.0,0.010061487,0.0,0.278429444,0.368982286,0.258922094,3949.41774005744,7.058627423516201,0.0,8,41,4514,08041004514,45.14,Census Tract 45.14,G5020,S,2928711,0,38.700516,-104.6877911,U
770,08041004515,0.474100327,0.128860344,,0.004893238,0.141889945,6.31997021857924,72.4401,0.07678018,109.56465419163804,197559.69643392888,67.0,0.029283217,0.0,0.22895793,0.337784175,0.0885717,2645.0035053246456,6.490197894836496,16.969171779141103,8,41,4515,08041004515,45.15,Census Tract 45.15,G5020,S,11208016,0,38.7067544,-104.6622771,R
771,08041004516,0.307059196,0.343660172,0.208205128,0.003736921,0.15601883,6.06097404371585,71.48553,0.06977048,246.33519343968248,266517.2201205863,445.0,0.296271638,0.0,0.402161264,0.134910491,0.190883138,5528.784431475846,5.161370279432154,0.0,8,41,4516,08041004516,45.16,Census Tract 45.16,G5020,S,96577374,69069,38.5831487,-104.7078502,R
772,08041004517,0.393933225,0.20012215,0.208205128,0.039663462,0.096753105,6.18220327868852,71.46381,0.095050471,168.12402229613434,184678.66031818287,70.0,0.040509259,0.0,0.437216306,0.145038624,0.16069697,4263.600569389668,6.310891639716176,0.0,8,41,4517,08041004517,45.17,Census Tract 45.17,G5020,S,70762453,283418,38.6359194,-104.647664,R
773,08041004518,0.564121907,0.127489439,0.164102564,0.010427011,0.095051676,6.37204699453552,72.68035,0.094038344,150.62564706123067,380709.46581040014,48.0,0.022492971,0.0,0.31999935,0.616502719,0.039021151,2660.6168226656023,7.552737229229574,11.879449976957464,8,41,4518,08041004518,45.18,Census Tract 45.18,G5020,S,16880506,38065,38.7491088,-104.6640028,R
774,08041004519,0.498465019,0.254548408,0.164102564,0.0,0.094515753,6.33034781420765,72.59829999999998,0.1032091,221.95925513998543,424781.264505874,0.0,0.0,0.0,0.325725689,0.490931667,1.88758848311289,3555.142014886758,7.914846653574708,7.173203210507114,8,41,4519,08041004519,45.19,Census Tract 45.19,G5020,S,2518597,0,38.7168633,-104.6928672,U
775,08041004520,0.321330902,0.315043439,0.164102564,0.022566996,0.138260432,6.35290191256831,72.69321999999998,0.102995332,261.70052320088985,444131.81806609925,63.0,0.088857546,0.0,0.346281836,0.774126231,0.336992796,3180.1594292417726,8.231409430099745,6.147457627118644,8,41,4520,08041004520,45.2,Census Tract 45.20,G5020,S,872725,0,38.7297954,-104.6931409,U
776,08041004601,0.234565119,0.263502825,,0.002583979,0.222731439,6.15545655737705,72.13782,0.031570854,5.416230701720629,20063.501148310927,160.0,0.098400984,0.0,0.0,0.0,0.012265404,80.1095749669437,2.560435872073531,0.460586004,8,41,4601,08041004601,46.01,Census Tract 46.01,G5020,S,185506311,0,38.8963586,-104.4702457,R
777,08041004602,0.207695407,0.300564061,0.212307692,0.014069264,0.157979798,5.9335193989071,70.55586,0.021480116,20.665659347763977,5899.542158959212,155.0,0.075794621,0.0,0.015549179,0.0,0.005295732,244.40665149702653,1.983527561509653,0.464447416,8,41,4602,08041004602,46.02,Census Tract 46.02,G5020,S,1783128557,200015,38.7105177,-104.2840142,R
778,08041004603,0.486468933,0.260337735,0.202051282,0.029865441,0.085209003,6.25937049180328,71.79523,0.045799752,35.5913346889685,284269.66976686264,191.0,0.055896986,0.0,0.221295383,0.510447085,0.00299874,1262.1344990228267,3.919535385725172,7.874760534646124,8,41,4603,08041004603,46.03,Census Tract 46.03,G5020,S,378760830,0,38.7678079,-104.5221938,R
779,08041004701,0.173878044,0.251363912,0.201025641,0.020242915,0.157501011,6.23237830601093,74.54004999999998,0.193746808,24.90336666857316,1639233.5744361652,27.0,0.013125912,0.0,0.218444447,0.604833902,3.290458882676466,37058.4069466798,8.134432919293328,0.0,8,41,4701,08041004701,47.01,Census Tract 47.01,G5020,S,2235336,0,38.9232182,-104.7830597,U
780,08041004702,0.185720741,0.21040724,0.227692308,0.0,0.113425926,6.31778409836066,74.5121,0.145325478,25.08702784952468,1515155.7264693792,0.0,0.0,0.0,0.135772575,0.518035211,0.720517809,34505.48050149838,8.128376045436266,0.0,8,41,4702,08041004702,47.02,Census Tract 47.02,G5020,S,1015060,0,38.9276429,-104.7637325,U
781,08041004703,0.237849386,0.170553676,0.168205128,0.006573181,0.117878896,6.31779978142077,74.40956,0.146098918,26.595580795988543,1465980.937145709,18.0,0.007563025,0.0,0.139962006,0.530879755,0.478697992,18909.234198818005,7.966832181579532,0.0,8,41,4703,08041004703,47.03,Census Tract 47.03,G5020,S,2330930,0,38.9205918,-104.7635776,U
782,08041004706,0.204010607,0.136974929,0.16,0.005542725,0.066918975,6.35644199453552,74.33052,0.141588521,23.03333145769732,1355245.0356173804,30.0,0.013748854,0.0,0.09959181,0.383196797,2.772618592605791,12471.916858841509,9.17290407017812,0.0,8,41,4706,08041004706,47.06,Census Tract 47.06,G5020,S,2994877,0,38.9343083,-104.7335635,U
783,08041004707,0.311304769,0.236262406,0.166153846,0.0,0.071972488,6.37209240437158,74.30242,0.142815556,26.379692603608728,1362378.1011255775,0.0,0.0,0.0,0.10516076,0.326403227,0.816677864,1114.256625795306,9.623430493800258,0.0,8,41,4707,08041004707,47.07,Census Tract 47.07,G5020,S,903532,0,38.9197277,-104.7318168,U
784,08041004708,0.280363944,0.148148148,0.166153846,0.00861632,0.091993925,6.36741775956284,74.31422,0.142342915,25.18215568550812,1388764.6289320532,17.0,0.008126195,0.0,0.105201734,0.370329945,1.63528143680097,9666.662177920285,9.08296962020202,0.0,8,41,4708,08041004708,47.08,Census Tract 47.08,G5020,S,2143714,0,38.9260728,-104.7359632,U
785,08041004800,0.386867089,0.323773734,0.193846154,0.0,0.167410714,6.2727237431694,74.48698,0.164063349,28.667816373535885,1640421.0073017273,24.0,0.01209068,0.0,0.191835727,0.608369999,1.237795124999383,19692.65003594221,7.949230368335718,0.0,8,41,4800,08041004800,48.0,Census Tract 48,G5020,S,2386918,0,38.9098202,-104.7735643,U
786,08041004901,0.362366684,0.233113255,,0.024422442,0.173106646,6.32955989071038,74.36345,0.154215032,33.83900678305224,1760740.149827246,75.0,0.046641791,0.0,0.255107089,0.715996662,3.723138970639139,1583.1344450660845,8.120549673618104,0.0,8,41,4901,08041004901,49.01,Census Tract 49.01,G5020,S,1694879,0,38.9012195,-104.7582853,U
787,08041004902,0.244870566,0.077852349,0.157948718,0.00483611,0.12283737,6.36038926229508,74.32652,0.148480505,29.99538269974559,1422643.2105016708,0.0,0.0,0.0,0.168671083,0.585211032,0.762795983,5203.872699146289,8.395806044611316,0.0,8,41,4902,08041004902,49.02,Census Tract 49.02,G5020,S,4090323,0,38.9108254,-104.7470999,U
788,08041005000,0.360935403,0.523097566,0.234871795,0.005617978,0.103649068,6.43656775956284,73.74388999999998,0.17017033,55.14811845127824,1316176.3942399328,20.0,0.009082652,0.0,0.385465095,0.944342601,4.048693209017875,986.6726642854926,9.136269403708102,0.0,8,41,5000,08041005000,50.0,Census Tract 50,G5020,S,4962692,8832,38.8509467,-104.710936,U
789,08041005110,0.400749064,0.294029102,0.204102564,0.033159948,0.101281729,6.43190983606557,73.70471,0.171941282,51.75310682682528,1134573.4993679733,22.0,0.013880126,0.0,0.220207227,0.846711223,1.330944163820401,564.8781218312497,8.118597864088686,0.0,8,41,5110,08041005110,51.1,Census Tract 51.10,G5020,S,1980604,0,38.8631498,-104.7021708,U
790,08041005112,0.429091855,0.354643515,0.198974359,0.043265306,0.039799684,6.39592702185792,74.07922,0.145317779,33.83774161843845,1326688.1043183503,0.0,0.0,0.0,0.159024892,0.480500418,2.08866636445152,747.2222914596352,9.449508281350742,0.0,8,41,5112,08041005112,51.12,Census Tract 51.12,G5020,S,1519328,0,38.902557,-104.7146373,U
791,08041005113,0.3489301,0.162449684,0.198974359,0.038490007,0.044937263,6.39279737704918,73.98600999999998,0.14531453,35.09656652715645,1097014.8760333967,19.0,0.014063657,0.0,0.10004295,0.365669546,0.0,561.4009912828612,9.806517819433536,0.0,8,41,5113,08041005113,51.13,Census Tract 51.13,G5020,S,1398111,0,38.9060955,-104.7029194,U
792,08041005114,0.625,0.208496732,0.182564103,0.053882726,0.069843342,6.44582158469945,73.61472999999998,0.16577865,52.35319003,1068752.1942597593,42.0,0.06431853,0.0,0.335775362,0.867541123,2.589045540013144,930.3806310067608,8.69565486907959,0.0,8,41,5114,08041005114,51.14,Census Tract 51.14,G5020,S,2430088,0,38.8458435,-104.6912312,R
793,08041005115,0.498218202,0.152823465,0.182564103,0.008006743,0.113029364,6.43667978142077,73.72346,0.141397254,79.6047182113988,841960.8240619992,38.0,0.015721969,0.0,0.160020684,0.912359502,0.708490379,1244.1963805611788,7.507584394139142,0.0,8,41,5115,08041005115,51.15,Census Tract 51.15,G5020,S,3268691,0,38.8616061,-104.6812378,U
794,08041005116,0.305157919,0.156656771,0.117948718,0.01556157,0.077741786,6.41013887978142,73.89327,0.145327731,52.41892127954249,924736.117727209,0.0,0.0,0.0,0.116203488,0.736560482,0.548702094,364.74100619910325,8.447270627760098,0.0,8,41,5116,08041005116,51.16,Census Tract 51.16,G5020,S,1976000,0,38.8923288,-104.6916292,U
795,08041005117,0.190829918,0.222451081,0.117948718,0.0,0.14098097,6.40348306010929,73.98505,0.14533446,41.739112271448086,1095280.8411300862,0.0,0.0,0.0,0.166342207,0.63880478,3.086926417058821,590.2090581208294,9.402437246325476,0.0,8,41,5117,08041005117,51.17,Census Tract 51.17,G5020,S,2603204,0,38.893912,-104.7055729,U
796,08041005118,0.215463108,0.153061224,0.184615385,0.008050089,0.089880578,6.41236857923497,73.93065,0.160718009,46.14301093231632,1201683.0027385768,0.0,0.0,0.0,0.16465936,0.66976723,2.530372080198767,604.9288573048881,8.816553713516866,0.0,8,41,5118,08041005118,51.18,Census Tract 51.18,G5020,S,2889447,0,38.8775081,-104.7101599,U
797,08041005119,0.341336311,0.124577227,0.184615385,0.005955604,0.119136408,6.42628415300546,73.83289,0.158532948,54.790671061062255,974987.2374589824,6.0,0.003220612,0.0,0.141971561,0.869581347,1.694750746753271,411.36423581758817,8.443547330550254,0.0,8,41,5119,08041005119,51.19,Census Tract 51.19,G5020,S,3419999,0,38.8776223,-104.6922441,U
798,08041005120,0.35664464,0.104441997,,0.015824176,0.178064027,6.38232191256831,74.02460999999998,0.137934805,28.874706760771826,1140007.9664810167,0.0,0.0,0.0,0.0,0.232386658,1.194754628309694,626.3643521575555,9.189573935365914,0.0,8,41,5120,08041005120,51.2,Census Tract 51.20,G5020,S,2259186,0,38.9169468,-104.7085993,U
799,08041005121,0.271743332,0.244878237,,0.025641026,0.105122951,6.35965647540984,74.15815999999998,0.135468557,24.112893771144712,1111825.7486014422,0.0,0.0,0.0,0.0,0.17501925,1.64041490337676,717.1022769361291,7.987422127142185,0.0,8,41,5121,08041005121,51.21,Census Tract 51.21,G5020,S,5063374,0,38.9316248,-104.7057571,U
800,08041005122,0.396947317,0.170064008,,0.007542426,0.09521364,6.3781962295082,73.685,0.067949932,16.145613718830752,523293.83383198,0.0,0.0,0.0,0.003849839,0.169543049,0.467142849,771.0447173987811,5.979159907782114,0.0,8,41,5122,08041005122,51.22,Census Tract 51.22,G5020,S,36853018,59661,38.9065029,-104.6568768,R
801,08041005123,0.214052288,0.218842975,,0.0,0.135481749,6.35963658469945,73.09457999999998,0.054263103,14.060983941068349,298749.66967061005,94.0,0.072307692,0.0,0.047040828,0.282039602,0.149957416,290.9295288027548,4.543139025005348,0.196164643,8,41,5123,08041005123,51.23,Census Tract 51.23,G5020,S,95036438,0,38.8850625,-104.6009097,U
802,08041005124,0.47353914,0.156284454,0.16,0.063313096,0.062008979,6.39841445355191,73.90895999999998,0.145313062,36.077811393683525,919631.9416666499,0.0,0.0,0.0,0.096768352,0.316206678,0.279325737,353.6586791140115,9.017532172988515,,8,41,5124,08041005124,51.24,Census Tract 51.24,G5020,S,1313720,0,38.9066124,-104.689277,R
803,08041005125,0.257620818,0.190892193,0.16,0.037037037,0.156531532,6.36967587431694,74.01285,0.134679056,25.369814826562845,915379.1251407485,16.0,0.007960199,0.0,0.0,0.216084226,0.534615279,377.5882304394145,7.977321959443564,0.0,8,41,5125,08041005125,51.25,Census Tract 51.25,G5020,S,3359507,0,38.9249369,-104.6885096,U
804,08041005201,0.622201493,0.446657183,0.242051282,0.072194021,0.217359413,6.2995306010929,73.81144,0.21667403,208.92034782427064,2176716.243853322,110.0,0.055,0.0,0.595980787,1.381523941767067,2.477476498804,2765.0995271552383,8.766796829595844,0.0,8,41,5201,08041005201,52.01,Census Tract 52.01,G5020,S,1627803,29021,38.8183449,-104.7733632,U
805,08041005202,0.542993157,0.368882175,0.224615385,0.029255319,0.126161223,6.35881120218579,73.82786,0.207711281,199.00464514621007,2097077.565929192,92.0,0.059817945,0.0,0.621017095,1.53196664911653,2.920405460065879,2536.064043455788,8.560126421609581,0.0,8,41,5202,08041005202,52.02,Census Tract 52.02,G5020,S,1018412,0,38.8202286,-104.7623983,U
806,08041005300,0.618818106,0.480625134,0.245128205,0.077011494,0.178840195,6.26747131147541,73.77581,0.216097584,279.19814992542706,1842247.704800972,41.0,0.021983914,0.0,0.645039923,1.364985489609332,2.738574646674512,2999.797165775608,9.682865117340825,0.0,8,41,5300,08041005300,53.0,Census Tract 53,G5020,S,1490893,0,38.8054848,-104.7755214,U
807,08041005400,0.692158931,0.469233474,0.259487179,0.085619285,0.181801963,6.31720491803279,73.71843,0.208209481,375.37558453305166,1854321.6446625765,86.0,0.033831629,0.0,0.707540137,1.522895813783437,7.130300464110666,2930.880657159189,9.290031462112124,0.0,8,41,5400,08041005400,54.0,Census Tract 54,G5020,S,2824053,0,38.8022313,-104.7640557,U
808,08041005501,0.216494845,0.240699238,0.181538462,0.007628042,0.114233354,6.38377942622951,74.15907,0.150716543,31.868119574500213,1496157.6116716457,68.0,0.023994354,0.0,0.219580739,0.664332531,1.940087983560529,1044.0032774621773,9.142565614076789,0.0,8,41,5501,08041005501,55.01,Census Tract 55.01,G5020,S,4051760,0,38.9054869,-104.728811,U
809,08041005502,0.356009937,0.44334034,0.187692308,0.072612086,0.139876352,6.3533287431694,74.19562999999998,0.154626631,38.703320338611775,1806839.8435522188,59.0,0.028752437,0.0,0.261311086,0.766603347,6.316087480295733,1398.1047891705534,8.90438441987995,0.0,8,41,5502,08041005502,55.02,Census Tract 55.02,G5020,S,1850724,0,38.8900972,-104.7475556,U
810,08041005601,0.320457018,0.306010929,0.154871795,0.0,0.157837247,6.38552833333333,74.07311,0.153745411,36.54596290621468,1489158.350879355,52.0,0.03593642,0.0,0.239625713,0.717272318,2.737561775163685,989.53775287034,9.275901807229111,0.0,8,41,5601,08041005601,56.01,Census Tract 56.01,G5020,S,1858391,0,38.8903551,-104.7296387,U
811,08041005602,0.395752318,0.294047263,0.165128205,0.0,0.080664653,6.39681633879781,74.06483,0.162457374,41.07502243810056,1514388.104648539,14.0,0.010159652,0.0,0.25629737,0.668246259,2.110245851855433,1010.8255524793155,8.587971364920922,0.0,8,41,5602,08041005602,56.02,Census Tract 56.02,G5020,S,1512449,0,38.8785774,-104.7260525,U
812,08041005700,0.369253342,0.235140003,0.156923077,0.014570552,0.156131261,6.35679721311475,74.08737,0.172734178,45.4675395285088,1725751.9220162206,15.0,0.005751534,0.0,0.345415101,0.859032336,1.838559788198763,1437.9812191698707,8.664927912010633,0.0,8,41,5700,08041005700,57.0,Census Tract 57,G5020,S,3146182,0,38.875909,-104.7472884,U
813,08041005800,0.159294872,0.239327296,0.135384615,0.0,0.132051282,6.38480737704918,74.13191999999998,0.172318061,42.977885202825725,1530609.5771957631,10.0,0.00777605,0.0,0.270662262,0.703584206,0.49512167,1164.6804859886995,8.319299590834094,0.0,8,41,5800,08041005800,58.0,Census Tract 58,G5020,S,1390101,0,38.8812668,-104.7357458,U
814,08041005900,0.36522564,0.226064551,0.206153846,0.029431664,0.126571784,6.40453715846995,73.87187,0.190020195,56.918534622430016,1701036.4202293043,51.0,0.016915423,0.0,0.437694002,1.06255400604016,3.555830056980006,1394.3194620052316,9.143400476574037,0.0,8,41,5900,08041005900,59.0,Census Tract 59,G5020,S,6259759,0,38.8582291,-104.7352325,U
815,08041006000,0.410734149,0.453337065,0.206153846,0.066839955,0.175438596,6.39812404371585,73.96815999999998,0.190873763,73.7261808641167,1808475.2049528817,166.0,0.060917431,0.0,0.496514586,1.209313928567402,5.246710866667387,1645.9333906416905,9.55690301649014,0.0,8,41,6000,08041006000,60.0,Census Tract 60,G5020,S,3963049,0,38.8469704,-104.743464,U
816,08041006100,0.621121718,0.571662572,0.222564103,0.055183946,0.145234182,6.39635191256831,73.87352,0.200034761,115.41236174512164,1953819.2701374327,80.0,0.042127435,0.0,0.626599166,1.452441519479862,4.028048021569257,1953.249935626532,9.737284981199553,0.0,8,41,6100,08041006100,61.0,Census Tract 61,G5020,S,1355660,0,38.832772,-104.7524816,U
817,08041006200,0.593633733,0.47027139,0.2,0.047754137,0.179765523,6.44795027322404,73.79690999999998,0.199729093,99.30042894428465,1696481.1047811587,83.0,0.036134088,0.0,0.762193788,1.604840324112354,1.56159902046348,1798.8546448433003,10.295913062168673,0.0,8,41,6200,08041006200,62.0,Census Tract 62,G5020,S,3609652,0,38.8323139,-104.734629,U
818,08041006301,0.599582701,0.290781487,,0.016084304,0.16372796,6.45752213114754,73.68828,0.199950288,162.24681284460172,1677979.0910270729,0.0,0.0,0.0,0.993484941,3.288740429486752,2.372749789822214,2289.6529030933234,10.420632287938249,0.0,8,41,6301,08041006301,63.01,Census Tract 63.01,G5020,S,2546042,0,38.8165162,-104.7360273,U
819,08041006302,0.660687139,0.523563393,0.215384615,0.042075163,0.134795227,6.41380710382514,73.86607999999998,0.200004049,177.15220051694945,1879700.4597836488,13.0,0.004818384,0.0,0.777983505,1.922168001726027,2.654964885380938,2342.7901393198126,9.464786923245088,0.0,8,41,6302,08041006302,63.02,Census Tract 63.02,G5020,S,1712445,0,38.8191714,-104.7501605,U
820,08041006400,0.605027449,0.463016469,0.192820513,0.058272209,0.176514252,6.3654193989071,73.60615,0.189660485,540.9517487397582,1693444.1292832242,76.0,0.030460922,0.0,0.686145579,2.058952544390211,2.921120731321504,2709.44645816121,9.772265525085164,0.0,8,41,6400,08041006400,64.0,Census Tract 64,G5020,S,3260680,0,38.8006403,-104.7505121,U
821,08041006501,0.689453696,0.333528722,0.224615385,0.033496732,0.12045319,6.40948360655738,73.57702999999998,0.187851101,434.6304974778926,1420497.71906397,0.0,0.0,0.0,0.675519217,2.386192354393497,1.972124412751355,2334.161239793198,10.365043985262576,0.0,8,41,6501,08041006501,65.01,Census Tract 65.01,G5020,S,1600530,0,38.8008375,-104.7374589,U
822,08041006502,0.695018069,0.378005518,0.217435897,0.015267176,0.196054587,6.36614371584699,73.35952,0.18482906,1164.05226354993,1297231.8893663934,103.0,0.03545611,0.0,0.609782212,2.231927777432007,1.082431052182141,2673.730661622106,10.222220438643845,0.0,8,41,6502,08041006502,65.02,Census Tract 65.02,G5020,S,2591739,0,38.7866308,-104.7365854,U
823,08041006600,0.162899454,0.228371005,0.205128205,0.0,0.105387338,5.83015792349727,74.21321,0.051075457,44.65776687848373,1370311.9845912345,587.0,0.505598622,0.0,0.238390097,0.740809349,0.566857215,1855.066183793062,6.809292258281102,0.0,8,41,6600,08041006600,66.0,Census Tract 66,G5020,S,2516901,91797,38.8687188,-104.8744389,U
824,08041006701,0.148118495,0.201468189,0.177435897,0.0,0.14314845,5.66491885245902,73.99643,0.046783934,37.790113930848,906202.1554487416,990.0,0.640362225,0.0,0.154446306,0.497651366,0.945609716,1191.1215704702245,5.14094725818634,0.0,8,41,6701,08041006701,67.01,Census Tract 67.01,G5020,S,6398458,0,38.8624952,-104.9094814,R
825,08041006702,0.111192392,0.145748988,0.177435897,0.0,0.093681117,5.63069316939891,73.89467,0.043957797,38.38883258054099,854855.849575606,693.0,0.510309278,0.0,0.137936493,0.449528289,0.791768606,1075.9660090426935,4.326149989076519,0.0,8,41,6702,08041006702,67.02,Census Tract 67.02,G5020,S,8551026,0,38.8477256,-104.9159833,U
826,08041006801,0.262054002,0.233365477,0.184615385,0.005991285,0.088776004,6.29062806010929,74.54994999999998,0.144898353,22.965181936158945,1532899.7069126158,0.0,0.0,0.0,0.123377217,0.479939743,2.081294302592011,37404.66525874096,8.98339965463023,0.0,8,41,6801,08041006801,68.01,Census Tract 68.01,G5020,S,1907349,0,38.9370583,-104.7654017,U
827,08041006802,0.177922078,0.171428571,0.132307692,0.0,0.103766131,6.27242019125683,74.52531999999998,0.138713808,21.2657656458401,1308974.0392865953,0.0,0.0,0.0,0.10429711,0.418289693,0.869451917,38418.004689656445,9.424339870753023,0.0,8,41,6802,08041006802,68.02,Census Tract 68.02,G5020,S,2127454,0,38.9487357,-104.7592223,U
828,08041006901,0.242845462,0.07948244,0.176410256,0.032520325,0.076500423,6.32009057377049,74.32600999999998,0.131330435,19.998996080825226,1148460.5269703683,25.0,0.015114873,0.0,0.0,0.207596583,2.401744493793484,13367.154435316528,9.364234347900227,0.0,8,41,6901,08041006901,69.01,Census Tract 69.01,G5020,S,2815178,0,38.9471916,-104.7309468,U
829,08041006902,0.332917261,0.245799854,0.146666667,0.019047619,0.092900164,6.31267519125683,74.42131999999998,0.141717104,21.72206075543336,1295993.138589046,9.0,0.004689943,0.0,0.101350123,0.375226108,0.897007723,34447.77058703794,9.195869593820763,0.0,8,41,6902,08041006902,69.02,Census Tract 69.02,G5020,S,2469055,0,38.9444519,-104.7483532,U
830,08041007000,0.161944157,0.047034339,0.135384615,0.016686532,0.098455598,6.14055551912568,74.63137,0.152098999,17.381799846416875,1214037.9173739566,0.0,0.0,0.0,0.198186037,0.308265547,1.105514394543672,56025.32891597858,9.700291692459912,0.0,8,41,7000,08041007000,70.0,Census Tract 70,G5020,S,5614858,0,38.975923,-104.7882553,U
831,08041007103,0.179976162,0.095550258,0.142564103,0.015513126,0.105920258,6.26729849726776,74.47401,0.133920111,18.898744130247746,1174618.9937138928,0.0,0.0,0.0,0.036838864,0.18842063,1.169981969228276,37293.8616763048,9.80114348268518,0.0,8,41,7103,08041007103,71.03,Census Tract 71.03,G5020,S,2806990,0,38.9601976,-104.7457962,U
832,08041007104,0.290231904,0.016308201,0.142564103,0.004169562,0.063276027,6.19092516393443,74.61416,0.137856055,17.4321385408202,1124951.0382107925,14.0,0.009079118,0.0,0.13631752,0.281925217,0.952417121,49530.92570429704,9.359609396177047,0.0,8,41,7104,08041007104,71.04,Census Tract 71.04,G5020,S,4017115,0,38.9726454,-104.7649636,U
833,08041007105,0.310903345,0.172011662,0.167179487,0.054285714,0.098971026,6.27491691256831,74.38451999999998,0.114245806,16.25672610352003,903241.4122975792,13.0,0.004558205,0.0,0.0,0.064438081,0.472744439,22962.316008594287,6.809430712159803,0.0,8,41,7105,08041007105,71.05,Census Tract 71.05,G5020,S,12266675,15049,38.9789777,-104.7299552,U
834,08041007106,0.225075728,0.028397834,0.167179487,0.0,0.040168845,6.27209008196721,74.30684999999998,0.10936679,16.50055109790774,799406.2105181622,0.0,0.0,0.0,0.0,0.095497346,0.76601548,23375.488940119205,7.800037066709428,0.0,8,41,7106,08041007106,71.06,Census Tract 71.06,G5020,S,2888207,0,38.9660118,-104.7266411,U
835,08041007203,0.230923248,0.110122358,0.121025641,0.0,0.167894619,5.86316786885246,74.86638,0.073047475,11.087904084727793,520355.4017549034,0.0,0.0,0.0,0.101824055,0.2098665,1.063389300500389,60290.48371030093,7.158326687990423,0.0,8,41,7203,08041007203,72.03,Census Tract 72.03,G5020,S,5063709,13400,39.0472997,-104.8361013,R
836,08041007204,0.17322253,0.10378578,0.121025641,0.008819206,0.077987657,5.95610289617486,74.85662,0.078843337,10.57365845983103,485216.0254069496,22.0,0.009869897,0.0,0.053795462,0.171232738,0.285074906,55173.1201812059,5.814548100409812,0.0,8,41,7204,08041007204,72.04,Census Tract 72.04,G5020,S,9871645,11563,39.0399227,-104.8056068,R
837,08041007205,0.275063763,0.099274083,0.169230769,0.0,0.128127522,5.98636661202186,74.76495,0.11134434,13.249563707892865,839365.9521123234,44.0,0.017770598,0.0,0.114615026,0.247721174,0.380395264,84054.17160401001,8.570021473001395,0.0,8,41,7205,08041007205,72.05,Census Tract 72.05,G5020,S,8471702,45021,39.0048687,-104.8060562,U
838,08041007206,0.231197353,0.097701149,0.169230769,0.015801354,0.108053795,6.0362568579235,74.83741999999998,0.096517611,12.849838995350089,654400.1121597484,0.0,0.0,0.0,0.098796921,0.108003204,0.192929477,62473.67847356459,7.692511345138314,0.0,8,41,7206,08041007206,72.06,Census Tract 72.06,G5020,S,8765574,0,39.0149234,-104.7903251,U
839,08041007301,0.134539732,0.049881983,0.154871795,0.007901668,0.034189406,5.87985975409836,74.92555,0.061169949,9.361987276086351,334651.254429456,0.0,0.0,0.0,0.0,0.278601867,0.442338846,56868.9537918116,5.825716995719604,0.0,8,41,7301,08041007301,73.01,Census Tract 73.01,G5020,S,15117748,0,39.0675193,-104.820522,U
840,08041007302,0.16736969,0.177811321,0.154871795,0.0,0.05835223,5.93520281420765,74.91086,0.058362478,8.820631175075293,312975.0846881923,13.0,0.005288853,0.0,0.0,0.291667353,2.060324996162317,38053.60668398632,6.877107137799678,0.0,8,41,7302,08041007302,73.02,Census Tract 73.02,G5020,S,23462455,0,39.083747,-104.7867073,R
841,08041007401,0.106722942,0.064063913,0.139487179,0.0,0.071222913,5.78730942622951,75.07716,0.05542489,7.512445916988868,282710.43336608185,0.0,0.0,0.0,0.0,0.215638091,2.277694373725835,2967.2991319981106,6.351060172864829,0.0,8,41,7401,08041007401,74.01,Census Tract 74.01,G5020,S,12010709,159993,39.1165292,-104.8449149,U
842,08041007402,0.150225904,0.013930723,0.139487179,0.0,0.076807229,5.91248781420765,74.93591999999998,0.050319269,7.55758879,153749.22532628418,9.0,0.00974026,0.0,0.0,0.153819458,0.106305574,4072.7225412760768,5.990416526794434,0.0,8,41,7402,08041007402,74.02,Census Tract 74.02,G5020,S,19168825,25575,39.1138284,-104.8051268,R
843,08041007501,0.097415507,0.029821074,0.166153846,0.043859649,0.083499006,6.18583948087432,74.42584999999998,0.056143037,11.3232438,408845.63833747135,55.0,0.160818713,0.0,0.0,0.0,0.402831914,29358.33779149178,2.126205444335938,,8,41,7501,08041007501,75.01,Census Tract 75.01,G5020,S,15126350,6845,39.0086382,-104.7116425,R
844,08041007502,0.142750054,0.098265273,0.166153846,0.0,0.084815174,6.07431612021858,74.4748,0.058826878,9.943835774905008,356259.8047879608,82.0,0.024346793,0.0,0.009073889,0.052939958,0.097296535,23271.1059094282,4.152879054579298,0.0,8,41,7502,08041007502,75.02,Census Tract 75.02,G5020,S,143217975,95881,39.0830235,-104.7055989,R
845,08041007602,0.196401342,0.035376639,0.187692308,0.0,0.111009454,6.15412232240437,73.92385,0.039288082,8.628834046354706,133581.63722756805,9.0,0.007137193,0.0,0.0,0.0,0.129718965,340.07403046619885,1.097227537027929,0.375387797,8,41,7602,08041007602,76.02,Census Tract 76.02,G5020,S,66299182,0,39.0341474,-104.6531592,R
846,08041007603,0.322766571,0.157838416,0.165128205,0.0,0.10414866,6.28623404371585,73.7307,0.056178925,11.460891827431889,417318.51112583,0.0,0.0,0.0,0.0,0.078164712,0.109492739,332.08455501627725,3.37169470657603,0.057675123,8,41,7603,08041007603,76.03,Census Tract 76.03,G5020,S,37416936,14539,38.9610839,-104.6369597,R
847,08041007604,0.248151434,0.030691299,0.165128205,0.0,0.08064029,6.26676237704918,74.02621,0.072090182,13.22919125,664052.8652735199,0.0,0.0,0.0,0.0,0.109560915,0.094113438,172.51218503517967,3.408836364746094,0.082925122,8,41,7604,08041007604,76.04,Census Tract 76.04,G5020,S,13007287,33907,38.9737172,-104.6853293,R
848,08041007700,0.270661157,0.301594896,0.172307692,0.020625645,0.122809973,6.14137538251366,74.56337,0.193014292,30.115886128640668,1837595.3311850408,67.0,0.021866841,0.0,0.31926689,0.690243185,1.205836061129988,40378.170979084425,7.999853616400093,0.0,8,41,7700,08041007700,77.0,Census Tract 77,G5020,S,6052018,0,38.918766,-104.8029178,U
849,08041007801,0.296418733,0.247933884,0.162051282,0.009210526,0.118559557,6.23208434426229,74.43393,0.163355596,32.25391315,1735058.92991505,0.0,0.0,0.0,0.217539231,0.718790055,1.712615452122245,13858.56839823666,7.891349792480469,0.0,8,41,7801,08041007801,78.01,Census Tract 78.01,G5020,S,1221687,0,38.9033625,-104.7848489,U
850,08041007802,0.275388139,0.114153328,0.162051282,0.0,0.143078113,6.16227663934426,74.45012,0.162035363,39.176623429241694,1707569.9649535296,67.0,0.062267658,0.0,0.370361596,0.966129785,0.13818159,18624.994768812383,7.799457177166691,0.0,8,41,7802,08041007802,78.02,Census Tract 78.02,G5020,S,3983717,6318,38.9024152,-104.8032532,U
851,08041007900,0.15164369,0.093683463,0.145641026,0.006512301,0.168183473,5.88376756830601,74.34019,0.076346462,40.92108050234866,1318872.7400111898,16.0,0.010652463,0.0,0.549556012,1.431609887247959,0.924376599,2560.4951975031763,6.693325836174333,0.0,8,41,7900,08041007900,79.0,Census Tract 79,G5020,S,6093579,63948,38.8852199,-104.8653582,U
852,08041008000,0.235588375,0.366364936,0.219487179,0.0,0.160496834,5.9699925136612,74.36951,0.097435529,45.356916146901405,1926280.6694771484,149.0,0.072612086,0.0,1.319960249844036,2.34925056031952,5.161819741983528,3893.910622031787,8.61882571627983,0.0,8,41,8000,08041008000,80.0,Census Tract 80,G5020,S,2829739,0,38.887817,-104.841168,U
853,08043978100,0.126991352,0.248385609,0.227692308,0.0,0.128328742,5.20728715846995,69.99041,0.029441502,282.49955936553204,27376.33911047799,342.0,0.179151388,0.045809736,0.0,0.00990557,0.395316354,401.9492492334583,5.019275030646913,0.313680661,8,43,978100,08043978100,9781.0,Census Tract 9781,G5020,S,422306963,1265796,38.5277639,-105.0385649,R
854,08043978200,0.145053102,0.446059251,0.243076923,0.0,0.20234768,5.09252568306011,68.58204,0.029960292,218.8382072295768,31887.81777821914,773.0,0.454438566,0.151319047,0.014867661,0.0,1.604187889019535,163.55736245570927,5.795248051312187,0.983872116,8,43,978200,08043978200,9782.0,Census Tract 9782,G5020,S,40673199,317384,38.4139648,-105.1015396,R
855,08043978300,0.095422308,0.293052354,0.203076923,0.0,0.209268293,5.00019972677596,69.02083,0.032183457,51.29956956045212,132541.76114156868,683.0,0.232946794,0.30270179,0.203938624,0.012904522,1.969170804863793,895.803777250696,4.417861371466745,0.22078513,8,43,978300,08043978300,9783.0,Census Tract 9783,G5020,S,205097576,0,38.5452973,-105.1650507,R
856,08043978400,0.279327474,0.410038282,0.185641026,0.0,0.203125,4.99382349726776,68.20079,0.031924934,62.27027141257543,197116.7945134508,182.0,0.166514181,0.680035157,0.211003322,0.0,1.744134264113098,654.2307670107411,6.655451368823989,0.0,8,43,978400,08043978400,9784.0,Census Tract 9784,G5020,S,8429058,19992,38.440001,-105.1920177,R
857,08043978500,0.179057784,0.43624951,0.259487179,0.0,0.215574735,4.94591721311475,68.1737,0.028834497,47.53927943094676,120408.94417836456,452.0,0.180655476,0.247245203,0.317241337,0.0,0.735662909,296.62212758564607,5.279040398628061,0.254939624,8,43,978500,08043978500,9785.0,Census Tract 9785,G5020,S,22916399,66314,38.4859002,-105.240921,U
858,08043978600,0.173117709,0.489148128,0.218461538,0.0,0.177327935,4.94734617486339,67.97398,0.031544259,51.38567009633277,261629.87258231355,1362.0,0.81508079,0.42429401,0.550723804,0.0,1.972984000946876,209.2782766022288,7.62262921420879,0.0,8,43,978600,08043978600,9786.0,Census Tract 9786,G5020,S,2435411,0,38.4457412,-105.237425,U
859,08043978800,0.19261515,0.298439284,0.237948718,0.0,0.229318969,4.92630191256831,67.84685,0.031606262,52.06220529126711,215463.45771481248,821.0,0.577355837,1.073598318647696,0.471272309,0.0,1.526554485776422,200.4741858618348,6.795376226405031,0.0,8,43,978800,08043978800,9788.0,Census Tract 9788,G5020,S,5143643,0,38.429714,-105.2410105,R
860,08043979001,0.081601232,0.356812933,0.166153846,0.006530612,0.139318885,4.53837680327869,66.34305,0.009553572,4.703679430314019,17752.770044494486,313.0,0.158481013,0.043066513,0.018894942,0.013152417,0.002948189,520.1216301387716,2.599714706189165,0.0,8,43,979001,08043979001,9790.01,Census Tract 9790.01,G5020,S,2142762327,132674,38.4660958,-105.622886,R
861,08043979002,0.064243997,0.338741077,0.166153846,0.0,0.184295912,4.57795191256831,66.27036,0.008826456,16.91908836127445,6773.79145697154,14.0,0.011137629,0.026986257,0.026621057,0.0,0.013241435,8.310466373857954,2.373014879424542,,8,43,979002,08043979002,9790.02,Census Tract 9790.02,G5020,S,471867177,10296,38.3599695,-105.4681099,R
862,08043979100,0.147117794,0.438238994,0.223589744,0.000619195,0.193710692,4.97581885245902,68.1454,0.028837902,61.74220336604206,140484.8022977212,496.0,0.297183942,7.463363468439894,0.21855554,0.0,0.830700454,324.46981883707286,6.269847162106558,0.076403875,8,43,979100,08043979100,9791.0,Census Tract 9791,G5020,S,16106043,92443,38.4179387,-105.1889959,R
863,08043979200,0.074932615,0.273315364,0.255384615,0.0,0.129380054,4.78813524590164,67.38799,0.012900567,34.34759474,50684.206733656814,1.0,0.001096491,1.16023611620875,0.226060607,0.0,0.043019437,136.55870892748342,2.60337233543396,0.0,8,43,979200,08043979200,9792.0,Census Tract 9792,G5020,S,252706793,64108,38.3477078,-105.2933816,R
864,08043979400,0.234546703,0.349662762,0.18974359,0.003673095,0.219772404,4.98708032786885,68.02943,0.01197013,135.92041638401875,29375.492261977382,244.0,0.193804607,0.185779772,0.075485818,0.0,0.000637997,96.7494059327774,3.002094838526342,1.001172310016818,8,43,979400,08043979400,9794.0,Census Tract 9794,G5020,S,365181322,106131,38.3175394,-105.1010756,R
865,08043980100,0.589473684,0.0,,0.0,0.0,4.92921612021858,67.92858,0.032547783,49.1753082,250961.48847859315,0.0,0.0,0.428830644,1.06459893382455,0.0,0.0,189.25981244420728,8.812399864196777,0.0,8,43,980100,08043980100,9801.0,Census Tract 9801,G5020,S,739742,0,38.4408592,-105.2498419,R
866,08043980200,0.654940711,0.0,,0.0,0.0,5.0516043715847,68.27226,0.016440274,280.8450235,7836.187216866401,0.0,0.0,0.102309288,0.0,0.0,0.483236154,77.05576058582314,5.246700286865234,,8,43,980200,08043980200,9802.0,Census Tract 9802,G5020,S,2601343,0,38.3595431,-105.0979639,R
867,08043980300,0.546121593,0.0,,0.0,0.0,5.03311912568306,68.40338,0.025704694,81.84344887,61234.04385794476,0.0,0.0,0.372601825,0.110149545,0.0,0.22301587,252.1741471607916,5.714040279388428,,8,43,980300,08043980300,9803.0,Census Tract 9803,G5020,S,13738323,160404,38.4230248,-105.1546412,R
868,08045951600,0.479197995,0.261886792,0.151794872,0.139204545,0.113283208,4.87362819672131,63.8873,0.027999454,0.010197027,214409.0186659756,188.0,0.123684211,0.0,0.0,0.0,1.654082026156,4553.192440011314,4.335730796283858,0.0,8,45,951600,08045951600,9516.0,Census Tract 9516,G5020,S,1485108959,8972258,39.9574947,-107.1910632,R
869,08045951701,0.451386251,0.247889486,0.162051282,0.0,0.06570452,5.41021633879781,63.65009,0.052593173,0.000100039,187028.61604066865,237.0,0.131593559,0.0,0.0,0.0,2.524362869079385,2181.4086293777486,9.673253789487976,0.0,8,45,951701,08045951701,9517.01,Census Tract 9517.01,G5020,S,13065868,129157,39.5296914,-107.3351127,U
870,08045951702,0.289518032,0.228268551,0.196923077,0.091494845,0.14664311,5.42077745901639,63.8633,0.057081117,0.000103032,315627.818061312,898.0,0.523920653,0.0,0.0,0.0,3.319783176508884,3137.142382131982,9.755658236493243,0.0,8,45,951702,08045951702,9517.02,Census Tract 9517.02,G5020,S,11298126,0,39.5348774,-107.3101964,R
871,08045951802,0.169220215,0.12074091,,0.034749035,0.044591813,5.41019491803279,64.12959,0.022353018,0.000113082,64601.37049983056,60.0,0.033840948,0.0,0.0,0.0,0.03026335,1146.1419230462443,3.505620835614547,0.039742823,8,45,951802,08045951802,9518.02,Census Tract 9518.02,G5020,S,369025269,993927,39.4866724,-107.2537325,R
872,08045951803,0.286283026,0.256327918,0.167179487,0.061288869,0.033235402,5.28930357923497,64.79507,0.042634856,0.000154427,103539.27918715916,313.0,0.131072027,0.0,0.0,0.0,2.320391006149751,125.27488416894845,8.473475178182376,0.0,8,45,951803,08045951803,9518.03,Census Tract 9518.03,G5020,S,93114320,70340,39.4533635,-107.1728624,R
873,08045951804,0.35012242,0.219929453,0.133333333,0.023523764,0.063308849,5.19740289617486,64.43153,0.030035222,0.000138948,132481.64776803044,126.0,0.053731343,0.0,0.0,0.0,0.280128221,7.681176619312524,5.92515922815504,3.601507365492742,8,45,951804,08045951804,9518.04,Census Tract 9518.04,G5020,S,94454886,374263,39.38996,-107.2218125,R
874,08045951901,0.323839662,0.344936709,0.204102564,0.06044815,0.079817159,5.18689021857923,63.09057,0.054646762,0.000106454,99483.35265648208,278.0,0.144867118,0.0,0.029928211,0.0,0.452376446,3069.4427609803533,5.02029555500573,0.520950739,8,45,951901,08045951901,9519.01,Census Tract 9519.01,G5020,S,375854823,1483439,39.4647386,-107.5555836,R
875,08045951902,0.295806403,0.213888471,0.152820513,0.044608223,0.136479784,5.25212786885246,63.50777,0.033893827,4.78147e-05,99133.72685950749,228.0,0.085553471,0.0,0.0,0.0,0.466500177,2884.187699487199,4.215852534990851,1.411351142610513,8,45,951902,08045951902,9519.02,Census Tract 9519.02,G5020,S,713760597,1346200,39.6601966,-107.5101472,R
876,08045952001,0.468251021,0.271444486,0.181538462,0.080808081,0.078536948,5.40825054644809,63.25832,0.033348398,0.000106259,120761.03700251655,99.0,0.048864758,0.0,0.213885857,0.0,0.71220085,2387.8370856505608,6.428924811276584,1.892524041259537,8,45,952001,08045952001,9520.01,Census Tract 9520.01,G5020,S,86825886,814912,39.6091111,-107.7314759,U
877,08045952003,0.387559809,0.058649581,0.231794872,0.043154762,0.059635288,5.43108196721311,63.4669,0.017253902,0.000391411,139256.9632277157,218.0,0.286089239,0.0,0.412998093,0.0,0.072534658,3859.7419609643753,2.514555669444264,1.931884560740345,8,45,952003,08045952003,9520.03,Census Tract 9520.03,G5020,S,1057352470,4550592,39.6694299,-107.8585608,R
878,08045952004,0.408795527,0.224018476,0.231794872,0.063537221,0.094226328,5.43416557377049,63.09103,0.08187414,0.000194876,208712.71674344345,504.0,0.220665499,0.0,0.332450292,0.0,3.412977481790712,3210.4583557495685,7.704404724720529,1.996954076850984,8,45,952004,08045952004,9520.04,Census Tract 9520.04,G5020,S,7033508,0,39.5387274,-107.7776577,U
879,08045952100,0.273472222,0.376357561,0.083076923,0.020491803,0.147916667,6.07205601092896,65.93767,0.027290691,0.356139556,31426.64169056552,105.0,0.033697047,0.0,0.019683522,0.0,0.891164344,3362.702722906254,4.895568946080834,0.0,8,45,952100,08045952100,9521.0,Census Tract 9521,G5020,S,3326912555,2961537,39.4580099,-108.5643398,R
880,08047013801,0.099341105,0.22079918,0.161025641,0.0,0.033958439,5.68597109289617,72.33303999999998,0.015588105,889.6785194166665,21227.60979306688,197.0,0.177317732,2.769039756576564,0.0,0.0,0.009761146,52.210948717159766,3.215428921911452,,8,47,13801,08047013801,138.01,Census Tract 138.01,G5020,S,209603705,813029,39.8864568,-105.571055,R
881,08047013802,0.184908576,0.214211076,0.161025641,0.003428012,0.1637976,5.88720855191257,74.64131,0.023813062,1098.109164654797,43067.36642756396,459.0,0.190852391,6.382419146243134,0.0,0.0,0.054971542,193.54561229267887,4.767188549303172,1.052522814091681,8,47,13802,08047013802,138.02,Census Tract 138.02,G5020,S,178953045,129027,39.8294506,-105.4662781,R
882,08049000100,0.264645427,0.254246011,0.184615385,0.005447471,0.10241894,5.43078967213115,64.38683,0.016634882,5.52241753117173,36959.09288509112,319.0,0.177814939,0.009701626,0.0,0.0,0.530104795,21924.17708968024,6.647916471596026,0.238551281,8,49,100,08049000100,1.0,Census Tract 1,G5020,S,2845207099,20272600,40.096046,-106.2929536,R
883,08049000203,0.25380117,0.458479532,0.162051282,0.071301248,0.016959064,5.65769852459016,69.90874,0.017181498,3.049860021136698,55856.42319220182,0.0,0.0,0.037069028,0.0,0.0,0.511861257,59.11086142371353,6.47082239736943,0.0,8,49,203,08049000203,2.03,Census Tract 2.03,G5020,S,104778995,51753,39.894998,-105.7398918,R
884,08049000204,0.076677316,0.221246006,0.162051282,0.0,0.081469649,5.69243978142076,68.374,0.013325838,3.289230690588235,55920.22193053611,113.0,0.044088958,0.081251177,0.0,0.0,0.232766448,35.15430597470566,4.334825032860075,0.053901396,8,49,204,08049000204,2.04,Census Tract 2.04,G5020,S,260570131,37486,39.8370654,-105.8543375,R
885,08049000205,0.145708037,0.207239569,0.162051282,0.0,0.099751313,5.95535991803279,66.00907,0.019615348,3.742351207897262,37064.854192668616,188.0,0.058897243,0.0,0.0,0.0,0.112934884,99.87665178350858,7.216062762728527,0.770744618,8,49,205,08049000205,2.05,Census Tract 2.05,G5020,S,288866875,134029,40.0201859,-105.9675753,R
886,08049000206,0.165654335,0.102705687,0.175384615,0.0,0.035339591,5.98813519125683,65.98801,0.015016776,1.366787165387366,30847.13709248448,392.0,0.124365482,0.0,0.0,0.0,0.289120825,8046.863581595491,8.002775593508696,0.0,8,49,206,08049000206,2.06,Census Tract 2.06,G5020,S,34564710,20907070,40.182676,-105.8388897,R
887,08049000207,0.125257277,0.108791532,0.175384615,0.011890606,0.027932961,5.9848631147541,65.97109,0.017460536,2.735115526320458,49000.441273934855,340.0,0.122038765,0.012785923,0.0,0.0,0.428399525,455.86207663939285,7.221464906605187,0.551658469,8,49,207,08049000207,2.07,Census Tract 2.07,G5020,S,1248267738,18504377,40.0990834,-105.7570366,R
888,08051963601,0.086463924,0.152653548,0.165128205,0.0,0.055456172,4.58767606557377,63.53287,0.010408752,0.0,23514.399811123985,67.0,0.060197664,0.013215505,0.0,0.0,0.0,17959.821955070285,2.321999549753999,0.0,8,51,963601,08051963601,9636.01,Census Tract 9636.01,G5020,S,841033395,1194883,38.6704993,-107.0568798,R
889,08051963602,0.225806452,0.236175115,0.165128205,0.018147087,0.086789555,4.39519871584699,64.17486,0.01548489,0.0,17074.947334456047,375.0,0.173290203,0.0,0.0,0.0,0.001179358,5113.41043403403,3.681902466554867,0.967585051,8,51,963602,08051963602,9636.02,Census Tract 9636.02,G5020,S,2426561090,9534513,38.6700595,-106.5421857,R
890,08051963701,0.151673945,0.306957301,0.187692308,0.0,0.091396249,4.65273680327869,63.36108,0.038813515,0.0,97884.34164488807,355.0,0.185185185,0.0,0.0,0.0,4.855269307661599,11770.15093084034,9.367780562117506,0.0,8,51,963701,08051963701,9637.01,Census Tract 9637.01,G5020,S,5194595,0,38.5463262,-106.941557,R
891,08051963702,0.241784038,0.479245283,0.187692308,0.0,0.090669014,4.64032483606557,63.4184,0.029791249,0.0,95893.99613043312,176.0,0.125714286,0.0,0.0,0.0,1.48701428118908,10152.095214859455,9.179529225727196,0.0,8,51,963702,08051963702,9637.02,Census Tract 9637.02,G5020,S,9128981,0,38.5430003,-106.9185931,U
892,08051963800,0.073574901,0.171453822,0.165128205,0.0,0.038223597,4.55732745901639,64.27874,0.007763081,0.0,0.0,210.0,0.050239234,0.08551655,0.0,0.0,0.011966296,54.25126732716639,1.52282213008991,0.028520151,8,51,963800,08051963800,9638.0,Census Tract 9638,G5020,S,845104236,774727,38.8800767,-106.932779,R
893,08051963900,0.09502924,0.239792131,,0.0,0.100877193,4.64645672131148,63.21184,0.007233615,0.008866542,1668.7482383744175,120.0,0.086268871,0.022265321,0.0,0.0,0.000911403,1733.1842778685038,1.878846775043097,0.171580525,8,51,963900,08051963900,9639.0,Census Tract 9639,G5020,S,4262311856,41566875,38.6085672,-107.2476179,R
894,08053973100,0.103183315,0.20417124,0.165128205,0.0,0.17233809,4.36880573770492,63.76834,0.005535676,0.07278683,791.5796561117127,210.0,0.149359886,0.060393847,0.0,0.0,0.003292202,20.581624059955555,1.751588821411133,0.0,8,53,973100,08053973100,9731.0,Census Tract 9731,G5020,S,2893614472,15324685,37.8115187,-107.3839736,R
895,08055960600,0.541251133,0.428571429,,0.0063593,0.267320662,4.70371721311475,66.00572,0.036976331,0.036930448,172062.4064343474,957.0,0.587116564,0.0,0.0,0.0,2.721983663177569,2.4878e-05,8.669566518567466,0.0,8,55,960600,08055960600,9606.0,Census Tract 9606,G5020,S,115785653,479764,37.6521532,-104.76524,R
896,08055960901,0.310526316,0.396491228,0.165128205,0.0,0.142105263,4.59538989071038,65.96066,0.011137279,9.78148380058186,34677.418997435074,230.0,0.179968701,0.0,0.0,0.0,0.0,0.002566064,3.085634778991674,0.392031243,8,55,960901,08055960901,9609.01,Census Tract 9609.01,G5020,S,3095878817,4537858,37.7487572,-104.9714073,R
897,08055960902,0.177410762,0.330894766,0.165128205,0.0,0.154192459,4.44958551912568,65.04218,0.010542212,0.0,25089.157662855185,479.0,0.261748634,0.0,0.0,0.0,0.006036085,0.020540561,2.893905639648438,19.58429561200924,8,55,960902,08055960902,9609.02,Census Tract 9609.02,G5020,S,909091820,774479,37.4683913,-104.9545734,R
898,08057955600,0.131944444,0.449093445,0.192820513,0.0,0.126917713,5.64526830601093,64.16452,0.012904578,0.002901578,32040.869562219046,410.0,0.345699831,0.0,0.0,0.0,0.368541791,0.004902164,5.931915199523218,2.0,8,57,955600,08057955600,9556.0,Census Tract 9556,G5020,S,4179530231,18750017,40.6634319,-106.3292476,R
899,08059009806,0.175361986,0.134314627,0.135384615,0.0,0.12204091,7.84295355191257,78.36269,0.203515392,57023.91509367792,1910860.8964910049,279.0,0.150892374,0.168478875,0.188495132,2.608853537116586,0.425597512,64978.52910836329,7.559061911203355,0.0,8,59,9806,08059009806,98.06,Census Tract 98.06,G5020,S,5773352,1243478,39.7606044,-105.1586044,U
900,08059009807,0.181065089,0.224852071,0.204102564,0.021108179,0.09408284,7.83550601092896,78.28377999999998,0.240453969,114391.18958725536,2256945.929934696,275.0,0.326991677,0.150403055,0.158352745,2.398963329210861,9.657648709483473,55423.12902305863,7.557825951888234,0.0,8,59,9807,08059009807,98.07,Census Tract 98.07,G5020,S,1744770,9863,39.742998,-105.15329,U
901,08059009815,0.163100601,0.032845345,0.139487179,0.006480558,0.0625,8.37764972677596,77.5848,0.141804856,12492.405784743343,1234542.9903317397,26.0,0.012961117,0.451958388,0.0,1.053065338620889,0.262164545,491.9160211776192,7.366557991766921,0.0,8,59,9815,08059009815,98.15,Census Tract 98.15,G5020,S,5467574,21447,39.8511631,-105.1322054,U
902,08059009823,0.256100194,0.162730228,0.182564103,0.0,0.082055712,8.54585382513661,77.34533,0.145011222,8425.36231695684,988214.7125063869,0.0,0.0,0.378239854,0.0,0.933305284,0.0,520.6723423793512,7.431566183877337,0.0,8,59,9823,08059009823,98.23,Census Tract 98.23,G5020,S,1794966,0,39.8848582,-105.121876,U
903,08059009824,0.186225551,0.111854485,0.157948718,0.00101626,0.137744486,8.68831584699454,77.27518,0.174322495,7525.309728695083,1340376.2134115628,11.0,0.005306319,0.341482238,0.0,1.62179373094003,1.499207285586572,1336.1997253139004,8.20516435330487,0.0,8,59,9824,08059009824,98.24,Census Tract 98.24,G5020,S,2597279,93009,39.8858391,-105.1103974,U
904,08059009827,0.209005947,0.167374681,0.166153846,0.01675485,0.102633815,8.95536557377049,77.12986999999998,0.269040084,6551.759087015544,2383630.9129267894,29.0,0.012043189,0.357829515,0.105607609,0.927866221,2.574795641995031,1856.5840605045605,8.99502506997262,0.0,8,59,9827,08059009827,98.27,Census Tract 98.27,G5020,S,4390342,157334,39.8758497,-105.0731784,U
905,08059009828,0.109809663,0.09479726,0.169230769,0.01129178,0.076008177,8.75151857923497,77.40059999999998,0.175298385,8435.296131361994,1715988.7466672587,50.0,0.022104332,0.324863819,0.0,0.916658273,3.271203524043487,1143.2377615544508,8.451019190216781,0.0,8,59,9828,08059009828,98.28,Census Tract 98.28,G5020,S,4144274,27084,39.8685798,-105.0922816,U
906,08059009829,0.144438587,0.116499736,,0.0,0.068002109,8.49389836065574,77.45828,0.174409259,9999.395664,1529168.5890430815,0.0,0.0,0.386206934,0.0,1.397947327614057,1.020151811867115,1138.9314577925327,7.750923633575439,0.0,8,59,9829,08059009829,98.29,Census Tract 98.29,G5020,S,3327645,5024057,39.8757097,-105.1214575,R
907,08059009830,0.287179487,0.188811189,0.185641026,0.011190234,0.111888112,8.74364699453552,77.32178,0.175833138,8908.1799,1917207.4616752649,8.0,0.00744879,0.38714754,0.0,0.911189039,3.985842266050977,893.6187681478144,7.808424949645996,0.0,8,59,9830,08059009830,98.3,Census Tract 98.30,G5020,S,883543,1425,39.8572908,-105.0966498,U
908,08059009831,0.426504189,0.278750952,,0.026222537,0.08492003,8.94606338797814,77.27666999999998,0.254658585,7199.525427469653,2348563.6428748136,42.0,0.026431718,0.441673833,0.061250825,0.967496454,3.39672780211879,2231.85737982128,8.629409099589882,0.0,8,59,9831,08059009831,98.31,Census Tract 98.31,G5020,S,1845114,3625,39.8593907,-105.0666447,U
909,08059009832,0.270095073,0.105719237,0.191794872,0.004333694,0.122731201,9.012477595628408,77.23892999999998,0.377811511,7045.697961440203,2578432.4377412307,50.0,0.05399568,0.560993299,0.262453781,1.080229768286568,6.426724533231228,3035.7328797808864,7.770004296795051,0.0,8,59,9832,08059009832,98.32,Census Tract 98.32,G5020,S,1332724,0,39.8491051,-105.0579449,U
910,08059009833,0.441134752,0.253945735,0.158974359,0.041325872,0.12041142,8.89922950819672,77.33454,0.224776033,8034.81508636779,2211761.1532803206,14.0,0.00581154,0.51813677,0.024587263,1.057203747783804,1.495117436690136,1344.4486929615152,7.539287365540673,0.0,8,59,9833,08059009833,98.33,Census Tract 98.33,G5020,S,2536468,183944,39.8496497,-105.0721087,U
911,08059009834,0.218708536,0.171605484,0.155897436,0.004617753,0.089783282,8.74646830601093,77.42229,0.175968005,9292.582487075128,1975063.6065614528,9.0,0.004400978,0.413552726,0.0,1.040832880276776,2.714634618798926,917.1050500880829,7.446936826118763,0.0,8,59,9834,08059009834,98.34,Census Tract 98.34,G5020,S,1842285,0,39.8506432,-105.0894523,U
912,08059009835,0.118385161,0.042007638,0.151794872,0.006369427,0.118930715,8.63113743169399,77.55599999999998,0.175771673,10705.797702979908,1655638.0065337955,0.0,0.0,0.444940062,0.0,1.139659947751567,3.176442828650244,870.5099115797392,7.05185572377273,0.0,8,59,9835,08059009835,98.35,Census Tract 98.35,G5020,S,1856431,192531,39.8473662,-105.1022592,U
913,08059009836,0.109466019,0.082787084,0.168205128,0.027568922,0.070648216,8.18454426229508,77.6473,0.141870494,16261.895775304434,1109531.393246747,103.0,0.064174455,0.278001059,0.084860039,1.32894188417549,0.27246404,27608.576920468528,6.47994018042314,0.0,8,59,9836,08059009836,98.36,Census Tract 98.36,G5020,S,6180740,33903,39.8360782,-105.1481048,U
914,08059009837,0.135921163,0.053238793,0.169230769,0.0,0.061050355,7.65240655737705,77.59953,0.113130641,12136.658370589124,589682.0319363779,69.0,0.024731183,0.553410981,0.099093896,1.341424294110398,0.0,32259.26714843112,6.613076605105329,0.0,8,59,9837,08059009837,98.37,Census Tract 98.37,G5020,S,21948283,1228891,39.8352568,-105.2099205,U
915,08059009838,0.140221402,0.04563993,0.107692308,0.004251299,0.072052826,7.81326994535519,77.79532,0.167940335,18496.828817413407,855372.8908617959,16.0,0.007557865,0.291729103,0.130603539,1.547529843934121,1.443914593385309,43118.740431069535,7.188023309278945,0.0,8,59,9838,08059009838,98.38,Census Tract 98.38,G5020,S,4377637,4772,39.8189606,-105.1820401,U
916,08059009839,0.070315789,0.071823204,,0.0,0.056421053,8.0412893442623,77.81908,0.187213191,20413.40152720357,1147909.796508762,20.0,0.024125452,0.281489361,0.110937614,1.559626365048457,1.206719799157661,36474.73164613215,7.464726069102224,0.0,8,59,9839,08059009839,98.39,Census Tract 98.39,G5020,S,1824599,0,39.8201265,-105.1584177,U
917,08059009840,0.128774423,0.179299848,0.145641026,0.0,0.117237201,8.16220300546448,77.78434,0.19491259,21782.023912280703,1360090.1911968084,11.0,0.007333333,0.307656677,0.10801861,1.622823183944476,2.281982150960101,35167.79698115379,7.634689473269279,0.0,8,59,9840,08059009840,98.4,Census Tract 98.40,G5020,S,1914740,7384,39.819066,-105.1454495,U
918,08059009841,0.16765286,0.104522613,0.148717949,0.0,0.146061815,8.27936557377049,77.76766999999998,0.195153424,20235.278319302524,1403109.8965994609,0.0,0.0,0.266246575,0.069383091,1.537796590091815,3.112155656191556,23045.048200498728,7.449468691225587,0.0,8,59,9841,08059009841,98.41,Census Tract 98.41,G5020,S,1288574,0,39.8199033,-105.1331372,U
919,08059009842,0.109292992,0.033652362,0.118974359,0.0,0.099413399,7.71633005464481,77.97342999999998,0.170550445,22461.97839522132,974964.0544947006,112.0,0.08575804,0.279000842,0.172608636,2.304583332766639,0.998187583,56315.20860243219,7.423131223744129,0.0,8,59,9842,08059009842,98.42,Census Tract 98.42,G5020,S,6544557,216971,39.7914636,-105.1821993,R
920,08059009845,0.115306811,0.05754102,0.177435897,0.0,0.046752079,6.70683087431694,77.17354,0.059873511,2279.0867737443946,560625.2817467691,186.0,0.101362398,0.30068092,0.117251779,0.369608995,0.369294587,42692.10533100463,5.024108528912691,0.381223856,8,59,9845,08059009845,98.45,Census Tract 98.45,G5020,S,43102569,20342,39.6882508,-105.2547945,R
921,08059009846,0.098350515,0.111958763,,0.007637475,0.095670103,6.18290846994535,76.17091,0.044610887,1262.0576542998024,279564.8807742108,273.0,0.134284309,0.358453297,0.036062262,0.03775268,1.791937806196906,15751.998159178813,4.855118959411802,0.739820464,8,59,9846,08059009846,98.46,Census Tract 98.46,G5020,S,27531040,36793,39.6778288,-105.3328814,R
922,08059009847,0.113271344,0.057480981,0.16,0.0,0.044438155,6.02682650273224,75.77196999999998,0.032259658,1090.5355665762863,197791.1235762632,160.0,0.114122682,0.287266191,0.0,0.0,2.50835524211636,12.353201655123502,5.150305393120269,0.0,8,59,9847,08059009847,98.47,Census Tract 98.47,G5020,S,5019174,33214,39.6727134,-105.3508621,U
923,08059009848,0.086575133,0.096671949,,0.0,0.090729002,5.92562467213115,75.53883,0.032486937,1039.8423110942615,233957.33561479903,106.0,0.095323741,3.99973678603052,0.0,0.0,0.82173872,19.84980439978748,5.035846656939412,2.806854875312853,8,59,9848,08059009848,98.48,Census Tract 98.48,G5020,S,34314474,29957,39.6744441,-105.3852698,R
924,08059009850,0.130645161,0.039112903,0.166153846,0.015711645,0.080645161,6.51116092896175,76.75883,0.066235571,2598.7771355450054,584075.1087745498,316.0,0.257959184,5.628346717067854,0.184877921,0.777917157,0.26031902,68218.18121385091,5.118468007161234,0.511583745,8,59,9850,08059009850,98.5,Census Tract 98.50,G5020,S,54879949,179079,39.7299526,-105.2977455,U
925,08059009851,0.136778846,0.077571669,0.128205128,0.0,0.113461538,8.01992868852459,77.93683,0.188802107,26016.395443473968,1388726.2722880736,28.0,0.014893617,0.319557567,0.124388352,2.14228850398269,2.115021145940945,40252.43500334663,7.875158136935473,0.0,8,59,9851,08059009851,98.51,Census Tract 98.51,G5020,S,3539141,438797,39.8055122,-105.1534021,U
926,08059009852,0.121387283,0.08527772,0.161025641,0.005011136,0.07660541,7.97206557377049,78.14076,0.199040994,38765.166165782495,1478633.7501529127,275.0,0.152439024,0.319528199,0.160801635,3.581688231644154,1.975742976316262,51974.22042493774,7.288539944656332,0.0,8,59,9852,08059009852,98.52,Census Tract 98.52,G5020,S,9445519,162688,39.785932,-105.1492101,U
927,08059009853,0.034931252,0.022668153,0.175384615,0.0,0.088071349,7.50251775956284,77.65875,0.10026001,13889.53855,599164.7496571237,0.0,0.0,0.309126593,0.177369249,1.410529677310935,0.0,58255.18579276181,6.736921310424805,0.747764531,8,59,9853,08059009853,98.53,Census Tract 98.53,G5020,S,3501267,4849,39.8110334,-105.2077043,R
928,08059009854,0.113793716,0.153204332,0.175384615,0.0,0.069589917,7.41038524590164,77.90810999999998,0.093133224,9581.956755713341,794500.9840117637,265.0,0.118568233,0.48842406,0.580164456,2.026094205077959,1.600815854749571,216743.62606401005,6.860500099531645,0.31934226,8,59,9854,08059009854,98.54,Census Tract 98.54,G5020,S,15158176,64490,39.7822558,-105.2081255,U
929,08059009855,0.046527085,0.160319188,0.198974359,0.0,0.060817547,7.12757513661202,77.81357,0.079773664,4638.644327435861,979203.9353045344,84.0,0.074402126,3.220008834175507,0.413856912,1.641716567795408,1.1130177438644,215758.03208255587,6.171006543434744,0.0,8,59,9855,08059009855,98.55,Census Tract 98.55,G5020,S,7161158,37762,39.7269172,-105.219339,U
930,08059009856,0.22745098,0.339750446,0.198974359,0.013333333,0.189304813,7.27260928961749,78.01168,0.097944276,6138.822608336573,1372073.3234652332,70.0,0.053394355,0.429287805,0.256175482,1.466293943630312,4.226829046751225,153813.13869431027,7.339074113406554,0.0,8,59,9856,08059009856,98.56,Census Tract 98.56,G5020,S,3409431,0,39.7181691,-105.1992855,U
931,08059009857,0.09384273,0.243694362,0.175384615,0.025080906,0.098293769,6.98768005464481,77.54770999999998,0.077983761,4564.259471643585,872387.8608832721,216.0,0.163760425,1.346817908689244,0.925295982,1.934167888134135,1.62380814803379,299996.01560397114,7.097113829118738,0.0,8,59,9857,08059009857,98.57,Census Tract 98.57,G5020,S,8887800,45571,39.7625216,-105.2588673,U
932,08059009858,0.073890187,0.064893306,0.175384615,0.0,0.074539608,6.64388387978142,76.62115,0.036479025,3028.383063834128,183425.89076049044,316.0,0.194581281,1.905074982276915,0.064068578,0.362009073,0.085683152,20773.94140206188,5.06785517323933,0.0,8,59,9858,08059009858,98.58,Census Tract 98.58,G5020,S,260263632,1209627,39.8270131,-105.3192732,R
933,08059009901,0.189547038,0.384935065,,0.0,0.092334495,7.38975901639344,78.12999999999998,0.086060755,7876.307209410446,1106909.0509475444,474.0,0.490175801,1.2223641150216,1.833539293926619,4.18426289059777,2.996239284471827,986037.5698114953,7.356157480543602,0.0,8,59,9901,08059009901,99.01,Census Tract 99.01,G5020,S,3794783,74450,39.7502202,-105.2192722,U
934,08059010001,0.311130397,0.231522707,0.175384615,0.01285521,0.084419431,7.32551612021858,78.15187,0.131762282,7679.883000562989,1218803.9395813309,240.0,0.155642023,0.569780798,0.466694254,2.159541100919134,5.600527963002516,720556.6628559047,7.38393518817611,0.0,8,59,10001,08059010001,100.01,Census Tract 100.01,G5020,S,5074551,5289,39.7367913,-105.204241,U
935,08059010100,0.226581831,0.35711575,0.186666667,0.0024108,0.117759146,7.59014808743169,78.38142999999998,0.226803189,16728.396278414275,1921707.166140393,419.0,0.198108747,0.273758175,0.238076593,2.019052400977574,2.836146443295515,108951.29750650606,7.708589900486373,,8,59,10100,08059010100,101.0,Census Tract 101,G5020,S,7015433,3054,39.7392982,-105.1739401,U
936,08059010205,0.087024087,0.055078125,0.156923077,0.0,0.148133748,8.46157131147541,77.57653,0.157084517,14338.404234222395,1378258.281487414,112.0,0.105760151,0.393172931,0.0,1.150683643023379,0.393971596,644.5000719798188,6.473396763460448,0.0,8,59,10205,08059010205,102.05,Census Tract 102.05,G5020,S,2208316,0,39.8352346,-105.1176408,U
937,08059010206,0.238130564,0.091988131,0.158974359,0.0,0.100842418,8.6649606557377,77.55565,0.180656912,11708.45566331606,1847130.688676944,29.0,0.017354877,0.476997552,0.0,1.281160058911532,2.311302211733107,796.1286024611081,6.661723670328866,0.0,8,59,10206,08059010206,102.06,Census Tract 102.06,G5020,S,3225950,44861,39.8339198,-105.0920433,U
938,08059010208,0.22622503,0.209842789,0.178461538,0.0,0.093814081,8.84076420765027,77.35012999999998,0.254551217,10009.498155456751,2535183.3265060014,107.0,0.048658481,0.612426807,0.166719731,1.485203596162582,1.985190909242013,1620.4929981975856,7.354398223303828,0.0,8,59,10208,08059010208,102.08,Census Tract 102.08,G5020,S,2987062,251,39.8287575,-105.0745318,U
939,08059010209,0.4209062,0.193196917,,0.017850768,0.106253312,8.93352868852459,77.30646,0.343364638,8467.353629109688,2597088.4033429446,26.0,0.009213324,0.630896969,0.265414141,1.223817945642049,2.448519659114596,2786.7193300547574,7.305187479243035,0.0,8,59,10209,08059010209,102.09,Census Tract 102.09,G5020,S,2554580,7575,39.8339829,-105.0624546,U
940,08059010210,0.244104135,0.09469109,0.185641026,0.004484305,0.122335496,8.59128524590164,77.58692999999998,0.223104257,14016.28377826424,2131227.759419385,196.0,0.137931034,0.506939675,0.0,1.560998198073414,1.021692231333685,818.6094500243349,6.886157766833412,0.0,8,59,10210,08059010210,102.1,Census Tract 102.10,G5020,S,2799144,39218,39.8232499,-105.1005649,U
941,08059010211,0.308366053,0.2561415,0.190769231,0.015898251,0.18902241,8.70134371584699,77.51761,0.223637732,12890.575454424392,2634375.38175418,118.0,0.089056604,0.557180085,0.032080324,1.633987594405725,2.890491876546218,971.0308842604873,7.479547812468381,0.0,8,59,10211,08059010211,102.11,Census Tract 102.11,G5020,S,1786500,2378,39.8164845,-105.0858913,U
942,08059010212,0.321293673,0.259241706,0.205128205,0.0,0.221090047,8.79412513661202,77.44751999999998,0.224420276,13009.596979295213,3077303.469697779,631.0,0.368790181,0.601414555,0.206431263,2.033847555982865,3.050770714012914,1824.1919281670107,7.872849749018116,0.0,8,59,10212,08059010212,102.12,Census Tract 102.12,G5020,S,2274166,1071,39.8116877,-105.073766,U
943,08059010213,0.325818339,0.212593243,0.208205128,0.041167275,0.147652479,8.89476885245902,77.30144,0.358545571,11824.219294996845,3085677.0095744454,254.0,0.132360604,0.694507944,0.320744959,1.943095480043298,5.222290824471303,2838.400008773039,7.730174716410701,0.0,8,59,10213,08059010213,102.13,Census Tract 102.13,G5020,S,2774092,248,39.8118857,-105.060253,U
944,08059010303,0.077300837,0.119134231,0.196923077,0.006024096,0.151691524,8.40365409836066,77.72313,0.19378387,17790.785011947108,1505108.3227946428,261.0,0.112645662,0.370500408,0.012190691,1.503389023473765,1.562816933761392,5148.526652557352,7.243254287809101,0.0,8,59,10303,08059010303,103.03,Census Tract 103.03,G5020,S,3057933,6262,39.8214801,-105.1197694,U
945,08059010304,0.170111288,0.130071599,0.173333333,0.0,0.135640414,8.49656475409836,77.72847,0.218313022,17710.907614829957,1999011.4078022377,627.0,0.559322034,0.477362463,0.0,1.898687938473245,4.618331911393766,1620.8377449441855,7.785751416438224,0.0,8,59,10304,08059010304,103.04,Census Tract 103.04,G5020,S,1350995,0,39.8105424,-105.1064009,U
946,08059010305,0.207426019,0.110207515,0.205128205,0.02501489,0.131674588,8.62206994535519,77.60795,0.223586602,15284.992046098176,2675488.2679095403,781.0,0.431969027,0.537551679,0.017594913,2.18315616952115,6.402616477803161,1518.512571204159,7.746101151074468,0.0,8,59,10305,08059010305,103.05,Census Tract 103.05,G5020,S,1661536,0,39.8061352,-105.0906552,U
947,08059010306,0.208390646,0.143397524,0.185641026,0.0,0.09869326,8.27306693989071,77.8866,0.195253729,25678.739406809127,1618968.782572512,76.0,0.059936909,0.303105902,0.107361627,2.167659948077266,3.507060241392627,34660.15964896204,7.995503040122564,0.0,8,59,10306,08059010306,103.06,Census Tract 103.06,G5020,S,1483811,0,39.807262,-105.1307399,U
948,08059010307,0.235806051,0.296104434,0.192820513,0.026692088,0.131786158,8.40688278688525,77.81865999999998,0.198483743,21643.843403960484,1978793.522303564,226.0,0.10772164,0.448216282,0.057322908,2.094639008274919,2.984206713754764,31380.40109642044,8.3280453964607,0.0,8,59,10307,08059010307,103.07,Census Tract 103.07,G5020,S,1488574,0,39.8065903,-105.1160821,U
949,08059010308,0.188213566,0.16297043,0.178461538,0.003988397,0.08921371,8.38162213114754,77.92861,0.217443532,25154.07896188105,2420478.040139413,857.0,0.298190675,0.501192875,0.054764999,2.716924801935774,4.520784916918545,18376.474150360988,7.876409721022765,0.0,8,59,10308,08059010308,103.08,Census Tract 103.08,G5020,S,4889862,18359,39.7960661,-105.1137379,U
950,08059010402,0.337671004,0.298985034,0.232820513,0.01024373,0.136934457,8.42424726775956,77.90586999999998,0.274895041,24293.093162917405,3113173.3752565207,717.0,0.229660474,0.453157808,0.066165014,3.281598025366669,2.91729636573025,16432.294270014187,8.165761516651816,0.0,8,59,10402,08059010402,104.02,Census Tract 104.02,G5020,S,4026525,149839,39.7889834,-105.1073582,U
951,08059010403,0.40267335,0.427736007,0.231794872,0.008161679,0.126817043,8.3427281420765,77.92366,0.266019848,34997.65033965587,3235333.0926983417,872.0,0.318016047,0.362050301,0.14919355,3.055375967994377,5.707554932885053,28617.206696620862,7.821770625821712,0.0,8,59,10403,08059010403,104.03,Census Tract 104.03,G5020,S,4082985,143983,39.7789876,-105.1152296,U
952,08059010405,0.287971275,0.371274686,0.171282051,0.004307692,0.119210054,8.67550956284153,77.55177,0.261957989,15411.910564699816,3709902.810992392,60.0,0.035863718,0.474977772,0.198660092,3.706698144227229,4.604153389835588,1506.2795980512024,8.682158224622189,0.0,8,59,10405,08059010405,104.05,Census Tract 104.05,G5020,S,1609580,28397,39.7974819,-105.0833343,U
953,08059010406,0.451951459,0.364292747,0.242051282,0.024305556,0.091893666,8.79290901639344,77.39758,0.306981784,17069.435450610392,4029193.530625925,765.0,0.502628121,0.624459493,0.373814793,3.774392753803915,6.697515153773287,3582.5633502198525,9.03917769147204,0.0,8,59,10406,08059010406,104.06,Census Tract 104.06,G5020,S,2786524,24471,39.7935347,-105.0636021,U
954,08059010502,0.22710693,0.211571842,0.185641026,0.0,0.143490839,8.44910901639344,77.81071,0.281331078,28896.811685380795,3402477.557852172,1071.0,0.451898734,0.418685538,0.189913157,2.858016089707265,9.25037130358672,22697.830992343366,7.606145287630223,0.0,8,59,10502,08059010502,105.02,Census Tract 105.02,G5020,S,5946655,295053,39.7670195,-105.0945738,U
955,08059010503,0.183387978,0.216311277,0.191794872,0.0,0.107715982,8.20194153005465,78.20355999999998,0.253840165,73526.26738060545,2556596.4406192945,606.0,0.272850068,0.36111123,0.196988492,2.506139205497794,5.799944907605535,41573.85697784296,7.305124615511694,0.0,8,59,10503,08059010503,105.03,Census Tract 105.03,G5020,S,3964477,111273,39.767333,-105.1264548,U
956,08059010504,0.08608838,0.052700491,0.172307692,0.0,0.08903437,8.14150409836066,78.17705999999998,0.250910997,110759.81737692308,2486355.9584748344,190.0,0.148902821,0.242886213,0.188574529,2.401730984801686,2.004102900249043,42560.89602302168,7.135801667814608,0.0,8,59,10504,08059010504,105.04,Census Tract 105.04,G5020,S,2313045,5084,39.7581644,-105.1260247,U
957,08059010603,0.243738217,0.181067694,0.236923077,0.021220159,0.15579411,8.69193142076503,77.43076999999998,0.331467834,14836.140019392844,3948792.288787237,1165.0,0.605194805,0.531108647,0.345881098,2.645264069034714,10.134970956725113,1707.4686942451476,8.249237236634231,0.0,8,59,10603,08059010603,106.03,Census Tract 106.03,G5020,S,1943853,0,39.7729915,-105.0673281,U
958,08059010604,0.243073048,0.166736665,0.223589744,0.054421769,0.104465038,8.72295956284153,77.41696,0.324363128,15764.701491978376,4235936.567361715,857.0,0.749781277,0.51722318,0.363433201,3.172050275737774,5.528357125187172,2297.230009423728,8.92155645368192,0.0,8,59,10604,08059010604,106.04,Census Tract 106.04,G5020,S,1875430,157267,39.7806351,-105.0685379,U
959,08059010701,0.17532214,0.282625942,0.190769231,0.0,0.164418881,8.59194426229508,77.58168999999998,0.280567512,16688.83400733109,3642633.4791602166,1087.0,0.435148118,0.469133961,0.275297213,2.538112830724485,9.897629966094629,1153.6529623657048,7.618119886443718,0.0,8,59,10701,08059010701,107.01,Census Tract 107.01,G5020,S,2208520,0,39.7623151,-105.0734425,U
960,08059010702,0.43305187,0.33114485,0.25025641,0.007765315,0.129872794,8.70388224043716,77.4461,0.363987963,11770.054429749374,4138902.498790797,1345.0,0.530362776,0.560427025,0.382371883,2.560388339541351,9.328741174212464,1475.3900236348095,8.08126470315013,0.0,8,59,10702,08059010702,107.02,Census Tract 107.02,G5020,S,1669992,26688,39.7611899,-105.0595994,U
961,08059010801,0.19732178,0.085072863,0.162051282,0.0,0.171327294,8.10872459016393,78.19206,0.244118934,144996.6949486863,2496453.240768823,374.0,0.316145393,0.282969385,0.189668694,2.390341635608771,8.306247711365387,42162.90052380999,7.327698078694617,0.0,8,59,10801,08059010801,108.01,Census Tract 108.01,G5020,S,2081809,246868,39.7508948,-105.1265493,U
962,08059010901,0.236623527,0.184927536,0.171282051,0.008278867,0.130628019,7.82813114754098,78.26035,0.240959703,269895.95319583634,2295394.4867252014,494.0,0.215250545,0.192898781,0.189278415,2.650066057259661,4.88646820144686,50560.5189771049,7.896257249228849,0.0,8,59,10901,08059010901,109.01,Census Tract 109.01,G5020,S,4539690,1361,39.7317322,-105.1418106,U
963,08059010902,0.375916635,0.332806948,0.274871795,0.0,0.163615115,8.05208142076503,78.05503,0.244608435,153754.42264881515,2849056.8418245167,282.0,0.202440775,0.224708339,0.223395139,3.304384269614489,6.74870421029005,38052.42073977829,7.975750217467876,0.0,8,59,10902,08059010902,109.02,Census Tract 109.02,G5020,S,2651184,3031,39.7313548,-105.1198013,U
964,08059011000,0.235495495,0.267680608,0.224615385,0.02081448,0.135171103,8.33446775956284,77.88866,0.264121822,38581.116042097434,3158221.913428358,1371.0,0.589170606,0.375560298,0.168200656,2.526896944893885,6.132663135855523,23261.0724613353,7.400280112996292,0.0,8,59,11000,08059011000,110.0,Census Tract 110,G5020,S,3914474,0,39.7474731,-105.0954668,U
965,08059011101,0.373085339,0.223574986,0.217435897,0.013888889,0.169722222,8.21177049180328,78.00927,0.261606164,32305.91978900296,3377554.026183025,642.0,0.399750934,0.281439376,0.197977436,3.146107044204677,2.492940516135336,32700.013795878927,7.388499752727485,0.0,8,59,11101,08059011101,111.01,Census Tract 111.01,G5020,S,2630152,1607,39.7325308,-105.1017729,U
966,08059011102,0.519157088,0.483225261,0.217435897,0.125814863,0.136527278,8.32434808743169,77.77142,0.270281392,19182.870339031462,3784011.5658713775,557.0,0.345533499,0.33530799,0.197303532,2.871182568046661,5.339398323569185,798.1278481494105,7.729208297305898,0.0,8,59,11102,08059011102,111.02,Census Tract 111.02,G5020,S,1302907,0,39.7329155,-105.0861232,U
967,08059011202,0.20877551,0.139086527,0.181538462,0.0,0.123469388,8.16770601092896,78.01484,0.237961756,18858.6905733444,3429005.230770804,1163.0,0.639362287,0.243447086,0.270442316,3.832876051082812,1.779940744274318,11312.556581034116,7.659065629528687,0.0,8,59,11202,08059011202,112.02,Census Tract 112.02,G5020,S,3896693,12075,39.7166303,-105.0954116,U
968,08059011300,0.280845262,0.231765508,0.246153846,0.005494505,0.112133606,8.61039754098361,77.48140999999998,0.312877378,12038.23924460312,3986083.5025419807,981.0,0.699215966,0.521271938,0.335383319,2.442830117966534,3.993755487801503,1079.6048274796567,7.841061121282764,0.0,8,59,11300,08059011300,113.0,Census Tract 113,G5020,S,1284657,0,39.751215,-105.0626168,U
969,08059011401,0.441455097,0.325875897,0.30974359,0.10192147,0.14478683,8.59067131147541,77.46888,0.349506929,10798.03124436978,4052274.818665604,404.0,0.331147541,0.53628385,0.313505374,2.61220208429253,9.378742282433368,1084.3191164716732,8.555372894611352,0.094624046,8,59,11401,08059011401,114.01,Census Tract 114.01,G5020,S,902512,0,39.7439608,-105.0596758,U
970,08059011402,0.459688826,0.317792339,0.207179487,0.027667984,0.165421026,8.49128797814208,77.69415999999998,0.271365337,15507.305492081412,3711468.3198145935,622.0,0.283242259,0.450976492,0.238781879,2.534401996965392,5.979894320155997,1022.2841481798768,7.998598174931633,0.200460829,8,59,11402,08059011402,114.02,Census Tract 114.02,G5020,S,1709705,0,39.7466687,-105.0748591,U
971,08059011551,0.300151592,0.299162649,0.224615385,0.049876543,0.073077899,8.42046557377049,77.70117999999998,0.270872888,13564.934306573756,3980341.1474981178,1040.0,0.438633488,0.432575315,0.256595064,2.738005398132037,5.115576958804775,839.8233569935387,7.873388128087741,0.0,8,59,11551,08059011551,115.51,Census Tract 115.51,G5020,S,2156822,13726,39.731455,-105.0706506,U
972,08059011552,0.593773165,0.54789272,0.224615385,0.079646018,0.101149425,8.53374863387978,77.56639,0.290868992,9756.190298106345,4223134.600759432,396.0,0.319612591,0.527489257,0.379637768,2.562515159821535,7.437679868662882,1028.441330330288,8.233908158391815,0.019074949,8,59,11552,08059011552,115.52,Census Tract 115.52,G5020,S,1703026,308,39.7339613,-105.0586408,U
973,08059011601,0.574463225,0.448640847,0.249230769,0.045864662,0.090449844,8.40627704918033,77.67538999999998,0.241936122,9436.811817163356,4379833.835539156,559.0,0.408924653,0.456430474,0.440118901,2.655744451547895,5.566073348896999,840.992624582876,8.19249261001149,0.0,8,59,11601,08059011601,116.01,Census Tract 116.01,G5020,S,1924279,5499,39.7207624,-105.0668354,U
974,08059011602,0.520373098,0.409860558,0.285128205,0.044152745,0.095998036,8.36363442622951,77.79147,0.238957935,9169.318713936867,3745971.413017592,638.0,0.365825688,0.324136427,0.444572055,3.093371869601054,9.817743905811607,811.602325205195,8.189703463272435,0.0,8,59,11602,08059011602,116.02,Census Tract 116.02,G5020,S,1984653,0,39.7148216,-105.0674029,U
975,08059011701,0.329113924,0.102773988,0.174358974,0.0,0.147930333,8.07952677595628,77.98753,0.225825881,14541.080001869763,2812142.2630159864,234.0,0.113317191,0.150552968,0.313289687,3.134756543850163,1.686619596718304,9330.394493071968,7.509297322437837,0.0,8,59,11701,08059011701,117.01,Census Tract 117.01,G5020,S,3858316,76726,39.7035473,-105.0957219,U
976,08059011702,0.278089379,0.152529899,0.184615385,0.0,0.143882245,8.03487704918033,78.08293999999998,0.228078877,9666.579037304538,2533996.6827741894,75.0,0.03330373,0.140344548,0.408478107,2.047641571433493,3.560781353880877,563.1123666231972,7.255413069650141,0.0,8,59,11702,08059011702,117.02,Census Tract 117.02,G5020,S,2566570,10206,39.6868658,-105.0902335,U
977,08059011708,0.25252257,0.194901753,,0.006644518,0.128783856,7.88288087431694,78.16415,0.201765857,20751.973414791617,2089487.254950828,453.0,0.300996678,0.209332954,0.318947819,2.894477821164558,4.865569804233422,35884.132826234694,7.07687761295861,0.0,8,59,11708,08059011708,117.08,Census Tract 117.08,G5020,S,2507799,0,39.7048451,-105.121157,U
978,08059011709,0.308758478,0.106163374,0.185641026,0.018205462,0.054556178,7.81594972677596,78.07953999999998,0.200520847,12342.037628993912,1800887.8736643079,51.0,0.032629559,0.200763714,0.233431535,1.615140371331309,5.131033020187727,32715.642879541498,6.964924420367534,0.0,8,59,11709,08059011709,117.09,Census Tract 117.09,G5020,S,1776073,173084,39.6936351,-105.1213495,U
979,08059011710,0.274882751,0.160690919,0.154871795,0.004522613,0.206096925,7.89841639344262,78.08105999999998,0.199868425,10965.9459290372,2153041.98135229,43.0,0.020273456,0.114079903,0.352830103,1.752764492240397,3.817995431209308,23630.23342819658,7.096168359004754,0.0,8,59,11710,08059011710,117.1,Census Tract 117.10,G5020,S,1933466,391216,39.6889744,-105.1080644,U
980,08059011711,0.173522459,0.134724858,0.203076923,0.01741573,0.086822806,7.72086584699454,78.12236,0.200498339,14265.595641191312,1534726.3163880543,103.0,0.054699947,0.113914595,0.212923813,1.872335121746286,7.098877326634602,38419.23827946512,6.835155887710689,0.0,8,59,11711,08059011711,117.11,Census Tract 117.11,G5020,S,2169928,0,39.6969608,-105.1362846,U
981,08059011712,0.162040332,0.105575326,0.158974359,0.004456825,0.109845789,7.59643442622951,78.06171,0.18798958,8844.465753477078,1326737.3694089034,58.0,0.032311978,0.110760041,0.212361379,1.151683472671256,2.561685822118483,36794.53481628241,6.542368672297131,0.0,8,59,11712,08059011712,117.12,Census Tract 117.12,G5020,S,2427630,0,39.6855787,-105.1436421,U
982,08059011720,0.11690512,0.075037707,0.142564103,0.0,0.071159639,7.40177240437158,77.97252,0.185078854,10610.015232066253,1586719.2259694694,79.0,0.037672866,0.177912586,0.19696969,1.691987711685169,0.301475114,62209.5758985663,6.853506594276762,0.0,8,59,11720,08059011720,117.2,Census Tract 117.20,G5020,S,15469960,7231,39.6949354,-105.173187,U
983,08059011721,0.163349606,0.085242208,0.202051282,0.0,0.092377018,7.63449644808743,78.17179,0.195769051,17653.044207355644,1743282.6153870942,38.0,0.029141104,0.17145341,0.151726496,1.964220680648205,0.0,60637.10302464759,7.255851841709464,0.0,8,59,11721,08059011721,117.21,Census Tract 117.21,G5020,S,2543931,3353,39.7161105,-105.158491,U
984,08059011723,0.241425871,0.148971193,0.217435897,0.006924409,0.113854595,7.7090262295082,78.22692999999998,0.195746945,19413.09819299396,1631271.596393586,16.0,0.008311688,0.12873661,0.213931939,2.241435066481573,6.187797039958507,44014.5352890052,7.511046786034576,0.0,8,59,11723,08059011723,117.23,Census Tract 117.23,G5020,S,1400256,0,39.7060466,-105.142307,U
985,08059011724,0.235594085,0.045894952,0.140512821,0.023366192,0.046659867,7.23069153005464,77.77203,0.166602565,5058.198401502977,1032804.623889056,72.0,0.025974026,0.1116765,0.181437581,0.742230776,0.664207834,36182.04050505026,6.290911518434539,0.053261175,8,59,11724,08059011724,117.24,Census Tract 117.24,G5020,S,9271465,15500,39.6694437,-105.1746097,R
986,08059011725,0.171974522,0.088592936,0.157948718,0.007989348,0.104806022,7.47254016393443,77.9666,0.173628278,6608.7696,1139524.7073849612,1.0,0.001331558,0.108660531,0.207464191,0.868155213,1.308026697816147,35588.53577733724,6.348700046539307,0.0,8,59,11725,08059011725,117.25,Census Tract 117.25,G5020,S,1004142,0,39.6770634,-105.152028,U
987,08059011726,0.238984317,0.13965646,0.153846154,0.00620229,0.115571322,7.66514972677596,78.05545999999998,0.189643724,7054.412405737645,1427098.38470605,127.0,0.057727273,0.137176643,0.255949772,0.888983824,1.689435397059365,24495.89445741533,6.734554811761763,0.0,8,59,11726,08059011726,117.26,Census Tract 117.26,G5020,S,5614859,89831,39.6709388,-105.1298174,U
988,08059011727,0.212262925,0.111717329,0.179487179,0.034875922,0.115874253,7.92270491803279,78.09927999999998,0.211525774,7772.922123056225,2236963.6660130164,77.0,0.050691244,0.134091413,0.427454206,1.619199921099951,4.614681021296287,326.79361660559346,7.316006442150439,0.0,8,59,11727,08059011727,117.27,Census Tract 117.27,G5020,S,2556004,24337,39.6778007,-105.0974921,U
989,08059011728,0.190977444,0.118796992,0.161025641,0.0,0.110902256,7.91318852459016,78.01787,0.213419022,6784.826697276816,2150808.9606308634,9.0,0.007512521,0.135299652,0.460284674,1.497506272041502,0.685773843,308.04415232586086,7.39610011613637,0.0,8,59,11728,08059011728,117.28,Census Tract 117.28,G5020,S,1277508,0,39.670616,-105.0924488,U
990,08059011729,0.281074766,0.264186485,0.186666667,0.008,0.186682243,7.86702349726776,78.04040999999998,0.21873127,5370.036239147576,2107875.60939264,33.0,0.014531044,0.133941396,0.55195999,1.26954115314309,1.893713123855048,272.29606818794485,8.000066476724406,0.0,8,59,11729,08059011729,117.29,Census Tract 117.29,G5020,S,1935776,30745,39.6603579,-105.0874291,U
991,08059011730,0.335753703,0.209315866,0.177435897,0.007019783,0.083647981,7.77746857923497,78.00443,0.194531982,5519.382102815433,1867346.567927924,18.0,0.010606953,0.118947186,0.465176836,1.083015981412685,3.056661408493314,219.51738601029007,8.017939433753007,0.0,8,59,11730,08059011730,117.3,Census Tract 117.30,G5020,S,1921566,1258,39.6618111,-105.1022393,U
992,08059011731,0.269533056,0.133723653,0.168205128,0.008508509,0.094775774,7.36102240437158,77.74601,0.187574808,4920.206721716086,1707433.7430348855,12.0,0.005797101,0.144629405,0.339426906,0.828200498,1.698095806953452,13082.089142951225,7.376174297822276,0.0,8,59,11731,08059011731,117.31,Census Tract 117.31,G5020,S,13006543,1075643,39.6546128,-105.1481369,U
993,08059011732,0.335512442,0.310118544,,0.006302521,0.159907055,7.79218169398907,78.17757,0.235199374,40845.68873609942,2008360.060105652,30.0,0.011503067,0.152872106,0.14510548,2.985230732977361,0.508695494,48070.08019820008,7.835110478586965,0.0,8,59,11732,08059011732,117.32,Census Tract 117.32,G5020,S,1324834,0,39.7211174,-105.1420325,U
994,08059011733,0.180099502,0.234825871,0.192820513,0.0,0.073631841,7.80262841530055,78.1479,0.200132328,33517.18941,1963828.2184919436,29.0,0.023947151,0.223849965,0.308398962,3.057488700462347,4.327397881948577,45690.48402207736,7.898449897766113,0.0,8,59,11733,08059011733,117.33,Census Tract 117.33,G5020,S,1092814,34014,39.7150847,-105.1407131,U
995,08059011803,0.491142532,0.279784278,0.185641026,0.018327068,0.128717699,8.23413306010929,77.83936,0.238174989,6793.34013222142,3080207.6099717487,981.0,0.453327172,0.272430906,0.486035671,2.162177633764067,9.389760035167088,717.0037217193232,7.487264042171821,0.0,8,59,11803,08059011803,118.03,Census Tract 118.03,G5020,S,1928462,0,39.6930576,-105.067313,U
996,08059011804,0.457291175,0.177972111,0.139487179,0.022492401,0.111635591,8.17852131147541,77.88826,0.231173074,6463.978336708344,2865805.8968791915,204.0,0.122891566,0.198941497,0.496167992,1.983417228840517,6.765389062602237,635.5168194648427,7.10356823413861,0.0,8,59,11804,08059011804,118.04,Census Tract 118.04,G5020,S,1916211,33161,39.6860178,-105.0676281,U
997,08059011806,0.45693109,0.313354787,0.194871795,0.045556052,0.145862553,8.31318934426229,77.78762999999998,0.238614838,7301.22972396297,3466480.6224413817,780.0,0.328559393,0.300838102,0.475832605,2.675936052494342,12.924274155821976,933.4181996684304,7.739652533818008,0.0,8,59,11806,08059011806,118.06,Census Tract 118.06,G5020,S,2955851,0,39.7032559,-105.0644078,U
998,08059011807,0.418038922,0.233158683,0.243076923,0.02060528,0.076721557,8.25389371584699,77.82703999999998,0.238408359,9613.484201260751,3229169.073114211,51.0,0.03030303,0.276365915,0.425653927,4.041287578528207,3.139453705314544,790.2445339929046,8.452288773024428,0.0,8,59,11807,08059011807,118.07,Census Tract 118.07,G5020,S,580176,9282,39.7081402,-105.0759318,U
999,08059011808,0.406644998,0.195377393,0.243076923,0.044270833,0.055615746,8.21498360655738,77.86216,0.238200243,9043.073452473527,3099320.071757836,0.0,0.0,0.264122164,0.424736501,3.294350740113595,3.475302615548037,967.1198698485568,7.886827643819037,0.0,8,59,11808,08059011808,118.08,Census Tract 118.08,G5020,S,344124,10126,39.7025635,-105.078042,U
1000,08059011904,0.296146675,0.207405083,0.16,0.003101737,0.156807512,7.87708169398907,78.04676,0.205277657,4452.69768637556,2413957.7968523945,172.0,0.100116414,0.163040107,0.92153909,1.405048945258071,1.625761423133006,8504.374927537954,7.635121842187258,0.0,8,59,11904,08059011904,119.04,Census Tract 119.04,G5020,S,2654158,31085,39.6493402,-105.0739987,U
1001,08059011951,0.405888274,0.162556618,0.190769231,0.021334792,0.083039758,8.10835409836066,77.92107,0.229997202,5525.622707239267,2720525.353845004,66.0,0.032917706,0.205226313,0.553812374,1.841068446207061,3.177124192008418,513.9528390060642,7.120664921557541,0.0,8,59,11951,08059011951,119.51,Census Tract 119.51,G5020,S,2975415,257187,39.6732006,-105.0704464,U
1002,08059012022,0.18971569,0.060456942,0.161025641,0.0,0.085293085,6.98914453551913,77.71760999999998,0.156765473,2049.169934231227,902727.668171268,12.0,0.005095541,0.12738688,0.233599503,0.132280499,1.065256031277219,10988.43127051248,5.809752814520136,0.0,8,59,12022,08059012022,120.22,Census Tract 120.22,G5020,S,5208074,27869,39.5868042,-105.1380907,U
1003,08059012023,0.165189873,0.108605907,0.168205128,0.00927357,0.117721519,7.20004344262295,78.01737,0.162081581,2028.0748729232553,1155632.8685326783,16.0,0.012003001,0.120745493,0.358449003,0.218343181,0.869597551,14839.91332842688,6.507776816064573,0.0,8,59,12023,08059012023,120.23,Census Tract 120.23,G5020,S,2116605,2860,39.5854129,-105.0984554,U
1004,08059012024,0.130155329,0.078378861,0.146666667,0.001759789,0.084627745,6.91411092896175,77.82277,0.146497239,1805.562796909565,886775.4757582842,0.0,0.0,0.153772552,0.227313464,0.215486933,2.335677809627176,11848.206739194815,5.677250316039375,0.0,8,59,12024,08059012024,120.24,Census Tract 120.24,G5020,S,8041712,21600,39.5695879,-105.1262658,U
1005,08059012026,0.075547866,0.091623037,0.12,0.0,0.071844095,6.0844706010929,76.0875,0.044865249,1177.075195606867,166705.1464269729,544.0,0.324776119,0.107465189,0.0,0.0,1.440053231247143,1.89115093879832,4.508897751083701,2.354792560801144,8,59,12026,08059012026,120.26,Census Tract 120.26,G5020,S,23130930,16502,39.6134723,-105.2997029,R
1006,08059012027,0.188655194,0.13526245,0.215384615,0.004187605,0.072526738,6.49893770491803,76.84017,0.051531227,1767.077242132627,383149.4947455565,415.0,0.316310976,0.064784927,0.02723507,0.093250716,0.095542581,10545.338978586298,4.097016078352392,1.954417578043728,8,59,12027,08059012027,120.27,Census Tract 120.27,G5020,S,54877924,33438,39.6298811,-105.247461,R
1007,08059012030,0.131938858,0.101635827,,0.0,0.084473049,5.75100775956284,75.1145,0.024173569,857.4230908328996,90483.12951583289,315.0,0.194805195,0.129170346,0.0,0.0,0.0,0.45489401,3.340708257257163,0.0,8,59,12030,08059012030,120.3,Census Tract 120.30,G5020,S,34181557,196689,39.6124428,-105.3560884,R
1008,08059012031,0.082436261,0.076770538,0.144615385,0.018329939,0.111048159,5.64208713114754,74.92176,0.02216684,805.0574661421009,62758.782966572806,177.0,0.11302682,0.06402366,0.0,0.0,0.091004004,0.101592884,3.525097267941275,0.0,8,59,12031,08059012031,120.31,Census Tract 120.31,G5020,S,47969560,53910,39.5742729,-105.3569018,R
1009,08059012032,0.091851852,0.071111111,0.156923077,0.0,0.094074074,5.97844073770492,76.04743,0.039049733,1145.3940405753683,153207.4416627839,124.0,0.107359307,0.022948504,0.0,0.0,0.710839851,0.219030834,4.778005548815122,0.539478655,8,59,12032,08059012032,120.32,Census Tract 120.32,G5020,S,31154323,51509,39.5730872,-105.2753511,R
1010,08059012033,0.068823125,0.149690296,0.195897436,0.009830206,0.081211287,6.0080268579235,76.32134999999998,0.0383132,1098.089653261893,159868.26688410217,147.0,0.123322148,0.112322855,0.0,0.041641629,0.312641234,2.764235778986214,3.935599326833855,1.051789001841031,8,59,12033,08059012033,120.33,Census Tract 120.33,G5020,S,56553795,69573,39.5316599,-105.2372056,R
1011,08059012034,0.043686734,0.094832179,,0.0,0.033564198,6.69909207650273,77.21939,0.107408331,2109.7324256564143,570834.4656802451,51.0,0.032095658,0.075638353,0.078631852,0.0,0.010760651,3.676519652037476,4.717751453387258,0.039828078,8,59,12034,08059012034,120.34,Census Tract 120.34,G5020,S,22261041,79258,39.6090939,-105.2055347,R
1012,08059012035,0.090571931,0.045676362,0.143589744,0.0,0.042943588,6.55144153005465,77.16823999999998,0.098730852,1611.0280675946524,463366.2496777107,14.0,0.007945516,0.143019041,0.076611824,0.07924999,0.0,5966.07718158084,3.830746537237938,0.0,8,59,12035,08059012035,120.35,Census Tract 120.35,G5020,S,29664577,245391,39.5600616,-105.189124,U
1013,08059012036,0.210742496,0.056556082,0.157948718,0.0,0.057819905,6.13084273224044,76.94101,0.104536903,1207.5260359675517,545698.2002560785,73.0,0.056370656,0.500825648,0.196982051,0.256313662,0.038832865,10070.93347032628,4.29318916883952,0.0,8,59,12036,08059012036,120.36,Census Tract 120.36,G5020,S,146553633,3463373,39.4943089,-105.1282461,U
1014,08059012037,0.09190372,0.067013129,0.165128205,0.0,0.206236324,5.42446472677596,74.43895,0.020510408,672.4617274579631,61526.38966922732,190.0,0.109763143,0.0,0.0,0.0,0.288951008,0.088205352,3.765132700303216,0.0,8,59,12037,08059012037,120.37,Census Tract 120.37,G5020,S,40131438,43595,39.5085205,-105.3734198,R
1015,08059012038,0.295403587,0.066984305,0.166153846,0.008580343,0.076793722,7.14133825136612,77.60799,0.169846557,3132.7212197439662,1122629.536850797,0.0,0.0,0.0,0.131363269,0.351318103,0.588377445,12.397041764198914,6.485131631578717,0.0,8,59,12038,08059012038,120.38,Census Tract 120.38,G5020,S,3269249,1397,39.6323926,-105.1563596,R
1016,08059012039,0.281103397,0.147680121,0.182564103,0.028528529,0.096743836,7.29807131147541,77.73268,0.175274744,3372.943431835546,1039498.0486475584,17.0,0.008208595,0.0,0.156051947,0.354977224,0.28086224,2037.2704449911664,6.255903647955344,0.0,8,59,12039,08059012039,120.39,Census Tract 120.39,G5020,S,2535610,0,39.6321214,-105.1363468,R
1017,08059012041,0.250273025,0.151647551,0.198974359,0.00739645,0.13835791,7.45264644808743,77.83652999999998,0.180072075,3495.535910632172,1297408.1290050927,52.0,0.02480916,0.076357189,0.337039708,0.624029226,6.182878174980605,8346.336532269122,6.571400165557861,0.0,8,59,12041,08059012041,120.41,Census Tract 120.41,G5020,S,3137228,196477,39.6329791,-105.1134778,U
1018,08059012042,0.242165242,0.081207704,0.106666667,0.0,0.09694142,7.30155655737705,77.83303999999998,0.175596747,2817.2210755324018,1135375.0812254583,10.0,0.007072136,0.0,0.36884728,0.109291149,3.099668823187312,9234.557746688995,6.571400165557861,0.0,8,59,12042,08059012042,120.42,Census Tract 120.42,G5020,S,2546429,39974,39.6178994,-105.1191483,U
1019,08059012043,0.237868852,0.032131148,,0.004769475,0.079836066,7.11435327868853,77.60546999999998,0.17108243,2730.8088834503233,1012771.6957699956,42.0,0.016693164,0.03345839,0.14289077,0.0,1.129951361172359,7989.858315914514,6.148471474039105,0.0,8,59,12043,08059012043,120.43,Census Tract 120.43,G5020,S,4733371,298038,39.6158462,-105.1450331,R
1020,08059012044,0.260812923,0.13458529,,0.0,0.071726656,7.03698224043716,77.64819,0.141970511,2330.19034443086,907271.9848235459,18.0,0.011501597,0.105164736,0.182326303,0.0,0.664284875,8814.760395982401,5.641158822783408,0.0,8,59,12044,08059012044,120.44,Census Tract 120.44,G5020,S,4055873,215563,39.598562,-105.1349138,U
1021,08059012045,0.250337382,0.083912528,0.195897436,0.007958801,0.091093117,7.18182704918033,77.78248,0.162190303,2414.421869368456,1054018.3049691052,13.0,0.005617978,0.102769528,0.249836385,0.071389654,2.535342813561307,10177.972238446964,6.113700444622651,0.0,8,59,12045,08059012045,120.45,Census Tract 120.45,G5020,S,2914554,19860,39.602518,-105.1222665,U
1022,08059012046,0.303775241,0.110030932,0.164102564,0.021223471,0.071115013,7.34556693989071,77.98179,0.162265191,2466.2979019437043,1372703.2289316019,3.0,0.003663004,0.09669352,0.427677577,0.177667448,0.0,12096.770324593295,6.822129673746763,0.0,8,59,12046,08059012046,120.46,Census Tract 120.46,G5020,S,1374701,4303,39.6068278,-105.101052,U
1023,08059012047,0.173446069,0.127864345,0.142564103,0.0,0.070383912,7.26799863387978,77.95296999999998,0.162160193,2237.0804563279908,1206928.998501717,18.0,0.010350776,0.107203143,0.39612017,0.112134199,2.942853399265482,13016.89069250466,6.243425544711391,0.0,8,59,12047,08059012047,120.47,Census Tract 120.47,G5020,S,1733094,2002,39.5971331,-105.1017088,U
1024,08059012048,0.185324553,0.155586987,,0.0,0.208842897,7.42462404371585,78.11072,0.156431462,2359.497349785801,1418667.3172869212,13.0,0.013626834,0.167325534,0.473032855,0.329469528,1.969286120303894,15520.700328330293,6.61195615646867,0.0,8,59,12048,08059012048,120.48,Census Tract 120.48,G5020,S,2362001,243010,39.6029966,-105.0814174,U
1025,08059012049,0.127461416,0.060936668,0.139487179,0.004824259,0.072378925,7.55103360655738,78.14322,0.154824363,2427.155597813802,1410907.802284896,9.0,0.006202619,0.151345521,0.556243914,0.580786827,1.680779763419775,18193.884918392563,5.957329232742389,0.0,8,59,12049,08059012049,120.49,Census Tract 120.49,G5020,S,2629722,0,39.6025032,-105.0631706,U
1026,08059012050,0.213183364,0.160868428,0.129230769,0.0514862,0.071933037,7.6300412568306,78.01112,0.17347363,2928.662283111219,1679233.4624345982,69.0,0.036624204,0.118584579,0.761897587,0.8441458,1.276814877284329,12832.660517674787,7.03345604892617,0.0,8,59,12050,08059012050,120.5,Census Tract 120.50,G5020,S,3452821,669921,39.6194349,-105.0693944,U
1027,08059012051,0.114017268,0.067074726,0.156923077,0.0,0.084927314,7.43415163934426,78.12649999999998,0.154569417,2105.0450816515486,1329478.5097131357,34.0,0.024531025,0.128432848,0.507189086,0.344646547,1.443751928003075,27382.58449012455,5.965191307848533,0.0,8,59,12051,08059012051,120.51,Census Tract 120.51,G5020,S,2611930,0,39.5879739,-105.0633076,U
1028,08059012052,0.206766241,0.189169675,0.204102564,0.028485757,0.110469314,7.32385245901639,78.09726999999998,0.157332114,2065.324409238935,1270648.4282561636,83.0,0.039486204,0.112967658,0.44035928,0.224098818,1.690506277388057,19167.33716421609,6.284566593925144,0.0,8,59,12052,08059012052,120.52,Census Tract 120.52,G5020,S,2433626,2126,39.5880202,-105.0815406,U
1029,08059012053,0.184164859,0.072017354,0.141538462,0.00065445,0.100173837,7.31804781420765,78.22097999999998,0.159199531,1870.6310067196284,1336467.4412447927,9.0,0.005750799,0.121257392,0.488333736,0.299040711,1.063490547017527,37966.54723747147,6.217558493157899,0.0,8,59,12053,08059012053,120.53,Census Tract 120.53,G5020,S,2454331,81987,39.5737532,-105.0625464,U
1030,08059012054,0.163956278,0.071101535,0.164102564,0.0,0.048520395,7.43038333333333,77.94336,0.176989769,2879.63503946992,1438689.2179991507,10.0,0.006309148,0.096117066,0.45588851,0.385620137,3.306243179962208,10350.231769822543,6.864169492788378,0.0,8,59,12054,08059012054,120.54,Census Tract 120.54,G5020,S,2349226,0,39.6170527,-105.1012684,U
1031,08059012055,0.154780362,0.175556706,0.182564103,0.0,0.052318052,7.20181530054645,78.19920999999998,0.15771327,1755.0778257111167,1298870.9568303735,11.0,0.007232084,0.140415279,0.418591454,0.275224,2.408600297701605,25459.176543869813,6.147469134991213,0.0,8,59,12055,08059012055,120.55,Census Tract 120.55,G5020,S,2465634,0,39.5695933,-105.0780224,U
1032,08059012057,0.202041535,0.104817364,0.203076923,0.0,0.080809859,7.02067322404372,78.19061999999998,0.144347943,1634.7506527086289,1083321.8121860356,79.0,0.030268199,0.177078986,0.257541711,0.259155968,1.738596032229194,16699.215960109912,5.941130662859053,0.0,8,59,12057,08059012057,120.57,Census Tract 120.57,G5020,S,3827568,16694,39.5596074,-105.0979577,U
1033,08059012058,0.095481442,0.100758397,,0.0,0.121872478,5.09374784153005,73.64754999999998,0.023962501,607.6940167211125,48983.44432524935,483.0,0.253410283,0.029569645,0.0,0.0,0.03658647,0.356006426,3.324580575783846,2.631540312385302,8,59,12058,08059012058,120.58,Census Tract 120.58,G5020,S,577215554,3916910,39.2998562,-105.2991401,R
1034,08059012059,0.208153348,0.093614719,0.192820513,0.012934519,0.099783667,7.15773142076503,78.10223999999998,0.148041184,1801.3035188118436,1125832.8999122633,26.0,0.020634921,0.139868084,0.32480659,0.249181711,1.199719693586353,18998.043002135688,5.99043258513425,0.0,8,59,12059,08059012059,120.59,Census Tract 120.59,G5020,S,1946650,0,39.573812,-105.0912513,U
1035,08059012060,0.268463074,0.109552438,0.194871795,0.0,0.091151031,7.0832349726776,78.01379,0.147292507,1791.1890705292535,1045656.3107220044,22.0,0.015736767,0.151302987,0.259891737,0.237273912,1.858829925158796,15367.074795002456,6.366810574460385,0.0,8,59,12060,08059012060,120.6,Census Tract 120.60,G5020,S,1218297,3757,39.5720066,-105.1021419,U
1036,08059015800,0.219619666,0.213916314,0.182564103,0.013842482,0.153267513,8.05933715846995,78.15797,0.244365651,233211.27920346716,2424078.999843952,383.0,0.176987061,0.256009379,0.19897086,2.486714262352742,7.723130714150991,43071.88074551,7.565256733855191,0.0,8,59,15800,08059015800,158.0,Census Tract 158,G5020,S,2309711,737,39.7428766,-105.1265106,U
1037,08059015900,0.303080766,0.429930796,0.127179487,0.008807588,0.112805755,7.6460193989071,77.96109,0.186582591,4352.298932056946,1957452.0681854973,9.0,0.005878511,0.120406324,0.547276271,1.013453821726179,3.141872916629101,8001.781043888653,7.276862388580121,0.0,8,59,15900,08059015900,159.0,Census Tract 159,G5020,S,5319423,171036,39.6459452,-105.0998346,R
1038,08059060300,0.308259267,0.159253634,0.155897436,0.009621167,0.06791061,9.11369098360656,76.84657,0.293724296,4861.561314195478,1708531.1272261604,34.0,0.020444979,0.112348952,0.118503896,0.757060859,2.061809236389726,3146.4371344156134,8.383308108394028,0.0,8,59,60300,08059060300,603.0,Census Tract 603,G5020,S,1846140,0,39.9055022,-105.0609191,U
1039,08059060400,0.295774648,0.121050628,0.178461538,0.0,0.093821949,9.0738306010929,77.04178,0.286624131,5430.42699511476,2106573.245845805,32.0,0.015399423,0.283531066,0.115679325,0.925396285,0.836814441,2896.297164716757,8.558614581625399,0.0,8,59,60400,08059060400,604.0,Census Tract 604,G5020,S,5231316,25393,39.8856275,-105.0555775,U
1040,08059060501,0.232291771,0.06480639,0.18974359,0.003443329,0.050955414,8.31212131147541,77.52142,0.133085637,10097.225967377051,892358.8360197357,88.0,0.024249104,2.290511428482517,0.0,1.427589930635021,0.358907407,616.834840334492,7.105773159466933,0.0,8,59,60501,08059060501,605.01,Census Tract 605.01,G5020,S,28136251,103476,39.8828944,-105.1551676,R
1041,08059980000,0.0,0.0,,0.0,0.0,7.96486885245902,78.14494999999998,,0.0,,0.0,0.0,,,,0.0,,0.0,,8,59,980000,08059980000,9800.0,Census Tract 9800,G5020,S,2859291,24245,39.7173809,-105.1202752,U
1042,08059980400,0.383268482,0.0,,0.0,0.0,7.61347295081967,77.92035,0.180316962,4067.16048,1459213.352235362,0.0,0.0,0.111734609,0.415320132,0.905796311,3.445530080873257,8281.282114194972,6.426971435546875,0.0,8,59,980400,08059980400,9804.0,Census Tract 9804,G5020,S,801490,0,39.6417085,-105.1033572,U
1043,08059980700,0.0,0.0,0.18974359,0.0,0.0,7.76611448087432,77.22861,,0.0,,0.0,0.0,,,,0.0,,0.0,,8,59,980700,08059980700,9807.0,Census Tract 9807,G5020,S,31159309,306433,39.8935884,-105.2002605,R
1044,08059980800,0.0,0.0,,0.0,0.0,7.47807049180328,78.22927,0.166332755,12127.70323,1141621.9643004306,0.0,0.0,0.307969197,0.400447752,2.771226201284132,1.726523736379328,150111.43054497897,7.408575057983398,,8,59,980800,08059980800,9808.0,Census Tract 9808,G5020,S,4579309,6171,39.7591605,-105.1967474,U
1045,08061960100,0.082405345,0.393318147,0.197948718,0.029038113,0.096431283,5.8553718579235,58.06691,0.022134179,0.000796842,21403.852747283927,356.0,0.518195051,0.0,0.0,0.0,0.034740476,0.207236784,3.688090449052233,1.480381451554196,8,61,960100,08061960100,9601.0,Census Tract 9601,G5020,S,4578603586,47032918,38.387663,-102.7568494,R
1046,08063962100,0.283539276,0.291470786,0.175384615,0.07253886,0.140143049,5.91201693989071,56.65399,0.028670893,0.001278478,58545.88293865467,720.0,0.324616772,0.0,0.245775993,0.0,0.716541518,0.236896012,4.964889211599291,1.0,8,63,962100,08063962100,9621.0,Census Tract 9621,G5020,S,1909599565,889659,39.3072974,-102.2113119,R
1047,08063962400,0.146788991,0.354695687,0.172307692,0.010486177,0.193067312,5.87749153005464,60.66746,0.021947262,0.0,36324.7392507125,585.0,0.482673267,0.0,0.912903885,0.0,0.007090987,2.528512808624787,2.462351730382502,1.47842140239514,8,63,962400,08063962400,9624.0,Census Tract 9624,G5020,S,3686902385,1362270,39.3078361,-102.7664071,R
1048,08065961701,0.266535044,0.142644135,0.193846154,0.0,0.182625864,4.56984601092896,66.19293,0.016536498,0.512362741,41706.382328834225,298.0,0.350176263,10.112674792465125,0.0,0.0,2.479541633806327,69.54849153022712,8.151919795590427,55.93596218720457,8,65,961701,08065961701,9617.01,Census Tract 9617.01,G5020,S,9087744,0,39.2593522,-106.3155454,R
1049,08065961702,0.312793244,0.11038961,0.193846154,0.0,0.092675159,4.5543924863388,66.02673,0.017736528,0.425200393,73275.69820355078,1077.0,0.598665926,10.917462781225831,0.0,0.0,1.714356822081011,206.08300839671983,8.752790177860325,57.566188800453446,8,65,961702,08065961702,9617.02,Census Tract 9617.02,G5020,S,30868001,13043,39.2157978,-106.3295815,R
1050,08065961900,0.633486239,0.339631336,,0.068268015,0.068379991,4.54540169398907,65.90178,0.007188374,2.150344113925754,20900.90281909991,224.0,0.164705882,2.425462576771765,0.0,0.0,0.021340251,90.88809018813998,3.665871028944402,1.763114672088467,8,65,961900,08065961900,9619.0,Census Tract 9619,G5020,S,936260119,18098522,39.2053405,-106.350079,R
1051,08067940300,0.412283678,0.282292558,0.123076923,0.003880983,0.111394992,5.44792459016393,64.98172,0.016804784,0.263071447,9406.22760452047,521.0,0.19772296,0.0,0.093348729,0.0,0.024263747,8.422704041477111,3.849151159638925,0.160663588,8,67,940300,08067940300,9403.0,Census Tract 9403,G5020,S,527907355,185212,37.1016255,-107.6011509,R
1052,08067940400,0.205833883,0.226490066,0.167179487,0.0,0.113561008,5.40147568306011,65.27617,0.018008183,4.948889815799452,46758.348936618255,243.0,0.096774194,0.0,0.182000194,0.0,0.002175092,15.48211299313866,2.655101263512235,10.159200805453134,8,67,940400,08067940400,9404.0,Census Tract 9404,G5020,S,1250531911,881110,37.1279198,-107.9882241,R
1053,08067970601,0.313331523,0.34564214,0.116923077,0.0,0.081726853,5.0560349726776,64.01395,0.015514644,4.18047e-06,64369.274080686766,139.0,0.086121437,0.0,0.055584817,0.0,0.0,2.547869200587648,3.634170725076875,0.121700628,8,67,970601,08067970601,9706.01,Census Tract 9706.01,G5020,S,205239978,0,37.2788093,-107.6899498,R
1054,08067970602,0.192233633,0.121843949,0.116923077,0.0,0.124598587,4.57630081967213,63.37921,0.010802898,0.00563509,19492.76123506372,252.0,0.081028939,0.0,0.0,0.0,0.402126091,0.015724942,3.2814421553341,0.0,8,67,970602,08067970602,9706.02,Census Tract 9706.02,G5020,S,523098084,11153860,37.3388218,-107.5634436,R
1055,08067970701,0.154213367,0.227895392,0.152820513,0.006094183,0.108966376,4.65535901639344,64.18025,0.009858709,0.009214158,100309.89019071104,171.0,0.07480315,0.0,0.024713654,0.0,0.010036214,7.721672640617664,2.578319548462567,0.499355005,8,67,970701,08067970701,9707.01,Census Tract 9707.01,G5020,S,889876623,6224840,37.3687763,-108.011827,R
1056,08067970703,0.217672763,0.1367023,0.16,0.0,0.097505669,5.02723114754098,64.05046,0.028034484,1.09383e-05,122411.54300335064,238.0,0.074004975,0.0,0.056830348,0.0,0.053523528,6.141275554532188,3.821137196630759,0.493644694,8,67,970703,08067970703,9707.03,Census Tract 9707.03,G5020,S,147267091,17910,37.2998778,-107.8123854,R
1057,08067970705,0.155871886,0.362535613,0.157948718,0.016438356,0.123931624,4.45089590163934,63.88338,0.009764741,0.022233091,51670.33427587376,53.0,0.031622912,0.0,0.0,0.0,0.074823217,0.077781538,4.668298031734944,0.378082198,8,67,970705,08067970705,9707.05,Census Tract 9707.05,G5020,S,223422543,14407,37.5514994,-107.880317,R
1058,08067970706,0.053619303,0.260053619,0.157948718,0.0,0.141176471,4.5226325136612,63.71487,0.008430868,0.034157711,14040.327908423831,230.0,0.12568306,0.0,0.0,0.0,0.003317203,0.071673529,2.241101601555165,0.396075272,8,67,970706,08067970706,9707.06,Census Tract 9707.06,G5020,S,560111633,7020788,37.5108975,-107.7025498,R
1059,08067970800,0.24557872,0.293458941,0.190769231,0.0,0.093745507,5.07581366120219,64.294,0.054258488,6.05658e-06,346332.17851143447,217.0,0.066605279,0.0,0.0,0.0,1.417296865065583,10.161267872413326,5.035044062538852,0.0,8,67,970800,08067970800,9708.0,Census Tract 9708,G5020,S,11279560,85392,37.2915371,-107.8510007,U
1060,08067970900,0.194808288,0.235855988,0.16,0.0,0.109233407,4.97941229508197,64.19716,0.043161567,4.20869e-06,394021.7179565288,572.0,0.275662651,0.0,0.0,0.0,0.406525191,6.225678768346443,5.329668803757537,0.0,8,67,970900,08067970900,9709.0,Census Tract 9709,G5020,S,8345755,0,37.3003723,-107.8936415,U
1061,08067971000,0.179650679,0.29280677,0.174358974,0.0,0.05270575,5.06023087431694,64.33375,0.049274074,5.86452e-06,490350.8116562585,527.0,0.365718251,0.0,0.0,0.0,3.672305196018167,19.510670231229582,5.997452581303069,0.0,8,67,971000,08067971000,9710.0,Census Tract 9710,G5020,S,5182392,0,37.2868287,-107.889261,R
1062,08067971100,0.28173795,0.38245614,0.215384615,0.0,0.072046784,5.17144781420765,64.51096,0.06398666,1.18206e-05,548409.7820309761,1107.0,0.428903526,0.0,0.025623142,0.0,3.676487029400441,25.89037179593116,5.966020684583613,0.0,8,67,971100,08067971100,9711.0,Census Tract 9711,G5020,S,23992351,59060,37.2554292,-107.8890742,R
1063,08069000100,0.17659805,0.412255257,,0.006857143,0.154929577,7.74614715846995,68.87446,0.219821507,8.8639710066875,1407150.5366971428,628.0,0.297912713,0.0,0.43010776,2.598619922966614,5.873705212077041,1106.0675980988663,12.689651300311088,0.0,8,69,100,08069000100,1.0,Census Tract 1,G5020,S,1844768,13645,40.586304,-105.0765889,U
1064,08069000201,0.150036684,0.472358029,,0.02835249,0.084005869,7.73038404371585,68.95288,0.184868744,8.858241280131136,1166877.998631334,669.0,0.493726937,0.0,0.459334843,2.070005368549737,2.903935575928052,893.353280537222,13.68844086956826,0.0,8,69,201,08069000201,2.01,Census Tract 2.01,G5020,S,983869,0,40.5821488,-105.0896763,U
1065,08069000202,0.207949945,0.267257291,0.207179487,0.0,0.056680162,7.63329926229508,68.91541,0.190066583,8.553811299212725,928500.1316469568,650.0,0.479351032,0.0,0.477122393,1.787818637052156,0.196492084,376.1651347877295,12.229151622248928,0.0,8,69,202,08069000202,2.02,Census Tract 2.02,G5020,S,1928956,65690,40.5942544,-105.0880612,U
1066,08069000300,0.120520028,0.15319747,0.165128205,0.0,0.075895994,7.4451412295082,69.04382,0.088149738,10.148420373768523,541873.6131375381,247.0,0.198075381,0.0,0.857609326,1.002731958888769,0.267571676,280.5376844497068,11.11741163298204,0.0,8,69,300,08069000300,3.0,Census Tract 3,G5020,S,7089399,392197,40.6038165,-105.1212844,U
1067,08069000401,0.221418234,0.386396527,0.219487179,0.044038668,0.097443319,7.58215590163934,69.03718,0.149283526,8.549175093006232,769169.1108102743,283.0,0.296335079,0.0,0.604769853,1.471974406049796,0.665495937,364.2646564164251,12.513253535808431,0.0,8,69,401,08069000401,4.01,Census Tract 4.01,G5020,S,1312163,0,40.5927892,-105.1052454,U
1068,08069000402,0.137903547,0.360701475,0.180512821,0.0,0.037863691,7.59597232240437,69.16329,0.140845194,8.51350803511663,767633.2141333491,526.0,0.425222312,0.0,0.756324704,1.326301788897692,1.27985179212417,392.9985417577783,12.293881612222297,0.0,8,69,402,08069000402,4.02,Census Tract 4.02,G5020,S,2551327,59912,40.5852317,-105.1125254,U
1069,08069000503,0.263954318,0.763869785,0.228717949,0.021497671,0.1019879,7.6937406010929,69.17853,0.163556489,8.869021361197873,1013196.5327934028,377.0,0.130948246,0.0,0.516874901,1.763811558456995,2.476335058201061,596.3464994450046,13.250019211491033,0.0,8,69,503,08069000503,5.03,Census Tract 5.03,G5020,S,1292450,0,40.578206,-105.1055271,U
1070,08069000504,0.203813281,0.617275748,,0.020435967,0.073964497,7.74446956284153,69.23041,0.151222685,9.009383603099216,963200.03789792,196.0,0.120689655,0.0,0.4988737,1.892280581352365,2.214141276964217,804.967660440114,12.755821144788126,0.0,8,69,504,08069000504,5.04,Census Tract 5.04,G5020,S,1296198,4385,40.572537,-105.1054648,U
1071,08069000505,0.287973739,0.512758931,,0.0,0.109221128,7.59501789617486,69.32339,0.123285298,8.53375710766645,718735.8400652416,58.0,0.034482759,0.0,0.697172871,1.247815900477359,3.185986358681299,447.4427282445382,11.894434105910712,0.0,8,69,505,08069000505,5.05,Census Tract 5.05,G5020,S,1271565,0,40.5784812,-105.12438,U
1072,08069000506,0.15915805,0.400449102,,0.0,0.078947368,7.64171382513661,69.35908,0.122921709,8.639745495410512,715939.8796338235,96.0,0.077544426,0.0,0.551335876,1.318593572754841,4.077396651758532,530.3873728090475,11.735929936651756,0.0,8,69,506,08069000506,5.06,Census Tract 5.06,G5020,S,1277425,0,40.5712586,-105.1244844,U
1073,08069000600,0.310266968,0.880636605,,0.025842697,0.115435707,7.82454407103825,69.05608,0.182601205,9.24248502884922,1167475.4300766112,29.0,0.027540361,0.0,0.440223808,2.43922492720842,4.025207619881388,1341.331912772326,13.34767212140576,0.0,8,69,600,08069000600,6.0,Census Tract 6,G5020,S,1968757,0,40.5726472,-105.0864455,U
1074,08069000700,0.156886716,0.201739851,0.191794872,0.0,0.075370675,7.86171650273224,68.96583,0.188661262,9.325262320736842,1290928.4216414257,1012.0,0.755223881,0.0,0.399872973,2.848747967799848,7.643574111214591,1360.5991424394088,12.419421706522318,0.0,8,69,700,08069000700,7.0,Census Tract 7,G5020,S,1299915,0,40.5739459,-105.0715442,U
1075,08069000801,0.097721823,0.237151703,0.185641026,0.0,0.113931889,7.88435172131148,68.94487,0.188414369,9.5112436,1292053.3498381039,223.0,0.303814714,0.0,0.384429486,3.119603847291492,7.067079610860183,3515.957447733523,12.286299705505373,0.0,8,69,801,08069000801,8.01,Census Tract 8.01,G5020,S,1100303,0,40.5737317,-105.0624869,U
1076,08069000802,0.236250968,0.35249366,0.294358974,0.021400778,0.083982684,7.92680658469945,68.87841,0.181236582,9.87734738,1193023.6690800267,28.0,0.054474708,0.0,0.36595093,2.878819209058024,2.990897620496809,4308.660489208771,12.074299812316896,0.0,8,69,802,08069000802,8.02,Census Tract 8.02,G5020,S,1041868,0,40.5710762,-105.051651,U
1077,08069000901,0.179919137,0.331517112,0.190769231,0.0,0.080538056,7.98686923497268,69.16542,0.186272501,10.042690812292108,1187690.7200110892,483.0,0.175126904,0.0,0.35798229,3.37979260770934,3.287306353253139,4844.5941009635535,12.42036172468281,0.0,8,69,901,08069000901,9.01,Census Tract 9.01,G5020,S,2943201,5979,40.559882,-105.0684293,U
1078,08069000902,0.159890247,0.198054378,0.128205128,0.0,0.063108007,8.0222218579235,69.01807,0.170549864,10.50746502781746,1113136.0337158008,59.0,0.034123771,0.0,0.336684587,2.80820208407714,1.32854986528981,5036.221435876383,11.82082535782639,0.0,8,69,902,08069000902,9.02,Census Tract 9.02,G5020,S,1938651,93838,40.5600799,-105.0505446,U
1079,08069001003,0.25062567,0.356630824,0.192820513,0.014154049,0.136290178,8.1059487704918,69.27309,0.188173214,14.284772427453449,1037250.4064948544,118.0,0.037353593,0.0,0.318804899,2.956130893511,1.872394878505966,4582.230651993592,10.79761838201028,0.0,8,69,1003,08069001003,10.03,Census Tract 10.03,G5020,S,3034769,0,40.5452756,-105.0691391,U
1080,08069001004,0.146143437,0.104286104,0.12,0.0,0.113889644,8.14202357923497,69.18533,0.170191508,16.37007752077455,989465.3496839914,22.0,0.015224913,0.0,0.206818868,2.517333021445028,1.759567807991302,5161.267024965107,9.719960383656607,0.0,8,69,1004,08069001004,10.04,Census Tract 10.04,G5020,S,1840158,147723,40.5459508,-105.0460288,U
1081,08069001007,0.212632896,0.244840525,0.105641026,0.050887574,0.124765478,8.18269816939891,69.42607,0.187363088,16.794662561590155,1063125.326077168,17.0,0.010059172,0.0,0.130783035,1.64591956237535,2.312272314812139,4947.584261495397,10.95285398009929,0.0,8,69,1007,08069001007,10.07,Census Tract 10.07,G5020,S,2801524,631039,40.531144,-105.0671795,U
1082,08069001008,0.204407713,0.209917355,0.172307692,0.0,0.099385818,8.22959915300546,69.34693,0.173553766,17.71322374886157,1048379.4185913812,5.0,0.005488474,0.0,0.061280647,1.621882578108313,3.37514338139146,5762.556072233441,10.825487409027932,0.0,8,69,1008,08069001008,10.08,Census Tract 10.08,G5020,S,1639786,23968,40.5329657,-105.0473063,U
1083,08069001009,0.187397709,0.096885813,0.176410256,0.004154079,0.060965563,8.26253928961749,69.67145,0.164240983,18.506613727550217,845425.9304983213,23.0,0.008493353,0.0,0.014005523,1.221704171620893,2.032385380461493,5107.996296237124,8.777326105079483,0.0,8,69,1009,08069001009,10.09,Census Tract 10.09,G5020,S,6896869,94235,40.5075808,-105.0695427,U
1084,08069001010,0.066513761,0.088306452,0.184615385,0.0,0.09516129,8.32209808743169,69.55921,0.167418054,19.052424143748727,857621.3200425763,12.0,0.010353753,0.0,0.0,1.362409003003465,1.40389910622164,6143.498212988548,8.681328702963352,0.0,8,69,1010,08069001010,10.1,Census Tract 10.10,G5020,S,2878020,21881,40.5102663,-105.0521344,U
1085,08069001104,0.147063479,0.415228748,0.181538462,0.018345189,0.119518759,7.7160668852459,69.35225,0.122631041,8.86526681879419,659000.3794611724,63.0,0.023586672,0.0,0.451629823,1.32414567006383,0.25980027,810.8037754209878,11.846175516240027,0.0,8,69,1104,08069001104,11.04,Census Tract 11.04,G5020,S,2649276,0,40.5601586,-105.1246046,U
1086,08069001106,0.242149337,0.325352113,0.171282051,0.009090909,0.092347057,8.02414931693989,69.35274,0.187070733,11.45641990583961,1029092.3414040531,55.0,0.027254708,0.0,0.26863475,2.615714965480969,3.281685625475245,3935.0721797047336,11.702887050179116,0.0,8,69,1106,08069001106,11.06,Census Tract 11.06,G5020,S,2160271,5347,40.5444283,-105.0893678,U
1087,08069001107,0.178888695,0.268594322,0.193846154,0.0,0.037798293,7.91389868852459,69.4341,0.141688144,10.566904114104734,884548.376203159,65.0,0.025390625,0.0,0.286312601,1.903239902160963,1.788499283779058,2156.4596634628497,12.0710389572075,0.0,8,69,1107,08069001107,11.07,Census Tract 11.07,G5020,S,2609924,0,40.5454851,-105.1056315,U
1088,08069001109,0.251835536,0.206477733,0.163076923,0.005157056,0.088700773,8.08733707650273,69.52251,0.186733855,15.723875441226324,969192.4383939229,23.0,0.010560147,0.0,0.221443522,1.580225258183039,1.74072725764043,3936.931891076421,10.907477760426678,0.0,8,69,1109,08069001109,11.09,Census Tract 11.09,G5020,S,2109200,6545,40.5316089,-105.0870066,U
1089,08069001110,0.178841787,0.396858441,0.181538462,0.027439024,0.107210988,7.82778677595628,69.29835,0.141962312,9.298556446552956,944603.5101657144,27.0,0.009811047,0.0,0.398927202,2.245703260407355,0.59677138,2524.123209356904,13.04916127680408,0.0,8,69,1110,08069001110,11.1,Census Tract 11.10,G5020,S,2597969,17924,40.5600042,-105.1059008,U
1090,08069001111,0.18599791,0.544023979,,0.028591353,0.133679911,7.91098737704918,69.18734,0.183315094,9.638092270267496,1125728.2802939028,70.0,0.044108381,0.0,0.405250865,4.454088632541229,4.20905184996398,3936.868503758141,13.852969759853384,0.0,8,69,1111,08069001111,11.11,Census Tract 11.11,G5020,S,2246156,8083,40.5601466,-105.0882201,U
1091,08069001112,0.247549636,0.206172527,0.216410256,0.0,0.069591528,7.77064505464481,69.52399,0.122369289,11.811327838784214,730976.2138881505,35.0,0.021393643,0.0,0.308084159,1.247463680762388,0.843346492,1024.7420396511973,10.463522355824097,0.0,8,69,1112,08069001112,11.12,Census Tract 11.12,G5020,S,6524652,215973,40.5433511,-105.1328478,U
1092,08069001113,0.119104478,0.105671642,0.177435897,0.0,0.093134328,7.98950729508197,69.5729,0.135286873,15.240756619622005,885256.3733656014,10.0,0.007722008,0.0,0.243903443,1.333567308577229,1.829594906650051,2151.402841814389,10.623470618997208,0.0,8,69,1113,08069001113,11.13,Census Tract 11.13,G5020,S,2608267,0,40.5308935,-105.105647,U
1093,08069001114,0.135229759,0.028446389,0.16,0.0,0.089715536,8.10486480874317,69.76865,0.142946903,17.45660293,840263.7961004849,14.0,0.014783527,0.0,0.201520038,1.246517691872109,0.479288111,3970.0046843302734,8.951020240783691,0.0,8,69,1114,08069001114,11.14,Census Tract 11.14,G5020,S,8587938,35603,40.5088682,-105.1010986,U
1094,08069001301,0.204883525,0.209093461,0.137435897,0.028115016,0.162784171,7.1287606557377,68.65033,0.06888082,2.540820401098606,286301.4101256711,252.0,0.153846154,0.0,0.608708018,0.594581449,0.496020231,146.7105229195964,9.639170245470083,0.0,8,69,1301,08069001301,13.01,Census Tract 13.01,G5020,S,51008747,4235878,40.6509308,-105.1260354,R
1095,08069001304,0.634896923,0.50210084,0.177435897,0.053994083,0.103012048,7.50953568306011,68.87526,0.119385896,7.021128873449612,699248.4279475645,198.0,0.141833811,0.0,0.547898755,1.309986636665973,4.822636708987507,249.39971729253543,11.305721933527511,0.0,8,69,1304,08069001304,13.04,Census Tract 13.04,G5020,S,3896642,128988,40.6116733,-105.0882293,U
1096,08069001305,0.275670675,0.492821473,0.2,0.014434643,0.077497666,7.6163206010929,68.74444,0.122435992,7.822558700718851,759644.2454671998,124.0,0.095384615,0.0,0.443854605,1.878541421730709,2.800900635145466,275.6718681704549,10.56003112610156,0.0,8,69,1305,08069001305,13.05,Census Tract 13.05,G5020,S,2849150,18378,40.6056315,-105.064927,U
1097,08069001306,0.309032098,0.443891515,,0.011964736,0.128638965,7.79349196721311,68.69245,0.199682265,9.47837467560705,1020014.32118594,124.0,0.076875387,0.0,0.407957291,3.519959853739317,2.326164883911437,2379.8766150414394,10.311733967537876,0.0,8,69,1306,08069001306,13.06,Census Tract 13.06,G5020,S,9375410,181838,40.5892301,-105.0356261,U
1098,08069001307,0.217773867,0.173119226,0.180512821,0.0,0.077570922,7.65096950819672,68.55584,0.107128082,6.548467775896255,661683.3353993115,42.0,0.021363174,0.0,0.489885111,1.500872431468763,1.207820534915159,912.1074976453992,7.707316731937857,0.0,8,69,1307,08069001307,13.07,Census Tract 13.07,G5020,S,9070100,524241,40.6065399,-105.0336788,U
1099,08069001308,0.106629739,0.184297377,0.136410256,0.0,0.069129288,7.41426508196721,68.53721,0.085382382,3.676234615319777,443349.63890181866,59.0,0.024200164,0.0,0.438310435,1.053688808864392,0.041260676,200.52001012029223,7.441348223500112,0.0,8,69,1308,08069001308,13.08,Census Tract 13.08,G5020,S,27155807,4032715,40.6355451,-105.0468258,R
1100,08069001601,0.48525971,0.231165185,0.206153846,0.006507592,0.223678053,7.93191543715847,68.88637,0.180575004,10.715209779136687,921138.8193642239,84.0,0.091106291,0.0,0.273854621,1.946465462142315,2.798295347536174,4375.796094139872,9.997724288373256,0.0,8,69,1601,08069001601,16.01,Census Tract 16.01,G5020,S,5845339,734295,40.571894,-105.0230154,U
1101,08069001602,0.278481013,0.15815228,0.125128205,0.012287335,0.063384493,8.16484844262295,69.15638,0.161913805,17.62756023103806,895799.570645205,0.0,0.0,0.0,0.117954023,1.825433448726391,1.586715497574548,6024.509947758999,9.62957790302158,0.0,8,69,1602,08069001602,16.02,Census Tract 16.02,G5020,S,3038150,10095,40.5448602,-105.0321036,U
1102,08069001603,0.287596462,0.263505856,0.179487179,0.006792819,0.087709392,8.26767855191257,69.33428,0.163862585,19.11828309860421,950759.2053561235,73.0,0.035316884,0.0,0.098582504,1.91701838461204,1.450821571104715,7286.870104835182,9.044659964337509,0.0,8,69,1603,08069001603,16.03,Census Tract 16.03,G5020,S,3203405,1363,40.5310012,-105.0315956,U
1103,08069001605,0.338074261,0.149950767,0.165128205,0.029041626,0.05408105,8.22463666666667,69.21088,0.170788743,15.748917827154983,901857.962662992,11.0,0.003345499,0.0,0.134981824,1.813883567245575,0.597065339,11046.2478173466,9.949196933120778,0.0,8,69,1605,08069001605,16.05,Census Tract 16.05,G5020,S,15501382,900076,40.5418247,-105.016006,R
1104,08069001606,0.202590674,0.30984456,,0.012024048,0.090673575,8.40140409836066,69.57276,0.176848791,20.304882547325416,840284.2273265889,0.0,0.0,0.0,0.0,1.301622405498585,0.850835244,7183.691699028464,8.25922096668747,0.0,8,69,1606,08069001606,16.06,Census Tract 16.06,G5020,S,3279552,14716,40.5007573,-105.0427396,U
1105,08069001607,0.215061916,0.214051049,0.171282051,0.014755198,0.049785191,8.35504945355191,69.47922,0.17700078,21.080208927799227,818213.5627904563,0.0,0.0,0.0,0.0,1.83764657319672,0.668975821,9363.6852600628,8.439706057195037,0.0,8,69,1607,08069001607,16.07,Census Tract 16.07,G5020,S,2534664,0,40.5161259,-105.0297205,U
1106,08069001608,0.278303774,0.127636413,0.147692308,0.016546457,0.044805974,8.57049289617486,69.70003,0.17780549,23.94843234837464,726537.3612685507,91.0,0.038445289,0.0,0.0,1.169319090962343,0.083722296,12075.578063120573,7.426427734013236,0.0,8,69,1608,08069001608,16.08,Census Tract 16.08,G5020,S,15849960,3240638,40.482355,-105.0093355,U
1107,08069001706,0.228694901,0.193185749,0.188717949,0.005434783,0.182116915,8.75272704918033,70.39196,0.201925792,30.67409052533354,801328.493614451,149.0,0.057841615,0.0,0.0,0.258848399,3.513028056319093,819.3590262664446,10.613308012669584,0.514253978,8,69,1706,08069001706,17.06,Census Tract 17.06,G5020,S,4776496,726252,40.4167622,-105.0557281,U
1108,08069001707,0.218121501,0.242812172,0.194871795,0.00999001,0.09724238,8.63348524590164,70.26792,0.180697468,27.416898743680555,703981.736751389,98.0,0.0453284,0.0,0.0,0.312532515,5.037322274785339,3257.441706185855,9.683243977570395,0.574409791,8,69,1707,08069001707,17.07,Census Tract 17.07,G5020,S,3381160,6728,40.4339484,-105.0712363,U
1109,08069001708,0.253196931,0.15484771,0.185641026,0.010514665,0.079516392,8.3922043715847,69.77113,0.171234489,22.29334956699684,729035.77708166,55.0,0.029302078,0.0,0.0,0.712602877,3.074785133550805,5423.502619264891,8.22784109294313,0.0,8,69,1708,08069001708,17.08,Census Tract 17.08,G5020,S,3922771,222039,40.48634,-105.0624151,R
1110,08069001710,0.105742639,0.299836334,0.198974359,0.0,0.138134206,8.82415792349727,70.65749,0.222772455,34.16321628760163,587308.8008561783,318.0,0.113571429,0.0,0.0,0.265612712,1.23258083149156,248.52349967499623,10.588453734239495,0.545686745,8,69,1710,08069001710,17.1,Census Tract 17.10,G5020,S,4600559,72598,40.3916534,-105.0519263,U
1111,08069001711,0.18703821,0.150191734,0.198974359,0.0,0.134912244,8.81271393442623,70.51956,0.223819614,32.57006350403283,815256.1849231843,630.0,0.314842579,0.0,0.0,0.274652113,2.724595124195913,266.4618574573482,11.042022562353132,0.671272587,8,69,1711,08069001711,17.11,Census Tract 17.11,G5020,S,3913386,0,40.4030934,-105.0491112,R
1112,08069001712,0.19258827,0.126571178,0.132307692,0.016291699,0.088570593,8.63393387978142,70.07442,0.177325639,25.781906320777203,611970.2763032172,25.0,0.018867925,0.0,0.0,0.503152652,0.164644779,4609.270181535489,9.037666977760734,0.191886474,8,69,1712,08069001712,17.12,Census Tract 17.12,G5020,S,14191720,6518347,40.457521,-105.0507607,U
1113,08069001713,0.253530752,0.166666667,0.132307692,0.023327195,0.067788575,9.11910601092896,70.7865,0.220591327,37.17572559668681,527387.7207766349,79.0,0.045298165,0.0,0.114846557,0.47407876,0.193411534,794.2168074645286,8.927277259019927,0.023715044,8,69,1713,08069001713,17.13,Census Tract 17.13,G5020,S,54502281,1738220,40.3719429,-105.0062466,U
1114,08069001714,0.15319306,0.111972438,0.132307692,0.0,0.061646364,9.04131912568306,70.00587,0.257832212,33.430039085068586,474985.40090302087,64.0,0.016882089,0.0,0.212009161,0.828493436,0.392654627,6407.59899402768,8.0623121596973,0.00678827,8,69,1714,08069001714,17.14,Census Tract 17.14,G5020,S,31368527,207017,40.4229075,-104.9741537,R
1115,08069001715,0.211754898,0.303051512,0.132307692,0.066475174,0.080862909,8.88494071038251,70.17895,0.211525422,31.417311110588585,638938.4818236842,27.0,0.010727056,0.0,0.0,0.381329552,0.558403419,3816.965870967324,10.800965874255308,0.997222392,8,69,1715,08069001715,17.15,Census Tract 17.15,G5020,S,20403907,3419371,40.4319549,-105.013082,U
1116,08069001804,0.125360231,0.230787704,0.176410256,0.01754386,0.125840538,8.56779398907104,70.39361,0.170144701,28.442657278529897,850432.1322344517,443.0,0.259064327,0.0,0.0,0.350671022,5.328459746448372,488.6072954950735,10.466810023725785,0.387685134,8,69,1804,08069001804,18.04,Census Tract 18.04,G5020,S,3089345,1814971,40.4189825,-105.0867756,U
1117,08069001807,0.208707671,0.178266178,0.161025641,0.012277731,0.107636489,8.48618825136612,70.30357,0.161013109,25.966535067442106,663561.3146969349,47.0,0.019599666,0.0,0.0,0.472831196,2.612547054189735,2174.8578904333604,9.783352546737705,0.573769086,8,69,1807,08069001807,18.07,Census Tract 18.07,G5020,S,3799377,25213,40.4409499,-105.0870265,U
1118,08069001808,0.105563481,0.181279379,0.144615385,0.0,0.091559371,7.71451885245902,70.23585,0.072151079,23.1232363040342,259483.50490314548,172.0,0.080336291,0.0,0.086530656,0.197048933,0.027175277,227.74279738458551,7.941719588629244,0.945129564,8,69,1808,08069001808,18.08,Census Tract 18.08,G5020,S,45004518,756691,40.431586,-105.2017124,R
1119,08069001810,0.167299658,0.127089666,0.164102564,0.0,0.121724269,8.33761612021858,70.25654,0.137196705,24.525072557461307,498103.57853065926,31.0,0.01329331,0.0,0.0,1.119549834545239,0.436281799,327.75615900899646,9.949717684933354,0.120280959,8,69,1810,08069001810,18.1,Census Tract 18.10,G5020,S,3886711,4145,40.4415369,-105.105757,R
1120,08069001811,0.078592814,0.180892717,0.164102564,0.0,0.11550509,8.34918224043716,70.36441,0.137224805,25.67880188459384,601632.9641207496,45.0,0.042694497,0.0,0.0,0.788827104,0.437728313,291.6288165173687,9.46341905559526,0.0,8,69,1811,08069001811,18.11,Census Tract 18.11,G5020,S,2445454,18250,40.4234881,-105.1130254,U
1121,08069001812,0.108921816,0.07408575,0.167179487,0.0,0.081494325,7.88875489071038,69.96792,0.097469623,20.416026144167045,411200.456083313,170.0,0.064984709,0.0,0.098560758,1.004440474249537,0.117468263,290.94330249002894,7.563381681754258,0.082166219,8,69,1812,08069001812,18.12,Census Tract 18.12,G5020,S,76075408,108731,40.4692986,-105.1519041,R
1122,08069001813,0.181152993,0.177161863,0.167179487,0.0,0.119733925,8.27561202185792,70.00864,0.155185853,21.3571224071376,686537.9276374755,0.0,0.0,0.0,0.0,0.669498813,1.21023080069902,4018.982201730597,9.052970678162453,0.161642517,8,69,1813,08069001813,18.13,Census Tract 18.13,G5020,S,15561088,83664,40.4717875,-105.0958762,R
1123,08069001901,0.181630013,0.209110282,0.224615385,0.016075388,0.186624372,8.44845737704918,70.58071,0.172747324,29.936538607616967,756337.485205145,692.0,0.370251471,0.0,0.0,0.26706397,6.753113302404662,244.9778565422428,10.633712906580044,0.763695924,8,69,1901,08069001901,19.01,Census Tract 19.01,G5020,S,4339466,412467,40.3996463,-105.1045085,U
1124,08069001902,0.235360108,0.23471223,0.168205128,0.047751507,0.178595468,8.37884644808743,70.43394,0.146572237,27.19731470475496,642651.2058180817,79.0,0.03640553,0.0,0.0,0.438752584,6.744015789609521,277.1555436305902,10.131049485851596,0.212015145,8,69,1902,08069001902,19.02,Census Tract 19.02,G5020,S,3082484,254032,40.4126599,-105.1099852,U
1125,08069001904,0.078681552,0.137560451,0.165128205,0.038366337,0.112706007,6.68995322404372,69.52902,0.021981362,12.404859975784037,30337.33529943391,364.0,0.274302939,0.0,0.023474817,0.041069295,0.0,14.487943714345182,4.224511454586692,2.206572769953052,8,69,1904,08069001904,19.04,Census Tract 19.04,G5020,S,457392584,398297,40.449117,-105.3560313,R
1126,08069001905,0.136580201,0.072525146,0.165128205,0.0,0.068819481,6.76526281420765,70.9869,0.022448754,24.30219068,37940.72083981548,98.0,0.085291558,0.0,0.088622247,0.0,0.0,11.306558912105285,3.450754404067993,3.974025974025974,8,69,1905,08069001905,19.05,Census Tract 19.05,G5020,S,218255568,476626,40.3044123,-105.3613586,R
1127,08069002005,0.180625631,0.259469313,0.17025641,0.0,0.094084393,8.46536338797814,70.69575,0.161631162,31.59335772825325,476696.3633887314,18.0,0.008325624,0.0,0.046055801,0.188041444,1.667998235574268,185.99085125900268,10.345326582903748,1.0,8,69,2005,08069002005,20.05,Census Tract 20.05,G5020,S,2582687,4105,40.3845931,-105.1058613,U
1128,08069002007,0.186648806,0.279721848,0.205128205,0.024390244,0.189322566,8.6239281420765,70.63721,0.205365977,32.87436548735121,822896.2785217998,1395.0,0.619724567,0.0,0.0,0.296373176,1.330131959784262,223.8317020675489,11.256536809241164,1.0,8,69,2007,08069002007,20.07,Census Tract 20.07,G5020,S,4772230,462880,40.389689,-105.0875,U
1129,08069002008,0.217206585,0.312863071,0.198974359,0.0,0.193084371,8.65722677595628,70.81069,0.137620102,35.43460741688795,519437.637641779,85.0,0.052436767,0.0,0.0,0.249427572,1.906100540573073,151.04816711718186,10.22649904531465,1.0,8,69,2008,08069002008,20.08,Census Tract 20.08,G5020,S,3240035,31630,40.3701573,-105.08268,U
1130,08069002010,0.115417376,0.065587734,0.176410256,0.0,0.096678024,8.05348415300547,70.85219,0.055526305,29.58521943,211948.64191185875,34.0,0.033932136,0.0,0.145755627,0.141825448,0.0,135.46459826285255,5.388698101043701,1.0,8,69,2010,08069002010,20.1,Census Tract 20.10,G5020,S,24121105,2295341,40.3627219,-105.1766077,R
1131,08069002011,0.078564684,0.109726157,0.162051282,0.0,0.075711575,8.47052841530055,70.89137,0.137954666,32.53363129239739,395087.3867943857,62.0,0.028156222,0.0,0.101576461,0.193550553,0.604347353,161.85322865243575,9.148482042964572,1.317503276104137,8,69,2011,08069002011,20.11,Census Tract 20.11,G5020,S,14822405,896561,40.3608613,-105.1081797,U
1132,08069002300,0.103765194,0.126297065,0.139487179,0.0,0.045360213,7.25044472677596,69.266,0.058369575,7.194225378775396,391227.916676128,92.0,0.059895833,0.0,0.720160657,0.801573468,0.026481893,303.0511718970617,8.221443608382469,0.0,8,69,2300,08069002300,23.0,Census Tract 23,G5020,S,101117992,8287415,40.584362,-105.1908619,U
1133,08069002401,0.109607578,0.175989086,,0.0,0.236806495,5.67940584699454,66.54382,0.012069639,2.622888500172166,2593.8592736746537,401.0,0.181365898,0.0,0.0,0.0,0.037123563,0.0,4.389832964586562,0.955523673,8,69,2401,08069002401,24.01,Census Tract 24.01,G5020,S,1033161618,3683425,40.8700325,-105.5507838,R
1134,08069002403,0.049180328,0.073153899,,0.0,0.146857923,6.33119819672131,66.09415,0.014929137,1.344190718445378,39923.18140663776,210.0,0.158610272,0.0,0.266411046,0.027855643,0.0089324,43.7125640274046,4.536145182216869,,8,69,2403,08069002403,24.03,Census Tract 24.03,G5020,S,2154806216,9453742,40.7283949,-105.6905038,R
1135,08069002404,0.153804641,0.104155424,,0.0,0.128440367,6.25776808743169,67.60821,0.014342766,0.84153299,3958.384308860519,17.0,0.019767442,0.0,0.050289818,0.0,0.011967184,0.000209,7.133138656616211,7.0,8,69,2404,08069002404,24.04,Census Tract 24.04,G5020,S,279597681,375325,40.7398446,-105.4161432,R
1136,08069002503,0.113791534,0.191624943,0.141538462,0.012269939,0.174783796,5.75628516393443,67.45805,0.035590226,8.22012593340268,40101.052096160085,116.0,0.112621359,0.0,0.161636513,0.0,0.016170877,5.123412889665626,5.336883213859687,0.0,8,69,2503,08069002503,25.03,Census Tract 25.03,G5020,S,829801864,8006144,40.8777039,-105.1314032,R
1137,08069002504,0.21875,0.166044776,0.124102564,0.0,0.085354478,7.5798512295082,68.39359,0.154523485,7.913491176685326,559850.4235779749,54.0,0.066502463,0.0,0.254189393,1.005082189065495,1.48969211078208,3718.495719210313,7.489106971804784,0.0,8,69,2504,08069002504,25.04,Census Tract 25.04,G5020,S,34931625,4070444,40.6203733,-104.9699431,R
1138,08069002505,0.068747067,0.034138902,0.124102564,0.008890469,0.126231816,8.62258169398907,69.48381,0.229107276,27.460215447256672,505323.6089547348,44.0,0.014770057,0.0,0.193075231,1.065940194908611,0.743495036,15726.091525456668,6.78883564557316,0.0,8,69,2505,08069002505,25.05,Census Tract 25.05,G5020,S,22852058,1050065,40.4975445,-104.9730804,U
1139,08069002506,0.135148274,0.165532329,0.124102564,0.0,0.097472047,8.18327010928962,68.95941,0.170636564,17.11920072201559,581326.9408107863,73.0,0.041477273,0.0,0.14420318,1.122990686023899,0.783804314,6292.260725723434,6.905440288556445,0.0,8,69,2506,08069002506,25.06,Census Tract 25.06,G5020,S,26681256,2969980,40.5600366,-104.9656759,R
1140,08069002507,0.150186181,0.231329311,0.171282051,0.0,0.081919735,6.66910139344262,67.76832,0.06246834,10.209985458843745,72254.90218404237,343.0,0.170138889,0.0,0.096802656,0.035548742,0.856916714,41.897884466040495,7.51763759884469,0.847584395,8,69,2507,08069002507,25.07,Census Tract 25.07,G5020,S,87300080,7511517,40.7320415,-105.0104384,R
1141,08069002508,0.168340352,0.197987666,0.171282051,0.0,0.07914912,7.09759535519126,68.04633,0.077593237,7.513372302161519,182573.1406229412,197.0,0.0615625,0.0,0.154291806,0.2087298,0.34112985,102.91992178207184,7.723260408223368,1.0,8,69,2508,08069002508,25.08,Census Tract 25.08,G5020,S,36876387,2066518,40.6734116,-104.9956312,R
1142,08069002601,0.074957411,0.045144804,0.166153846,0.0,0.102640545,7.84469726775956,71.34033,0.050359852,42.45807443,131219.25835312295,126.0,0.143671608,0.0,0.257194402,0.067258025,0.0,25.58826783466144,2.734794139862061,3.0,8,69,2601,08069002601,26.01,Census Tract 26.01,G5020,S,75392161,5201051,40.3145461,-105.2009075,R
1143,08069002602,0.136526201,0.055045872,0.166153846,0.0,0.051002954,8.63109672131148,71.588,0.103762764,45.58860217208252,435713.2125143054,151.0,0.057067271,0.0,0.149509492,0.204146519,0.01357484,130.16744958856577,6.667909010632167,2.60150269350723,8,69,2602,08069002602,26.02,Census Tract 26.02,G5020,S,62067329,5354899,40.2994512,-105.1185525,R
1144,08069002700,0.170176713,0.150575839,0.180512821,0.00914538,0.089431888,8.87315027322404,71.55305,0.130909437,45.885203766502165,216424.3676273218,402.0,0.123124043,0.0,0.134933673,0.180504866,0.666567705,74.05792670595606,8.412892256825433,3.0,8,69,2700,08069002700,27.0,Census Tract 27,G5020,S,13403936,425634,40.3077822,-105.0792047,U
1145,08069002801,0.108735492,0.196515892,0.132307692,0.0,0.153634698,6.2215631147541,69.187,0.01468345,6.657182706722557,143734.46025774223,700.0,0.283286119,0.0,0.0,0.0,0.659995066,0.513761113,10.475209696841215,2.0,8,69,2801,08069002801,28.01,Census Tract 28.01,G5020,S,28283595,676678,40.3876853,-105.5093504,R
1146,08069002803,0.455172414,0.406896552,,0.0,0.344827586,6.09944595628415,67.85832,0.008828959,3.29609951,48332.59635377155,7.0,0.056910569,0.0,0.0,0.0,0.003148631,0.149725543,3.75501561164856,,8,69,2803,08069002803,28.03,Census Tract 28.03,G5020,S,570731214,2672154,40.4641748,-105.6269883,R
1147,08069002804,0.169908467,0.239550303,0.151794872,0.02434337,0.14187643,6.14573330601093,69.69481,0.014317026,8.043625164395994,85309.49525210666,303.0,0.132720105,0.0,0.0,0.0,0.202793953,0.286955677,10.04814926228782,2.218393385900123,8,69,2804,08069002804,28.04,Census Tract 28.04,G5020,S,93509201,333201,40.2903521,-105.5014081,R
1148,08069002805,0.197784295,0.167161227,0.151794872,0.057971014,0.114408177,6.14949040983607,69.09723,0.016216089,7.253135657713805,129596.05057974334,502.0,0.234032634,0.0,0.0,0.0,1.052305268614204,0.351872351,11.774264159347071,2.094504823196806,8,69,2805,08069002805,28.05,Census Tract 28.05,G5020,S,14034715,25003,40.3591491,-105.5296167,U
1149,08071000100,0.50487013,0.508143322,0.2,0.009620826,0.24702381,4.4610737704918,64.99217,0.022535557,0.0,103146.27290746008,948.0,0.430322288,0.0,0.0,0.0,1.866144364329601,36.48070764811774,5.185440183732382,3.690423726555192,8,71,100,08071000100,1.0,Census Tract 1,G5020,S,800423489,102855,37.3139872,-104.7239281,R
1150,08071000200,0.468708972,0.310940499,0.154871795,0.0,0.163238512,4.63758087431694,64.43826,0.058981028,0.0,164875.7167671652,800.0,0.698080279,0.0,0.0,0.0,6.331388850737946,16.28726086191679,8.558258568808078,2.0,8,71,200,08071000200,2.0,Census Tract 2,G5020,S,4015747,0,37.175623,-104.523263,R
1151,08071000300,0.408943089,0.383739837,0.172307692,0.014312977,0.260162602,4.32286639344262,63.83201,0.010297413,0.0,18293.02345949784,416.0,0.28769018,0.0,0.0,0.0,0.037810226,400.9870060794669,2.508678457675836,0.734432234,8,71,300,08071000300,3.0,Census Tract 3,G5020,S,1634036026,6221750,37.1079319,-104.9553711,R
1152,08071000400,0.557757371,0.380376994,0.223589744,0.0,0.256645723,4.65903333333333,63.90291,0.038907272,0.0,147638.0017754726,614.0,0.512949039,0.0,0.0,0.0,1.882436721454412,13.944766041634931,5.960753728750166,1.011042398792664,8,71,400,08071000400,4.0,Census Tract 4,G5020,S,101329767,0,37.0735804,-104.4812022,R
1153,08071000500,0.433598184,0.460356484,0.254358974,0.049605411,0.218192993,4.70100409836066,64.18806,0.036114771,0.0,132872.30484340075,613.0,0.602753196,0.0,0.0,0.0,5.588710883239077,21.5526658967396,5.295081178810727,1.825165710881061,8,71,500,08071000500,5.0,Census Tract 5,G5020,S,72670447,0,37.1265845,-104.4306186,R
1154,08071000800,0.465581395,0.280128548,0.156923077,0.004504505,0.239421532,4.8362968852459,63.41075,0.016273103,0.044393654,45277.45700921018,391.0,0.354487761,0.0,0.0,0.0,0.045409583,18.9599355828439,3.13281525274001,0.249106933,8,71,800,08071000800,8.0,Census Tract 8,G5020,S,9749377171,605365,37.3781338,-103.8154592,R
1155,08073961700,0.374658988,0.215859031,0.145641026,0.0,0.145216124,5.90177103825137,65.88075,0.030688135,1.835789530403433,53861.81103938646,388.0,0.34305924,0.0,0.0,0.0,0.988738199,3.981228829241041,5.852151278671789,0.0,8,73,961700,08073961700,9617.0,Census Tract 9617,G5020,S,939720639,3683439,39.3429379,-103.5935292,R
1156,08073961800,0.065236427,0.363381597,0.196923077,0.003121748,0.155371139,5.7402368852459,64.16749,0.025344882,0.154275561,33237.54821729992,606.0,0.487922705,0.0,0.016279052,0.0,0.023318278,0.344294027,2.666743274894329,7.605504587155964,8,73,961800,08073961800,9618.0,Census Tract 9618,G5020,S,5736438019,19096919,38.9629061,-103.530972,R
1157,08075965900,0.136874362,0.369877049,0.190769231,0.0,0.125638407,5.75274781420765,61.49053,0.03305035,110.9717751,2522.578251333467,308.0,0.613545817,0.0,0.063791094,0.0,0.001964965,1900.6271661316773,2.444512367248535,19.08381502890173,8,75,965900,08075965900,9659.0,Census Tract 9659,G5020,S,1425416244,3036714,40.9256808,-103.0746508,R
1158,08075966000,0.215582116,0.320053121,0.205128205,0.010538642,0.118222222,6.03696857923497,63.131,0.036849822,25.063408277023257,17512.880642582608,416.0,0.429308566,0.0,0.126630036,0.067017389,0.005155531,2691.2390411417973,3.263891379777776,0.377674419,8,75,966000,08075966000,9660.0,Census Tract 9660,G5020,S,1350635549,13326321,40.6699906,-103.3877547,R
1159,08075966101,0.070935583,0.147239264,0.192820513,0.0,0.133435583,6.09160655737705,62.62728,0.053997862,16.590217140704272,74461.5020200767,225.0,0.227502528,0.0,0.435101211,0.16054646,0.062359284,1879.9680514795468,6.223798535299535,3.084092501751927,8,75,966101,08075966101,9661.01,Census Tract 9661.01,G5020,S,62856470,0,40.6376953,-103.2679005,R
1160,08075966102,0.289900111,0.468225148,0.192820513,0.007782101,0.117793917,6.06870737704918,62.22888,0.07885358,66.36267360600876,206583.98543973488,864.0,0.443076923,0.0,1.139628752008902,0.273698806,4.479139245126709,2632.1032694264213,8.801385849149238,6.0,8,75,966102,08075966102,9661.02,Census Tract 9661.02,G5020,S,15096423,0,40.6565379,-103.197667,U
1161,08075966200,0.269590643,0.485629336,0.2,0.0,0.156432749,6.03559508196721,62.14966,0.105032527,83.64979966910641,277157.84821124666,964.0,0.678873239,0.0,1.748210588639912,0.275404106,6.350700930559595,3084.9196564132994,10.124927611391666,6.0,8,75,966200,08075966200,9662.0,Census Tract 9662,G5020,S,20766041,0,40.6657424,-103.1642145,R
1162,08075966300,0.238539898,0.285100902,0.192820513,0.0,0.201071811,6.12942213114754,62.63066,0.101319038,20.86277415206744,181151.38524096433,1174.0,0.554296506,0.0,0.693009025,0.162141897,8.66284003562645,3123.8726342651366,8.758898411365145,6.000000000000001,8,75,966300,08075966300,9663.0,Census Tract 9663,G5020,S,42113688,0,40.5887953,-103.2524081,R
1163,08075966400,0.315005321,0.277281746,0.207179487,0.011577424,0.151785714,5.92540491803279,60.40721,0.035561684,6.12845068,59700.926453568056,355.0,0.476510067,0.0,0.393340941,0.136523929,0.010758125,3307.127519079693,4.736055374145508,6.0,8,75,966400,08075966400,9664.0,Census Tract 9664,G5020,S,1845063560,518,40.6184514,-102.9030577,R
1164,08077000200,0.147685185,0.406779661,0.237948718,0.009159034,0.160546139,6.25340163934426,65.99627,0.204716837,846.8176861513192,1130575.4743168252,846.0,0.657342657,0.0,0.329033552,0.627623396,17.265227426523353,18144.131059435444,14.067446653613883,0.0,8,77,200,08077000200,2.0,Census Tract 2,G5020,S,1077776,0,39.0708988,-108.5567299,U
1165,08077000300,0.200784827,0.532374101,0.251282051,0.024096386,0.13145847,6.25451639344262,65.91653,0.230701521,1411.2675109717595,1231486.322025428,671.0,0.731733915,0.0,0.371562664,0.730097341,23.81183231018604,19816.798039340407,15.877509373327168,0.0,8,77,300,08077000300,3.0,Census Tract 3,G5020,S,1443990,0,39.0715582,-108.5670101,U
1166,08077000400,0.405219386,0.378565255,0.198974359,0.0,0.131950447,6.25713169398907,65.91044,0.172056505,1920.9652523007207,836526.2054670467,501.0,0.315689981,0.0,0.417813707,1.043721987898418,6.993845420858209,22719.62045359534,13.190671499948651,0.0,8,77,400,08077000400,4.0,Census Tract 4,G5020,S,3556135,7826,39.0850987,-108.5742215,U
1167,08077000500,0.247767857,0.63650546,,0.0,0.145764938,6.25728661202186,66.0497,0.176364238,763.1660330420546,945953.9399134492,195.0,0.237515225,0.0,0.346416515,0.723690313,7.392971824653429,19231.380077960217,11.7876707560752,0.0,8,77,500,08077000500,5.0,Census Tract 5,G5020,S,1210672,0,39.084672,-108.55673,U
1168,08077000601,0.228699552,0.423965142,0.234871795,0.0,0.227202813,6.24132540983607,66.05393,0.156215032,366.81919148211057,812897.7559834676,184.0,0.076955249,0.0,0.305663226,0.630948237,3.316579944782104,7904.005935671581,11.702263108681816,0.0,8,77,601,08077000601,6.01,Census Tract 6.01,G5020,S,2565480,0,39.0882265,-108.5338129,U
1169,08077000602,0.214559387,0.525121556,0.226666667,0.0,0.272131888,6.23222076502732,66.12373,0.160663664,439.9565793524496,838199.3056489137,1241.0,0.527411815,0.0,0.307399776,0.590977253,3.788888585436466,7761.771071797991,12.075120487499502,0.0,8,77,602,08077000602,6.02,Census Tract 6.02,G5020,S,2594136,0,39.081003,-108.5337314,U
1170,08077000700,0.27809437,0.387636533,0.253333333,0.016949153,0.137691238,6.22907595628415,66.12592,0.157334729,499.5190220460229,839729.6184282736,1035.0,0.472387038,0.0,0.300620742,0.532045329,2.9609256284599,6240.811101282121,13.577567824001973,0.0,8,77,700,08077000700,7.0,Census Tract 7,G5020,S,3502729,0,39.0730068,-108.5338176,U
1171,08077000801,0.317484663,0.338316722,0.202051282,0.054915254,0.176292629,6.19711420765027,66.11529,0.115931061,343.3102958550551,641473.9803375212,30.0,0.019379845,0.0,0.301382075,0.407647968,3.361243533172184,5604.11500003214,11.71330389550558,0.0,8,77,801,08077000801,8.01,Census Tract 8.01,G5020,S,11807809,239303,39.0574448,-108.5191698,U
1172,08077000802,0.339257504,0.42950237,0.202051282,0.014846235,0.134676145,6.14238633879781,66.16893,0.087339378,163.97543962268284,517741.2389742111,77.0,0.038270378,0.0,0.385210897,0.35852558,1.997147644481831,700.0052623181376,11.138237014430365,0.0,8,77,802,08077000802,8.02,Census Tract 8.02,G5020,S,4059886,71848,39.0678291,-108.4886467,U
1173,08077000900,0.311751771,0.263541667,0.193846154,0.00844773,0.140620991,6.24692950819672,65.52383,0.099090734,10243.413000225944,630234.7587860206,82.0,0.043022036,0.0,0.486149728,1.470474892584163,3.619098288962752,31260.800023417047,12.795706982792897,0.0,8,77,900,08077000900,9.0,Census Tract 9,G5020,S,16764093,1360729,39.1013837,-108.6167119,U
1174,08077001001,0.108399546,0.24097561,0.18974359,0.0,0.230634146,6.24665683060109,65.95335,0.148277418,297.76712543289767,705044.6775637078,38.0,0.016190882,0.0,0.297772368,0.726393327,2.329618586667153,12304.038661447876,11.222885604933571,0.0,8,77,1001,08077001001,10.01,Census Tract 10.01,G5020,S,5368421,0,39.0994362,-108.5338394,U
1175,08077001002,0.163147793,0.210679209,0.162051282,0.012414649,0.165444736,6.28171174863388,65.91929,0.121837257,808.5398184133246,639799.970237772,231.0,0.063971199,0.0,0.345650809,0.954020375,3.076121580112001,23608.219658879825,11.169773942480484,0.0,8,77,1002,08077001002,10.02,Census Tract 10.02,G5020,S,9002431,12515,39.1014606,-108.5683448,U
1176,08077001102,0.154206603,0.236421725,0.167179487,0.0,0.122896699,6.17245,66.15768,0.1166877,127.90151807295112,600564.5434708776,166.0,0.08221892,0.0,0.356054068,0.441589352,0.697182423,438.3911887957077,10.676100287747374,0.0,8,77,1102,08077001102,11.02,Census Tract 11.02,G5020,S,4494619,0,39.0920908,-108.4880932,U
1177,08077001103,0.318195136,0.27672956,0.190769231,0.0,0.087020217,6.20452978142077,66.12623,0.144772418,153.7422504895575,619884.3173540898,67.0,0.052221356,0.0,0.29729284,0.595378717,3.110652517141264,204.04889183568793,11.001742557086777,0.0,8,77,1103,08077001103,11.03,Census Tract 11.03,G5020,S,2862862,0,39.0998401,-108.5057401,U
1178,08077001104,0.25621118,0.456100541,0.190769231,0.0,0.262594893,6.19525273224044,66.15591,0.148401455,193.44641842375165,792444.5416508156,189.0,0.079112599,0.0,0.31312615,0.489767971,4.782297480340731,249.66759994646668,11.781170267069252,0.0,8,77,1104,08077001104,11.04,Census Tract 11.04,G5020,S,2588076,0,39.0845763,-108.5058931,U
1179,08077001200,0.182261209,0.195514383,0.156923077,0.0,0.126279863,6.05614262295082,66.23708,0.056033401,103.79049091793084,257192.0638916244,266.0,0.271428571,0.0,0.293668704,0.123687576,0.0,209.19649214074389,6.769491011399349,0.0,8,77,1200,08077001200,12.0,Census Tract 12,G5020,S,32516338,1028357,39.0582391,-108.4430712,U
1180,08077001302,0.180572212,0.294047006,0.157948718,0.028836755,0.163440123,6.10438142076503,66.16732,0.081813949,259.1457657708776,474942.378603872,480.0,0.224719101,0.0,0.242101437,0.318919538,1.335773263049229,271.08389192831527,9.932260146481893,0.0,8,77,1302,08077001302,13.02,Census Tract 13.02,G5020,S,7415903,100491,39.03682,-108.5075729,R
1181,08077001303,0.112975849,0.32746623,0.213333333,0.0,0.152271797,6.17186612021858,66.13933,0.116272664,501.8587737776269,583764.7685686012,173.0,0.146983857,0.0,0.244794559,0.386336665,0.77261859,8102.011941972711,9.649238656979955,0.0,8,77,1303,08077001303,13.03,Census Tract 13.03,G5020,S,5782944,206969,39.0382834,-108.5534723,U
1182,08077001304,0.248940512,0.444897959,0.213333333,0.021017234,0.176452119,6.20342404371585,66.07957,0.123447544,483.1607990964624,642427.0699617668,672.0,0.261682243,0.0,0.258838907,0.409259736,1.283187282338372,1724.503161465943,11.328718706656352,0.0,8,77,1304,08077001304,13.04,Census Tract 13.04,G5020,S,3932691,229322,39.046431,-108.5434163,U
1183,08077001402,0.077718479,0.110573716,0.147692308,0.009502262,0.143428953,6.1897237704918,64.9924,0.064382692,4683.413526107026,292286.03090146184,151.0,0.062345169,0.0,0.237960021,0.466575993,0.40555664,99978.96003402042,8.938018601377873,0.0,8,77,1402,08077001402,14.02,Census Tract 14.02,G5020,S,24014145,970293,39.1009868,-108.6776655,U
1184,08077001403,0.197906281,0.123130608,0.17025641,0.0,0.099202393,6.2003043715847,65.67782,0.099734839,7446.2001920940065,460435.43037173816,310.0,0.19278607,0.0,0.467577507,0.922852738,1.090700730127967,30472.63996046672,9.926087039981065,0.0,8,77,1403,08077001403,14.03,Census Tract 14.03,G5020,S,8899172,842121,39.0713678,-108.6074616,U
1185,08077001404,0.096444626,0.137515325,,0.0,0.138332652,6.10072322404372,65.32519,0.048196432,2359.0724519155606,261729.92979522617,73.0,0.029447358,0.0,0.241484909,0.474938304,0.08553581,32702.020878796106,6.927639482020874,0.0,8,77,1404,08077001404,14.04,Census Tract 14.04,G5020,S,16193149,0,39.0605824,-108.63805,U
1186,08077001502,0.117766135,0.204183267,0.167179487,0.0,0.086449155,6.33887568306011,64.07113,0.028281841,89.48820843077037,87786.96911518244,472.0,0.150895141,0.0,0.158325111,0.145202609,0.06799229,30626.96332437716,3.714235958905868,0.0,8,77,1502,08077001502,15.02,Census Tract 15.02,G5020,S,997948183,5093293,39.2562747,-108.804377,R
1187,08077001503,0.126986529,0.098380506,0.202051282,0.0,0.116088997,6.33586120218579,64.61517,0.0452753,178.55550945920652,74151.24087016894,100.0,0.043440487,0.0,0.066436217,0.0,0.0,26093.180253430768,7.05443410594222,0.0,8,77,1503,08077001503,15.03,Census Tract 15.03,G5020,S,5887712,0,39.1710227,-108.723018,R
1188,08077001504,0.24195208,0.307898659,0.202051282,0.0,0.116542474,6.31881612021858,64.56466,0.081279912,288.8705151760579,153181.50789518637,472.0,0.164746946,0.0,0.052484482,0.020710333,1.618856767739159,28587.61147627056,9.402323530883194,0.0,8,77,1504,08077001504,15.04,Census Tract 15.04,G5020,S,12664366,875290,39.150114,-108.7240615,R
1189,08077001600,0.167385057,0.100338491,0.192820513,0.003054368,0.13094666,6.27145109289618,66.12864,0.056076098,256.90417503566425,384269.3884265317,120.0,0.069808028,0.0,0.316987245,0.675669779,0.511573245,30681.4185458456,5.183066919263315,0.0,8,77,1600,08077001600,16.0,Census Tract 16,G5020,S,113708376,0,39.1535661,-108.5326918,R
1190,08077001702,0.114932327,0.281426315,0.184615385,0.0,0.180997517,6.01632322404372,65.92386,0.044228936,33.58289532854749,155492.48153558932,446.0,0.219704433,0.0,0.333040909,0.046920097,0.836331671,58.64251190171038,7.768491665078275,0.0,8,77,1702,08077001702,17.02,Census Tract 17.02,G5020,S,51765529,370942,39.1310637,-108.4346131,U
1191,08077001703,0.214998891,0.24162414,0.196923077,0.006274957,0.157754604,6.13284180327869,66.16576,0.115087963,91.6104880571868,516903.76500030566,144.0,0.076190476,0.0,0.38764396,0.202267654,6.10333915920787,311.49648573567725,10.68615572267556,0.0,8,77,1703,08077001703,17.03,Census Tract 17.03,G5020,S,5063097,0,39.0950291,-108.4660855,U
1192,08077001705,0.203222204,0.412578414,0.245128205,0.0,0.126675175,6.0833131147541,66.09017,0.086255356,75.05533909992438,434598.48659587005,348.0,0.153034301,0.0,0.995547028,0.132835158,3.62433590236297,203.4686464860308,9.34896219440342,0.0,8,77,1705,08077001705,17.05,Census Tract 17.05,G5020,S,6751056,0,39.0908573,-108.4410966,R
1193,08077001706,0.41076653,0.389116442,0.212307692,0.029721079,0.118197776,6.08575327868852,66.13792,0.067249027,95.02720331710803,376777.3624966072,113.0,0.050334076,0.0,1.498790402728852,0.121407439,2.006733687523035,274.0474444647059,9.22286588361926,0.0,8,77,1706,08077001706,17.06,Census Tract 17.06,G5020,S,5356342,107272,39.064348,-108.4473051,U
1194,08077001707,0.255588099,0.266395367,0.207179487,0.010196078,0.179589949,6.11186010928962,66.17693,0.081679828,118.63885461899572,443320.9208869996,18.0,0.006933744,0.0,0.531520685,0.139401755,1.784229038466595,624.0273996581278,9.987353944710678,0.0,8,77,1707,08077001707,17.07,Census Tract 17.07,G5020,S,4861455,56873,39.0711177,-108.4685443,R
1195,08077001800,0.113084665,0.296791444,0.140512821,0.0,0.159561871,5.15068169398907,65.05612,0.011965127,4.79236878096463,49928.91047201605,443.0,0.230489074,0.0,0.574109,0.018515412,0.007904214,113.92544152449749,1.932573253625459,0.016518808,8,77,1800,08077001800,18.0,Census Tract 18,G5020,S,2970587278,11931145,39.201675,-108.0249391,R
1196,08077001900,0.073544433,0.220994475,0.180512821,0.0,0.148762022,5.12433224043716,64.54704,0.020569906,51.52868751928072,162571.43211142218,435.0,0.160813309,0.0,0.181271434,0.1512622,0.002102608,6555.9784151429885,3.032401642257644,0.0,8,77,1900,08077001900,19.0,Census Tract 19,G5020,S,4275101228,8487121,38.8197136,-108.6995804,R
1197,08079973600,0.071788413,0.251889169,,0.0,0.112515803,4.27521284153005,63.20058,0.005947533,0.0,3016.90526681389,240.0,0.190325139,0.333671095,0.0,0.0,0.005391004,0.381791644,2.349198579788208,0.117424242,8,79,973600,08079973600,9736.0,Census Tract 9736,G5020,S,2268209076,5222161,37.5490672,-107.003236,R
1198,08081000300,0.05697567,0.191797718,0.18974359,0.0,0.126734505,5.69827295081967,63.39786,0.016824426,632.4631802420106,47773.22614752773,74.0,0.0578125,0.0,0.138405326,0.0,0.025011202,723.0515893135802,4.25215174646134,1.0,8,81,300,08081000300,3.0,Census Tract 3,G5020,S,420740762,1773556,40.5644916,-107.4825927,R
1199,08081000400,0.299065421,0.43982444,0.226666667,0.023465704,0.165627166,5.68464836065574,63.32999,0.048750265,1131.664963355605,144034.7270305447,393.0,0.208820404,0.0,0.148851551,0.0,2.867548452569572,678.0618115860161,8.196467130173481,1.0,8,81,400,08081000400,4.0,Census Tract 4,G5020,S,7422349,0,40.522931,-107.5645542,U
1200,08081000500,0.218493311,0.308788599,0.182564103,0.033112583,0.140456182,5.69554098360656,63.36537,0.039523691,1325.350447810184,163623.9261250918,660.0,0.316698656,0.0,0.131385553,0.0,4.756481716359909,609.8092490462092,7.147829452257477,1.0,8,81,500,08081000500,5.0,Census Tract 5,G5020,S,9507070,0,40.5227088,-107.538667,U
1201,08081000600,0.319371728,0.51907255,0.204102564,0.0,0.185489903,5.44836912568306,62.20297,0.008637958,165.67478362276424,11001.34144759154,197.0,0.231764706,0.0,0.097810211,0.006713077,0.000585982,370.576506217542,1.948893490845595,2.73170731707317,8,81,600,08081000600,6.0,Census Tract 6,G5020,S,11847273640,18029855,40.661904,-108.204535,R
1202,08083941100,0.808060453,0.679158111,0.225641026,0.016366612,0.071868583,5.05203797814208,63.8646,0.013352465,4.539733285177304,12415.54777508404,45.0,0.071656051,0.0,0.0,0.0,0.221961918,232.6028058206256,3.341713327042599,0.0,8,83,941100,08083941100,9411.0,Census Tract 9411,G5020,S,1799391502,347405,37.1461289,-108.6129503,R
1203,08083969000,0.260270196,0.415796897,0.175384615,0.0,0.089605735,4.46683606557377,63.63489,0.011807747,0.000925403,41609.47223759932,425.0,0.21421371,0.0,0.0,0.0,0.006803529,3.30846462643955,4.932397550501276,0.0,8,83,969000,08083969000,9690.0,Census Tract 9690,G5020,S,931828385,16185569,37.5546706,-108.3195811,R
1204,08083969100,0.109748428,0.249359795,0.175384615,0.010064702,0.145006402,4.70283715846995,64.17184,0.010134988,0.85230638,30426.081487797368,258.0,0.149219202,0.0,0.0,0.0,0.019145696,23.215956368432856,2.907285547738272,0.0,8,83,969100,08083969100,9691.0,Census Tract 9691,G5020,S,839020395,3146486,37.3552575,-108.2992999,R
1205,08083969200,0.076130056,0.210943695,0.115897436,0.007880911,0.1740682,4.86230300546448,62.47483,0.011655458,6.4766e-05,24101.385012381303,341.0,0.24981685,0.0,0.054309959,0.0,0.007724469,3.085015489531461,2.87310072274137,0.0,8,83,969200,08083969200,9692.0,Census Tract 9692,G5020,S,1294374552,6409749,37.4712506,-108.8049803,R
1206,08083969301,0.321240654,0.281852171,0.214358974,0.0,0.118586089,4.96431010928962,63.26565,0.030977831,0.0,220530.628617172,614.0,0.452135493,0.0,0.0,0.0,3.303823635894769,6.659196155863532,6.097889861505577,0.0,8,83,969301,08083969301,9693.01,Census Tract 9693.01,G5020,S,37654467,42236,37.3773865,-108.6009039,R
1207,08083969302,0.264818638,0.276909466,0.214358974,0.012810248,0.148923621,4.93599426229508,63.4584,0.028345771,0.0,204540.01641332032,436.0,0.313443566,0.0,0.0,0.0,1.192717900281534,4.138232654850036,6.452565267636894,0.0,8,83,969302,08083969302,9693.02,Census Tract 9693.02,G5020,S,20823755,60460,37.3784257,-108.5638393,U
1208,08083969400,0.415011607,0.451304572,0.184615385,0.117787032,0.16843193,4.9985106557377,63.46795,0.048370552,0.0,265778.56119978987,554.0,0.273175542,0.0,0.0,0.0,5.512652140110984,8.288421605551822,6.589828174522721,0.0,8,83,969400,08083969400,9694.0,Census Tract 9694,G5020,S,8784653,70393,37.3384153,-108.5726543,U
1209,08083969600,0.199638896,0.393188854,0.105641026,0.018273472,0.247936017,5.00331475409836,63.56267,0.019964942,0.0,66879.53768138698,157.0,0.087905935,0.0,0.0,0.0,0.004412348,7.917085859312382,4.293602768369644,1.186861642341583,8,83,969600,08083969600,9696.0,Census Tract 9696,G5020,S,324112309,945897,37.3316599,-108.5687651,R
1210,08085966100,0.060051107,0.418744626,0.197948718,0.0,0.253833049,4.80688169398907,62.86034,0.007350828,0.07971206,547.9520480524938,350.0,0.25716385,0.039374259,0.0,0.0,0.00435784,2333.1768120470883,2.581139747761498,2.547991829867188,8,85,966100,08085966100,9661.0,Census Tract 9661,G5020,S,2875032899,682240,38.2906092,-108.6270409,R
1211,08085966201,0.137112988,0.289505428,0.152820513,0.0,0.103739445,5.06137732240437,64.30645,0.021120275,3.7525e-06,96844.17482357507,234.0,0.208742194,0.0,0.09254569,0.0,0.022044074,865.964369441693,3.79842882073233,0.453483606,8,85,966201,08085966201,9662.01,Census Tract 9662.01,G5020,S,971891367,450242,38.5334305,-108.2464022,R
1212,08085966202,0.404392765,0.255910683,0.165128205,0.062893082,0.119527145,5.16472978142076,63.32662,0.031132957,0.0,93139.1970651316,359.0,0.21836983,0.0,0.032869242,0.0,0.124686312,1509.7964342640005,5.617280698410599,0.954504688,8,85,966202,08085966202,9662.02,Census Tract 9662.02,G5020,S,653000121,2451952,38.5946302,-107.7398148,R
1213,08085966301,0.2939495,0.343020486,0.215384615,0.062449311,0.172939495,5.36857950819672,63.71339,0.073882394,0.0,512711.3957559953,712.0,0.479784367,0.0,0.165854763,0.0,15.92174189198516,2376.4992998392345,9.251665028508397,0.0,8,85,966301,08085966301,9663.01,Census Tract 9663.01,G5020,S,1853732,0,38.4795208,-107.868538,U
1214,08085966302,0.315943572,0.330131723,0.215384615,0.053401609,0.158616905,5.39694180327869,63.69171,0.067257737,0.0,397123.6676963137,361.0,0.221336603,0.0,0.155138561,0.0,8.388908576168,3131.064037505872,8.777553840424057,0.0,8,85,966302,08085966302,9663.02,Census Tract 9663.02,G5020,S,9559874,0,38.4938953,-107.8831234,U
1215,08085966401,0.241225627,0.358915176,0.207179487,0.058743169,0.146300448,5.32387896174863,63.68352,0.07969049,0.0,275752.1746483273,35.0,0.046979866,0.0,0.166205295,0.0,4.910824518608585,1466.3784206884336,7.817319869995117,0.0,8,85,966401,08085966401,9664.01,Census Tract 9664.01,G5020,S,2253021,0,38.4613136,-107.8566718,U
1216,08085966402,0.147493239,0.233340476,0.207179487,0.014835165,0.136871508,5.34469393442623,63.69726,0.078729403,0.0,353555.1418336331,191.0,0.090051862,0.0,0.182953727,0.0,2.95473440174024,1926.88029779434,7.873389821259222,0.0,8,85,966402,08085966402,9664.02,Census Tract 9664.02,G5020,S,5467052,0,38.4725234,-107.8605848,U
1217,08085966501,0.172851563,0.279947917,0.18974359,0.0,0.184514003,4.92933819672131,63.68803,0.023796095,0.023515872,121194.79755162954,186.0,0.131170663,0.0,0.167904736,0.0,0.19851118,994.6524931524089,4.5418036861426,0.008364501,8,85,966501,08085966501,9665.01,Census Tract 9665.01,G5020,S,606965730,1278814,38.4425855,-107.6997914,R
1218,08085966502,0.234817814,0.22234763,0.157948718,0.024894068,0.124887082,5.29843756830601,63.66565,0.046307731,0.0,195801.71400778848,0.0,0.0,0.0,0.245762588,0.0,0.1900934,1718.9189370687407,7.220096257134019,0.0,8,85,966502,08085966502,9665.02,Census Tract 9665.02,G5020,S,7881737,0,38.4701984,-107.8368284,R
1219,08085966503,0.29047619,0.287114846,0.209230769,0.049640288,0.096656364,5.32911554644809,63.6246,0.032398535,0.0,140411.6114511052,159.0,0.107215105,0.0,0.26996661,0.0,0.029725151,4650.009193215916,5.342716542738426,0.0,8,85,966503,08085966503,9665.03,Census Tract 9665.03,G5020,S,73359608,0,38.5156793,-107.8245038,R
1220,08085966601,0.422926375,0.391060408,0.186666667,0.086278109,0.079589935,5.3549806010929,63.69401,0.050469006,0.0,237500.7562707397,61.0,0.027075011,0.0,0.112383728,0.0,0.316792439,1657.2832166198332,7.619262322700099,0.0,8,85,966601,08085966601,9666.01,Census Tract 9666.01,G5020,S,16902953,0,38.4543939,-107.8880858,U
1221,08085966602,0.140536882,0.234548336,0.176410256,0.0,0.113241597,5.10742213114754,63.84621,0.022347898,0.027295087,84230.18029195134,277.0,0.148684917,0.0,0.076266053,0.0,0.0,964.65407562303,2.746279487880193,0.0,8,85,966602,08085966602,9666.02,Census Tract 9666.02,G5020,S,579855460,60012,38.4307037,-108.0136069,R
1222,08087000100,0.276678445,0.318374558,0.134358974,0.046875,0.113780919,6.71881693989071,66.0205,0.04908116,16.07847357016692,43115.43048931782,312.0,0.220028209,0.0,0.545405341,0.0,0.0,27695.283879605944,3.072733986540521,0.0,8,87,100,08087000100,1.0,Census Tract 1,G5020,S,1323262587,17577609,40.4103163,-103.8140035,R
1223,08087000200,0.252499286,0.211295872,0.165128205,0.033514493,0.083119109,7.43591857923497,68.07964,0.071979496,4.410631553994152,37313.67986515664,235.0,0.202936097,0.0,0.386256007,0.0,0.203191743,3540.4317423388607,5.356442231044435,0.0,8,87,200,08087000200,2.0,Census Tract 2,G5020,S,750564293,14887388,40.1694906,-104.0293307,R
1224,08087000300,0.394546466,0.395659432,0.179487179,0.03628447,0.101836394,7.1545368852459,66.92688,0.105497889,171.9115877,115072.92928212872,161.0,0.215817694,0.0,0.863189492,0.0,0.287591891,145625.4506120703,6.852179527282715,0.0,8,87,300,08087000300,3.0,Census Tract 3,G5020,S,41129336,1664753,40.2757054,-103.8845326,R
1225,08087000400,0.492378049,0.37147966,0.197948718,0.075078206,0.102564103,7.05587431693989,66.54403,0.160555679,2085.186015796064,290431.57542679127,870.0,0.434131737,0.0,1.325860326340325,0.0,2.712265374615363,129645.2059465569,9.3789618680668,0.0,8,87,400,08087000400,4.0,Census Tract 4,G5020,S,3299283,0,40.2579191,-103.7963301,U
1226,08087000500,0.604938272,0.430540827,0.202051282,0.06364513,0.099541122,7.06827896174863,66.57735,0.161814141,286.2877522716996,268006.2758210832,828.0,0.765957447,0.0,1.297377445458094,0.0,7.341920837933536,88155.03980259462,7.858271571500891,0.0,8,87,500,08087000500,5.0,Census Tract 5,G5020,S,3554271,0,40.2503688,-103.8038979,R
1227,08087000600,0.609221345,0.433177495,0.183589744,0.084072863,0.065290988,7.10304453551913,67.07207,0.102818813,95.02744705574051,141070.9777642227,475.0,0.216105551,0.0,1.432443525189351,0.0,2.564800709121344,54692.25677890552,4.407180798289392,2.832192136746223,8,87,600,08087000600,6.0,Census Tract 6,G5020,S,293167992,111988,40.165309,-103.8707355,R
1228,08087000700,0.372484386,0.295049145,0.228717949,0.01362782,0.147797597,6.81597349726776,65.69394,0.134454199,7.960827109352262,137975.69152732726,897.0,0.392732049,0.0,0.151235312,0.0,3.676259822699015,1347.1727433778035,6.879737197035472,0.0,8,87,700,08087000700,7.0,Census Tract 7,G5020,S,27487876,107346,40.2500032,-103.6361538,R
1229,08087000800,0.149791956,0.188111888,0.168205128,0.020344288,0.092926491,6.77135546448087,65.78684,0.062724308,5.185918223703704,85251.70093315287,229.0,0.338257016,0.0,0.266471245,0.0,0.0,12697.661413163392,4.133953284334254,0.0,8,87,800,08087000800,8.0,Census Tract 8,G5020,S,873975850,314014,40.1541924,-103.6512305,R
1230,08089968000,0.183571429,0.43814433,0.231794872,0.0,0.217231222,5.63448196721312,66.28236,0.0383299,20.435960384851786,50102.11999434965,493.0,0.609394314,0.0,0.0,0.0,0.707867655,173.60639522583097,5.498504353088823,1.0,8,89,968000,08089968000,9680.0,Census Tract 9680,G5020,S,44653973,715251,38.1180617,-104.0109636,R
1231,08089968100,0.785077951,0.829906542,0.258461538,0.098108747,0.247958426,5.68159590163934,64.22163,0.045955688,0.0,132706.9840324833,821.0,0.689336692,0.0,1.041694150820375,0.0,2.400695985811273,42.50067597721231,7.060148952788824,0.0,8,89,968100,08089968100,9681.0,Census Tract 9681,G5020,S,33642601,2751591,38.1081102,-103.7372363,R
1232,08089968200,0.413886734,0.504601841,0.205128205,0.025289779,0.170068027,5.59546803278689,64.15149,0.045095015,0.0,56108.813735114745,479.0,0.433092224,0.0,0.606694037,0.0,1.011822161499962,205.0236788233076,6.065463107474477,5.472749956467496,8,89,968200,08089968200,9682.0,Census Tract 9682,G5020,S,133548709,1252090,38.0228708,-103.7306921,R
1233,08089968300,0.437356586,0.411764706,0.205128205,0.0,0.196160074,5.55333715846995,63.05179,0.041041424,0.0,162310.28563396525,589.0,0.296128708,0.0,0.024287622,0.0,0.15807714,5349.86041763493,6.417971257903753,0.0,8,89,968300,08089968300,9683.0,Census Tract 9683,G5020,S,97470967,588383,37.9744879,-103.5931653,U
1234,08089968400,0.464696223,0.399835796,0.190769231,0.011494253,0.281609195,5.24411229508197,63.93329,0.017857333,0.05710347,57279.42976494581,290.0,0.528233151,0.0,0.071409491,0.0,0.0,523.9969733298316,3.0606369972229,40.0,8,89,968400,08089968400,9684.0,Census Tract 9684,G5020,S,2480675418,3465130,37.8500251,-103.749161,R
1235,08089968500,0.315472607,0.319070905,0.140512821,0.0,0.138141809,5.72400519125683,62.74947,0.04989999,0.0,68310.69639769662,421.0,0.542525773,0.0,0.036290731,0.0,0.314420678,4420.419939376829,4.837722556535589,66.40767158252979,8,89,968500,08089968500,9685.0,Census Tract 9685,G5020,S,473349223,11248755,38.1163443,-103.5137756,R
1236,08089968600,0.566259902,0.41430143,0.244102564,0.026004728,0.201585261,5.56335683060109,62.61156,0.073979325,0.0,223210.63627972137,1481.0,0.639740821,0.0,0.0,0.0,1.946180489532463,16022.953370785728,7.40119411554703,0.0,8,89,968600,08089968600,9686.0,Census Tract 9686,G5020,S,5083410,71355,37.9814479,-103.5400401,R
1237,08091967601,0.044585987,0.121815287,0.146666667,0.008645533,0.178343949,4.8153174863388,63.99522,0.00938908,0.58267266,19527.245098390857,68.0,0.076576577,0.0,0.0,0.0,0.006671295,130.16266139498055,1.426876068115234,0.0,8,91,967601,08091967601,9676.01,Census Tract 9676.01,G5020,S,403388409,64618,38.2686054,-107.9044119,R
1238,08091967602,0.108152174,0.210612245,0.146666667,0.0,0.141576087,4.61408256830601,64.33458,0.008295436,3.471663033422913,57868.819181167935,517.0,0.201953125,0.029042667,0.0,0.0,0.022690772,581.2587611213528,4.087157474515124,3.114184974867069,8,91,967602,08091967602,9676.02,Census Tract 9676.02,G5020,S,996944214,3921674,38.1235121,-107.7003856,R
1239,08093000101,0.075514874,0.14416476,0.180512821,0.0,0.049580473,4.94900270491803,71.07345,0.010801495,235.88494124022537,25976.520790084607,72.0,0.068636797,0.065877243,0.0,0.0,0.006260279,0.092528007,2.50361053908786,0.369854376,8,93,101,08093000101,1.01,Census Tract 1.01,G5020,S,385270376,493456,39.5056713,-105.6613297,R
1240,08093000102,0.168279676,0.18625321,0.180512821,0.0,0.12660478,5.13805297814208,73.06188,0.015928464,420.17711861852433,36277.32544048125,138.0,0.056720099,0.0,0.0,0.0,0.099610238,0.125373742,2.598128663665121,0.910198556,8,93,102,08093000102,1.02,Census Tract 1.02,G5020,S,109229265,150027,39.4886923,-105.4473692,R
1241,08093000200,0.116035263,0.088819727,0.169230769,0.0,0.078042959,4.85161027322404,70.76351,0.015514221,239.13907823189527,32817.69044758125,166.0,0.084349593,0.0,0.0,0.0,0.111624987,0.313831711,3.183960283914512,0.923744035,8,93,200,08093000200,2.0,Census Tract 2,G5020,S,435352549,307220,39.3724165,-105.5000699,R
1242,08093000300,0.07822776,0.247396768,,0.002220577,0.033571429,4.61424696721311,66.95434,0.0082034,0.755330788,15424.3203910588,388.0,0.148773006,0.066953084,0.0,0.0,0.081203426,13.830198845222425,4.219767330872022,0.0,8,93,300,08093000300,3.0,Census Tract 3,G5020,S,282700246,1212542,39.262142,-106.0641967,R
1243,08093000400,0.148093842,0.140762463,,0.018791946,0.096041056,4.71864972677596,67.50695,0.00970191,0.212903158,7654.837662666135,136.0,0.040791842,0.01231766,0.0,0.0,0.002077124,2.922364798513022,3.19504437546981,0.0,8,93,400,08093000400,4.0,Census Tract 4,G5020,S,2394333385,14997447,39.1743767,-105.8016486,R
1244,08093000500,0.102776776,0.255326965,,0.0,0.261089073,4.70921942622951,67.79923,0.009588213,0.596791185,3213.9425120000824,82.0,0.029223093,0.0,0.0,0.0,0.003894788,98.52626482537997,2.883456222481945,2.033830044301248,8,93,500,08093000500,5.0,Census Tract 5,G5020,S,2074279783,26358637,38.8812413,-105.6157563,R
1245,08095967600,0.383110531,0.307462687,0.183589744,0.148049645,0.109784411,5.76214890710382,56.79814,0.03579592,0.034306157,26812.820587461083,570.0,0.427927928,0.0,0.020150592,0.0,0.949439403,0.0,8.128171918759815,0.0,8,95,967600,08095967600,9676.0,Census Tract 9676,G5020,S,981425678,258511,40.5902559,-102.2201088,R
1246,08095967700,0.113604488,0.320430108,0.173333333,0.0,0.183512545,5.80442131147541,58.18709,0.028103161,1.113761299450549,712.2061284407976,336.0,0.471910112,0.0,0.0,0.0,0.018729495,0.0,4.254430783973945,0.0,8,95,967700,08095967700,9677.0,Census Tract 9677,G5020,S,800299298,43297,40.5918506,-102.5226695,R
1247,08097000101,0.245004757,0.109657469,0.152820513,0.0,0.112036156,4.72252366120219,64.9078,0.010948559,0.000220206,31284.494270043848,0.0,0.0,0.0,0.0,0.0,0.303620606,335.2403856512841,4.18102180983196,4.986277670106587,8,97,101,08097000101,1.01,Census Tract 1.01,G5020,S,259654781,521936,39.1743163,-106.9530059,R
1248,08097000102,0.096048299,0.233637117,0.152820513,0.019178082,0.095225027,4.8417343715847,64.26374,0.015696444,0.000254239,81211.60093715081,155.0,0.076961271,0.0,0.0,0.0,0.183957438,22.13606718361952,5.084304194393837,6.09139936141093,8,97,102,08097000102,1.02,Census Tract 1.02,G5020,S,952084562,1146585,39.2460271,-107.1629123,R
1249,08097000402,0.170468187,0.148730351,0.152820513,0.128016789,0.082833133,4.6379968852459,64.93094,0.008998325,0.0,184978.42374452064,101.0,0.039406945,0.0,0.0,0.0,0.517236337,27.810342050394567,5.144385498498965,0.0,8,97,402,08097000402,4.02,Census Tract 4.02,G5020,S,88332551,0,39.094082,-106.8862935,R
1250,08097000403,0.189667129,0.086338419,0.16,0.0,0.039528433,4.67644724043716,65.16303,0.012821234,1.24335e-05,114280.57111156716,84.0,0.046128501,0.0,0.0,0.0,0.482350145,24.696713703819007,6.432884490101456,0.0,8,97,403,08097000403,4.03,Census Tract 4.03,G5020,S,21420615,0,39.2123633,-106.8227643,R
1251,08097000404,0.28734582,0.14590088,0.16,0.036396724,0.12459472,4.70808975409836,65.0614,0.024924165,0.0,232804.15314314404,164.0,0.101359703,0.0,0.0,0.0,1.091190365916981,30.270291685566274,11.333905892559716,0.0,8,97,404,08097000404,4.04,Census Tract 4.04,G5020,S,4091911,0,39.2013515,-106.8367005,U
1252,08097000500,0.162162162,0.212929145,0.152820513,0.026094276,0.075540887,4.60781330601093,65.48374,0.013613721,0.012302305,100686.52665717855,21.0,0.012987013,0.0,0.0,0.0,0.379220314,77.47052465500256,6.400465955554592,10.219540961197094,8,97,500,08097000500,5.0,Census Tract 5,G5020,S,1188520485,4804056,39.217614,-106.6821442,R
1253,08099000100,0.294409059,0.227176221,0.154871795,0.013186813,0.130219391,5.88607158469945,56.76042,0.033683559,0.075624333,40343.811377508086,160.0,0.308285164,0.0,0.983342036,0.0,0.048451798,44.066743489605095,4.508519759261818,452.9698245614035,8,99,100,08099000100,1.0,Census Tract 1,G5020,S,409873957,2217570,38.1798595,-102.6048147,R
1254,08099000200,0.591561548,0.574863884,0.253333333,0.043529412,0.199092971,5.83941554644809,56.75828,0.057754645,1.983877368872549,306293.4017473988,601.0,0.506745363,0.0,0.038040279,0.0,3.430482175219313,27.455671326028128,7.726038328572816,0.0,8,99,200,08099000200,2.0,Census Tract 2,G5020,S,6066165,169032,38.0969763,-102.6195588,R
1255,08099000300,0.411273911,0.41504595,0.207179487,0.050625711,0.152014652,5.81373237704918,56.72507,0.057545251,0.21210618,286918.2935186536,689.0,0.327939077,0.0,0.0,0.0,2.457070418966928,16.590499006721608,7.670242677379139,0.0,8,99,300,08099000300,3.0,Census Tract 3,G5020,S,5752897,0,38.0742864,-102.6182428,U
1256,08099000600,0.427899687,0.362673187,0.180512821,0.027722772,0.26192401,5.88523196721312,54.86447,0.027024655,0.001597276,28120.591183254943,259.0,0.417069243,0.0,0.011914826,0.0,0.135795627,40.648997858840566,3.775155647041788,6.485054201206651,8,99,600,08099000600,6.0,Census Tract 6,G5020,S,1266298812,4785087,37.9612659,-102.1449176,R
1257,08099000700,0.420135528,0.448158915,0.16,0.051118211,0.185077519,5.68092669398907,56.1115,0.025743718,0.036376514,62402.44397988144,343.0,0.32791587,0.0,0.042873286,0.0,0.000372263,107.4240279591586,2.847870386924724,0.0,8,99,700,08099000700,7.0,Census Tract 7,G5020,S,2555465409,8145734,37.9120076,-102.4817982,R
1258,08101000100,0.408944544,0.308828829,0.232820513,0.0,0.210733453,6.05785601092896,69.44232,0.11221048,1482.0557156996456,1035900.169284118,563.0,0.413666422,0.197246181,0.853108751,0.363972591,2.65619472189087,11210.611946193052,9.392340049337834,0.0,8,101,100,08101000100,1.0,Census Tract 1,G5020,S,3436484,4876,38.3050168,-104.6332234,U
1259,08101000200,0.719181586,0.438363171,0.202051282,0.033986928,0.254731458,6.0442131147541,69.34622,0.112644368,2496.4165382796427,876160.7627098844,358.0,0.433414044,0.249569475,1.202514706642788,0.38535411,0.816340443,13042.813026294736,8.858545622070087,0.0,8,101,200,08101000200,2.0,Census Tract 2,G5020,S,2965682,189960,38.2828389,-104.637124,U
1260,08101000300,0.507165973,1.0,,0.0,0.997435897,6.0548806010929,69.2665,0.117212779,2586.468749,994557.5539748936,0.0,0.0,0.324200197,1.267097083437024,0.435738773,3.191569883286939,13738.1374584588,9.47683334350586,0.0,8,101,300,08101000300,3.0,Census Tract 3,G5020,S,1250491,0,38.2863382,-104.6295838,U
1261,08101000400,0.555921053,0.358552632,0.22974359,0.015503876,0.193256579,6.06795628415301,69.35571,0.107353589,2176.610020427928,1134938.8623192895,925.0,0.680147059,0.263059491,0.867369077,0.422497659,9.728629201562288,13101.278451808164,9.284279187520344,0.0,8,101,400,08101000400,4.0,Census Tract 4,G5020,S,1666005,0,38.2920568,-104.6234417,U
1262,08101000500,0.476033835,0.485647059,0.230769231,0.0,0.252235294,6.08419508196721,69.27876,0.162096695,2748.2252546454115,1673200.4822288046,728.0,0.684210526,0.310547009,0.794346207,0.578347902,7.497127045785401,15051.203331120563,9.827549858783556,0.0,8,101,500,08101000500,5.0,Census Tract 5,G5020,S,3534018,19348,38.2953445,-104.6109375,U
1263,08101000600,0.613076099,0.53965702,0.294358974,0.004801921,0.217041801,6.06377923497268,69.22637,0.123006922,3628.0549991933935,1354583.3884220235,791.0,0.765730881,0.442512006,0.992436429,0.522495954,7.311510190436669,16000.047700630892,9.630617780854337,0.0,8,101,600,08101000600,6.0,Census Tract 6,G5020,S,904271,0,38.2798035,-104.6183713,U
1264,08101000800,0.711859172,0.619827054,0.244102564,0.022857143,0.215256331,6.07784153005464,69.19094,0.211616074,5000.190293279784,1371687.7520225935,907.0,0.684012066,0.497992286,0.799387637,0.80945034,3.180830115203571,21791.29543232646,11.009361138966298,0.0,8,101,800,08101000800,8.0,Census Tract 8,G5020,S,2083698,33230,38.2785522,-104.5962586,U
1265,08101000902,0.532335034,0.367674069,0.225641026,0.021425789,0.165970947,6.11621120218579,69.25566,0.206002697,2992.823926320165,939644.1091205254,813.0,0.300443459,0.243712048,0.672789688,0.836252831,2.589315798629767,15556.68905303766,9.901639549977496,0.0,8,101,902,08101000902,9.02,Census Tract 9.02,G5020,S,3671486,0,38.291888,-104.5781032,U
1266,08101000903,0.418604651,1.0,,0.0,0.050387597,6.12242103825137,69.3689,0.131623866,1834.266323,647581.0706436256,4.0,0.307692308,0.162508142,0.576562475,0.630964512,0.437637526,11702.231170955463,8.25434398651123,,8,101,903,08101000903,9.03,Census Tract 9.03,G5020,S,1517093,0,38.3080395,-104.5763649,R
1267,08101000904,0.59080353,0.333571769,0.209230769,0.010005003,0.201537353,6.1021150273224,69.27944,0.203223338,2555.463187878458,1089894.8608324635,782.0,0.371320038,0.234848561,0.664998715,0.652867044,1.385324641227021,15231.75397156162,9.776305845913704,0.0,8,101,904,08101000904,9.04,Census Tract 9.04,G5020,S,2489543,0,38.297648,-104.5935598,U
1268,08101000905,0.571363842,0.504124656,0.270769231,0.040562914,0.183561644,6.09881693989071,69.31896,0.159710795,2075.381174119623,1131814.7848377447,96.0,0.072782411,0.20296121,0.638718567,0.586070062,1.995037306490158,14508.502805087383,9.004772518365806,0.0,8,101,905,08101000905,9.05,Census Tract 9.05,G5020,S,704622,0,38.3048546,-104.5969244,U
1269,08101001000,0.733527333,0.554366079,0.244102564,0.026753864,0.193158114,6.09995054644809,69.3018,0.203113796,4165.285170012584,938113.6936260451,972.0,0.529989095,0.322275842,0.734151941,1.148848066296767,2.369934938507845,19841.734124913342,10.195170460731392,0.0,8,101,1000,08101001000,10.0,Census Tract 10,G5020,S,2001270,0,38.2800381,-104.5782574,U
1270,08101001100,0.625151515,0.592424242,0.21025641,0.039391226,0.216666667,6.08924699453552,69.12645,0.199920503,6666.187463403614,981329.0007713711,824.0,0.700084962,0.414539139,0.745396831,1.368228248295682,1.639302576540442,24643.755684473224,9.57322246313602,0.0,8,101,1100,08101001100,11.0,Census Tract 11,G5020,S,1395413,0,38.2731433,-104.576463,U
1271,08101001200,0.754140787,0.668058455,0.265641026,0.028629857,0.16563147,6.06020901639344,69.10993,0.179093526,10330.738497533426,1097102.0747522824,809.0,0.732126697,0.726138693,0.819718997,0.973848184,0.987527083,33679.31796379156,10.031417297074848,0.0,8,101,1200,08101001200,12.0,Census Tract 12,G5020,S,2664048,29704,38.26505,-104.5837283,U
1272,08101001400,0.618315508,0.584893048,0.28,0.020606061,0.316176471,6.02304098360656,69.08799,0.156030053,8864.78596,1347194.2287952206,652.0,0.725250278,3.058231639689326,1.081786862271871,0.759867686,1.889844239688084,22733.48706380948,10.08542251586914,0.0,8,101,1400,08101001400,14.0,Census Tract 14,G5020,S,1058791,60133,38.2631617,-104.6221878,U
1273,08101001500,0.559964333,0.49058296,0.228717949,0.0,0.194283162,6.01072049180328,69.15008,0.140956625,7215.38218537797,1168634.7612378136,951.0,0.844582593,0.750997382,1.109104339557997,0.618198582,2.625000975375004,20292.194442505268,9.365497378588156,0.0,8,101,1500,08101001500,15.0,Census Tract 15,G5020,S,1287594,0,38.2620736,-104.6318003,U
1274,08101001600,0.317422434,0.277604492,0.204102564,0.0,0.167810356,6.00450491803279,69.05761,0.12592887,4716.473281274957,916656.9698280595,561.0,0.713740458,0.391308337,1.477784767655367,0.438040992,0.72565367,17145.79673078765,8.890851509346666,0.0,8,101,1600,08101001600,16.0,Census Tract 16,G5020,S,2522133,169927,38.2659163,-104.6495333,U
1275,08101001700,0.440460381,0.245440216,0.187692308,0.019344438,0.191456397,5.95170683060109,69.10832,0.121242173,4785.385151330492,931250.959145746,749.0,0.372451517,0.364984557,0.605168843,0.455804715,5.560736182563694,17788.591002697987,8.755227422724932,0.0,8,101,1700,08101001700,17.0,Census Tract 17,G5020,S,3118760,0,38.2492761,-104.6537706,U
1276,08101001800,0.424929178,0.332658843,0.216410256,0.036548223,0.138000809,5.99777732240437,69.11707,0.143479964,7446.865539428077,1042328.2205553452,771.0,0.719887955,0.625241709,0.857797096,0.610116127,0.841129058,19737.78647951694,8.664087065790927,0.0,8,101,1800,08101001800,18.0,Census Tract 18,G5020,S,1121739,0,38.2558849,-104.6381485,U
1277,08101001900,0.484310243,0.385850178,0.194871795,0.0,0.195973949,6.01005601092896,69.11374,0.146009061,12483.179482389316,1192742.3004582124,605.0,0.86059744,3.609079233561571,0.920107007,0.73756953,0.658464423,24426.99030641244,9.12383843540559,0.0,8,101,1900,08101001900,19.0,Census Tract 19,G5020,S,931265,0,38.2546787,-104.6229305,U
1278,08101002000,0.637316562,0.554304837,0.243076923,0.024271845,0.364779874,6.00169836065574,69.0744,0.151915183,67967.1203478704,1291722.6058355283,1456.0,0.892703863,10.780953911974418,1.240885724666312,1.021246051490868,1.707743062832069,33627.62269966938,9.725624230737914,0.0,8,101,2000,08101002000,20.0,Census Tract 20,G5020,S,2331295,29951,38.2490839,-104.6085365,U
1279,08101002100,0.711209626,0.467384421,0.294358974,0.089456869,0.27929069,5.98239016393443,69.16754,0.14327502,25493.478248470663,1212582.975930736,621.0,0.901306241,9.902301618606682,0.874987866,1.086557859610072,2.408164609002399,31146.910413232927,9.269800186157228,0.0,8,101,2100,08101002100,21.0,Census Tract 21,G5020,S,782634,0,38.2423764,-104.6175057,U
1280,08101002200,0.590422535,0.653454134,0.277948718,0.03372434,0.181715576,5.95369316939891,68.93193,0.124193831,22465.117636366904,1079140.6875631555,542.0,0.737414966,2.192308715763192,0.734908294,1.514951319873349,1.307002055684007,40376.280635711286,8.51307487487793,0.0,8,101,2200,08101002200,22.0,Census Tract 22,G5020,S,795058,0,38.2313536,-104.615776,U
1281,08101002300,0.636489097,0.451567354,0.260512821,0.037012113,0.161272164,5.92026120218579,68.97929,0.113602208,12634.150293215149,809875.823098469,901.0,0.571337984,0.949979876,0.53253461,0.907577164,2.9357098811872,32094.45501647388,8.451018343719289,0.0,8,101,2300,08101002300,23.0,Census Tract 23,G5020,S,2998328,560090,38.2334541,-104.6352496,U
1282,08101002400,0.47256386,0.526017029,0.233846154,0.0,0.329706717,5.95298907103825,69.01602,0.142422914,13184.218268420238,849621.7767011033,711.0,0.703264095,1.23245491279519,0.615563884,0.801038175,3.082755476498255,26333.734913258355,8.32390022277832,0.0,8,101,2400,08101002400,24.0,Census Tract 24,G5020,S,850661,0,38.2377686,-104.6310602,U
1283,08101002500,0.548760331,0.56641604,0.246153846,0.070143885,0.170661157,5.9739606557377,68.95399,0.143219213,13334.215966251351,1026313.9260323911,1098.0,0.802631579,1.713799969661219,0.75283423,0.788238182,1.354733629434944,24764.233215566102,8.760098519495248,0.0,8,101,2500,08101002500,25.0,Census Tract 25,G5020,S,1200284,0,38.2458524,-104.6288887,U
1284,08101002600,0.506517205,0.694763372,0.303589744,0.040322581,0.19966396,5.93998196721311,69.18587,0.132489157,6830.114658838562,832342.1987811431,480.0,0.299438553,0.507024286,0.475619162,0.573916122,5.611098831955966,22474.525460049463,8.455956670405518,0.0,8,101,2600,08101002600,26.0,Census Tract 26,G5020,S,2345469,0,38.238308,-104.6414277,U
1285,08101002700,0.626694307,0.414925849,0.219487179,0.0,0.210014352,5.90100737704918,68.99615,0.111919264,4871.197456005966,747315.3587250793,811.0,0.35932654,0.329635565,0.39035476,0.492218476,2.447142684693419,20058.0188074102,8.840344878827757,0.0,8,101,2700,08101002700,27.0,Census Tract 27,G5020,S,2823038,0,38.2308357,-104.6525367,U
1286,08101002801,0.638712242,0.450920245,0.209230769,0.0,0.178118609,5.87355464480874,69.05919,0.073657411,4046.0267725747294,602285.8633461461,256.0,0.111888112,0.251723838,0.327010136,0.428942879,2.383605780155809,19767.981594894947,8.242027513846683,0.0,8,101,2801,08101002801,28.01,Census Tract 28.01,G5020,S,2170771,0,38.2226969,-104.6592836,U
1287,08101002802,0.478617157,0.284172662,0.182564103,0.010676157,0.198207426,5.96314262295082,69.24432,0.098314079,3255.5810041698824,768571.780122725,729.0,0.353026634,0.233445137,0.600275695,0.328193379,2.28133400028889,14461.7582195775,8.717874495801691,0.0,8,101,2802,08101002802,28.02,Census Tract 28.02,G5020,S,4055143,66834,38.2594133,-104.6729809,U
1288,08101002804,0.216510903,0.311130979,0.175384615,0.0,0.184690699,4.93757021857923,67.69846,0.01705065,182.38927588178768,18993.830994258024,448.0,0.182039821,0.006963733,0.0,0.016998987,0.094441805,615.1670759538129,5.4814265975177,43.66277561608301,8,101,2804,08101002804,28.04,Census Tract 28.04,G5020,S,732389054,1093320,37.9749862,-104.7952537,R
1289,08101002806,0.344331641,0.276649746,0.158974359,0.0,0.139311901,5.17788715846995,68.44116,0.03745781,1272.0520847493435,241149.3024838809,353.0,0.200113379,0.109855628,0.272172779,0.265535022,0.086526944,11290.814847987052,5.016576180648313,6.111072301781348,8,101,2806,08101002806,28.06,Census Tract 28.06,G5020,S,875174121,9381559,38.1786934,-104.8461838,R
1290,08101002807,0.499225492,0.198273954,,0.013340174,0.18012008,5.89359972677596,69.07396,0.097135315,3053.8247243703686,662900.126311976,68.0,0.034326098,0.222058065,0.425008283,0.33264209,3.039935809101298,15413.439550978535,8.690960486680607,0.0,8,101,2807,08101002807,28.07,Census Tract 28.07,G5020,S,3165226,0,38.2368001,-104.6730639,U
1291,08101002808,0.507350539,0.131983012,0.164102564,0.0,0.156158118,5.81155792349727,68.95,0.061410609,2790.139990931012,417709.1939379351,17.0,0.014705882,0.192228643,0.280124209,0.308976608,0.26949008,17153.590253532,7.076813415848159,0.0,8,101,2808,08101002808,28.08,Census Tract 28.08,G5020,S,6494658,0,38.2127221,-104.6763473,R
1292,08101002901,0.651833281,0.462341772,0.253333333,0.025089606,0.245253165,6.03421666666667,69.3778,0.106343509,2393.9152168541978,787308.5410476836,589.0,0.399592944,0.238174261,1.501557516488185,0.269451535,0.354026102,12477.310528433867,8.61189790818407,0.0,8,101,2901,08101002901,29.01,Census Tract 29.01,G5020,S,9620941,102233,38.2869501,-104.6593515,R
1293,08101002906,0.378631892,0.143674216,0.153846154,0.004662005,0.145504461,5.5270393442623,69.33588,0.03364631,550.7320597477493,60080.82700592832,6.0,0.003444317,0.0,0.19184006,0.0,0.133313475,106.532599391016,5.85563100978729,0.0,8,101,2906,08101002906,29.06,Census Tract 29.06,G5020,S,71812559,477090,38.3453572,-104.8701281,R
1294,08101002911,0.329034779,0.121531848,0.174358974,0.0,0.10629152,5.67435928961749,69.31886,0.037984516,722.238597280143,88268.89120402961,0.0,0.0,0.0,0.233446683,0.0,0.0,135.84545674998338,3.438066206034364,0.0,8,101,2911,08101002911,29.11,Census Tract 29.11,G5020,S,17901945,1622988,38.3012646,-104.7922667,R
1295,08101002912,0.537093496,0.376081425,0.201025641,0.0,0.161323155,5.89707650273224,69.65506,0.067212564,826.0554919049075,401570.98267370777,20.0,0.0249066,0.04750512,0.803069463,0.0,1.297926925171489,601.3356494272829,8.556577821251427,0.0,8,101,2912,08101002912,29.12,Census Tract 29.12,G5020,S,3889952,8441,38.3223401,-104.7154064,R
1296,08101002913,0.285757668,0.185241421,0.162051282,0.0,0.134527786,5.79910928961749,69.64742,0.045014149,738.8142108755136,169676.6811445041,18.0,0.012793177,0.0,0.603456853,0.0,1.196639996573099,90.36212947570144,6.760077591516788,0.0,8,101,2913,08101002913,29.13,Census Tract 29.13,G5020,S,4926628,17454,38.3275175,-104.7593748,U
1297,08101002914,0.360728075,0.282987552,0.214358974,0.0,0.112876254,5.87849153005464,69.52868,0.066203089,934.80495856568,290914.9304150548,48.0,0.038897893,0.030830606,1.262555823059076,0.0,0.50132939,338.33001321729876,6.634959436385321,0.0,8,101,2914,08101002914,29.14,Census Tract 29.14,G5020,S,5191141,1697,38.3154641,-104.7282115,U
1298,08101002915,0.382798731,0.280127977,0.169230769,0.017951426,0.102754237,5.78169098360656,69.45745,0.04580355,775.6591693057737,149249.14265153004,0.0,0.0,0.0,0.720101885,0.0,0.0,110.38182692962695,4.22127260099107,0.0,8,101,2915,08101002915,29.15,Census Tract 29.15,G5020,S,2870175,0,38.3106291,-104.7580094,U
1299,08101002916,0.490799717,0.371327434,0.208205128,0.034451496,0.177345133,5.8561150273224,69.51694,0.064989393,938.2344679567568,245096.6273778404,11.0,0.009450172,0.0,1.061340348928163,0.0,0.0,135.98802063172,4.727211733122131,0.0,8,101,2916,08101002916,29.16,Census Tract 29.16,G5020,S,2493098,0,38.3057148,-104.7335877,U
1300,08101002917,0.351359517,0.07364577,0.171282051,0.0,0.13776435,5.8980587431694,69.36927,0.059612619,1036.3514194553916,230482.38995485808,0.0,0.0,0.03615022,0.732606053,0.056818178,0.0,3266.531870592294,4.392875161036294,0.0,8,101,2917,08101002917,29.17,Census Tract 29.17,G5020,S,41838272,3022078,38.2876786,-104.7262689,U
1301,08101002919,0.544434265,0.355474118,0.192820513,0.0,0.118101029,6.06866092896175,69.48913,0.115908611,1142.634787884591,917140.2901731511,61.0,0.034560907,0.15312751,0.733408273,0.283943339,1.089049254139825,8540.750782667832,9.78929074585475,0.0,8,101,2919,08101002919,29.19,Census Tract 29.19,G5020,S,3550321,0,38.3152749,-104.629779,U
1302,08101002920,0.414221219,0.18785364,0.192820513,0.0,0.145899054,6.05314289617486,69.72032,0.098137999,1065.32060346325,720026.91225869,16.0,0.012789768,0.133865161,0.800974948,0.30425013,1.438109743369584,8854.313029389585,8.584238817301136,0.0,8,101,2920,08101002920,29.2,Census Tract 29.20,G5020,S,22872899,29217,38.353275,-104.6329655,R
1303,08101002921,0.404936624,0.291527685,0.17025641,0.0,0.109406271,5.99751994535519,69.79855,0.059679411,719.8247756639344,371883.67487030034,81.0,0.067164179,0.086294853,0.768005202,0.079303243,0.116818433,4554.75589998107,6.378321852265581,0.0,8,101,2921,08101002921,29.21,Census Tract 29.21,G5020,S,35212117,71028,38.3513195,-104.6615195,R
1304,08101002922,0.268592297,0.199203187,0.17025641,0.008086253,0.085989376,5.96921857923497,70.32518,0.039644604,442.5474252972632,115303.65441154486,48.0,0.041811847,0.0,0.290132674,0.0,0.0,1624.7953810883123,2.26411327804,0.0,8,101,2922,08101002922,29.22,Census Tract 29.22,G5020,S,169074618,258425,38.4576438,-104.6660524,R
1305,08101002923,0.337400282,0.194274988,0.17025641,0.0,0.251539555,5.66381557377049,69.85228,0.034054734,468.83080337160106,153016.55954618915,0.0,0.0,0.0,0.417353739,0.0,0.281806894,786.772323883443,3.850391722977005,0.0,8,101,2923,08101002923,29.23,Census Tract 29.23,G5020,S,161978347,125519,38.3858089,-104.7958817,R
1306,08101003001,0.423666462,0.515337423,0.203076923,0.0,0.134886573,6.08301967213115,68.98636,0.093737008,7577.129979999999,412101.31009491935,223.0,0.274292743,0.14485569,0.57831234,1.678453738159672,1.409893336143927,13062.244228414227,8.11715316772461,21.961471103327497,8,101,3001,08101003001,30.01,Census Tract 30.01,G5020,S,13569675,444405,38.2667326,-104.5213018,U
1307,08101003004,0.407267222,0.100965406,0.181538462,0.020283976,0.097874047,6.11011557377049,69.49888,0.127718626,1418.8248416500337,740569.8515636566,0.0,0.0,0.156843051,0.578554008,0.534923917,0.685501101,11916.762204282912,7.445375020861706,0.0,8,101,3004,08101003004,30.04,Census Tract 30.04,G5020,S,10543830,0,38.3195512,-104.5820843,R
1308,08101003103,0.63022324,0.394706559,0.224615385,0.00951087,0.239839725,6.02138387978142,69.00791,0.134852454,84435.49781702858,695941.9739685629,531.0,0.616009281,0.547817647,0.930702077,1.126169755970127,0.608926213,57932.25773468743,8.031792117527553,0.0,8,101,3103,08101003103,31.03,Census Tract 31.03,G5020,S,12757921,582203,38.2430743,-104.5722952,R
1309,08101003104,0.467464115,0.227751196,0.18974359,0.012594458,0.168421053,6.01567158469945,68.83033,0.098115531,18511.999404969298,514182.8110782353,196.0,0.221468927,0.262602292,0.592733666,0.985261569,0.385409264,26924.604313680506,7.064028925644724,0.0,8,101,3104,08101003104,31.04,Census Tract 31.04,G5020,S,7071771,27241,38.2410845,-104.5487987,U
1310,08101003105,0.243902439,0.226626016,0.182564103,0.00805153,0.108739837,6.03371038251366,68.76143,0.078701535,7216.803821656337,315707.46749510383,284.0,0.219474498,0.143921105,0.456250091,0.851025177,0.29704544,12171.516246791096,7.373560890975588,0.0,8,101,3105,08101003105,31.05,Census Tract 31.05,G5020,S,15643756,314350,38.246789,-104.5106684,U
1311,08101003106,0.673354232,0.323473883,0.232820513,0.0,0.262429201,5.89181174863388,68.74205,0.054905184,8833.194631,381118.98928662174,78.0,0.159836066,0.194087538,0.456047421,0.769196095,0.0,20814.299516023228,3.955705881118774,0.0,8,101,3106,08101003106,31.06,Census Tract 31.06,G5020,S,38223706,273469,38.2064543,-104.5807167,R
1312,08101003200,0.286009445,0.324380165,0.169230769,0.0375,0.159681228,5.3160762295082,66.97477,0.044982336,1834.6032027660192,98637.18386112215,500.0,0.328731098,0.047660924,0.119549108,0.38205853,0.028090736,5026.920588098774,3.909828162393766,0.0,8,101,3200,08101003200,32.0,Census Tract 32,G5020,S,2149111912,5615546,38.0333213,-104.3361397,R
1313,08101003500,0.518414918,0.673572228,0.232820513,0.009594883,0.340985442,6.04367650273224,69.05291,0.178287161,10249.715515522095,1900567.4653610487,539.0,0.540621866,2.136606626995763,0.948589956,0.78953558,4.538718660010203,24096.47387511828,10.835953662408649,0.0,8,101,3500,08101003500,35.0,Census Tract 35,G5020,S,4992735,337903,38.2663099,-104.6083782,U
1314,08101003600,0.470259278,0.534463277,0.22974359,0.007050529,0.310169492,5.9342868852459,68.85351,0.051842973,1043.834600621023,471416.1512708584,394.0,0.400813835,0.150295893,0.485833262,1.053775357087295,0.165126015,11965.74627666712,3.468631798703029,0.0,8,101,3600,08101003600,36.0,Census Tract 36,G5020,S,1505606614,3290341,38.3778874,-104.2911153,R
1315,08101980100,0.0,0.0,,0.0,0.0,5.59241010928962,70.49685,,0.0,,0.0,0.0,,,,0.0,,0.0,,8,101,980100,08101980100,9801.0,Census Tract 9801,G5020,S,192587565,680881,38.4666411,-104.8485045,R
1316,08103951100,0.196653797,0.302015179,0.185641026,0.029243484,0.145249935,5.43803770491803,63.02884,0.012209213,19.40855412321876,28228.18906533571,453.0,0.219476744,0.0,0.018079341,0.0,1.493511167888706,51.474398185249136,5.232831524622936,0.0,8,103,951100,08103951100,9511.0,Census Tract 9511,G5020,S,5156134112,4833853,39.9734231,-107.9122899,R
1317,08103951200,0.146230008,0.293967715,0.194871795,0.0,0.194911937,6.47310601092896,64.26713,0.01972359,24.479114188791367,70.2016229547723,175.0,0.144628099,0.0,0.02754262,0.0,0.999766954,16.56517537888919,8.149946876776268,2.0,8,103,951200,08103951200,9512.0,Census Tract 9512,G5020,S,3186140902,34258,39.9402205,-108.6653685,R
1318,08105976700,0.64234651,0.341189189,0.236923077,0.048820625,0.216738197,4.94773743169399,62.52202,0.031448781,0.275392755,94284.32095089417,938.0,0.460255152,0.0,0.39133411,0.0,1.657997248116799,4108.378381946112,6.865333639763655,0.0,8,105,976700,08105976700,9767.0,Census Tract 9767,G5020,S,45744600,49333,37.5837324,-106.1510318,R
1319,08105976800,0.507788162,0.316442049,0.232820513,0.031479538,0.181182796,4.53985601092896,62.73381,0.019477787,0.024874688,89524.80045286243,447.0,0.416201117,0.0,0.0,0.0,0.562716236,43.9363478513031,7.57466208038142,6.0,8,105,976800,08105976800,9768.0,Census Tract 9768,G5020,S,10867688,13585,37.6748574,-106.3741193,R
1320,08105977001,0.171717172,0.277409485,0.101538462,0.0,0.162708439,4.32898907103825,62.73992,0.008681747,0.032326719,17483.407781998794,270.0,0.116731518,0.022974605,0.044974729,0.0,0.023296886,246.55838974499315,2.43811610465877,0.0,8,105,977001,08105977001,9770.01,Census Tract 9770.01,G5020,S,1758619455,422972,37.4858534,-106.453128,R
1321,08105977002,0.417625899,0.146043165,0.101538462,0.0,0.088937093,5.02569016393443,62.50729,0.021603833,0.250062695,22854.204710610433,299.0,0.263204225,0.0,0.257198247,0.0,0.007183667,15879.238675411996,4.714849533071957,0.0,8,105,977002,08105977002,9770.02,Census Tract 9770.02,G5020,S,546724340,498405,37.6170488,-106.1384912,R
1322,08107000100,0.102902375,0.301846966,0.165128205,0.0,0.073350923,5.79945846994536,63.83181,0.009326728,92.7599949997738,16429.049190201047,218.0,0.159008023,0.0,0.046270408,0.0,0.003155682,66.57675807896025,0.938218035,0.814326107,8,107,100,08107000100,1.0,Census Tract 1,G5020,S,2826474165,7603611,40.6901258,-107.0120224,R
1323,08107000200,0.154903758,0.278084715,0.139487179,0.015494636,0.125,5.78224344262295,64.04852,0.025935788,481.60836818489634,46221.15845334205,184.0,0.193684211,0.0,0.163792406,0.0,0.338230456,75.70794881814275,5.095381235440886,1.0,8,107,200,08107000200,2.0,Census Tract 2,G5020,S,32768480,18884,40.4775174,-107.2451173,R
1324,08107000300,0.087654321,0.19218107,0.139487179,0.0,0.092301325,5.14709262295082,64.1335,0.010992331,124.10643850935747,10231.888213791955,419.0,0.30296457,0.0,0.056139194,0.0,0.01561116,48.19814430304272,3.133599415582128,2.0,8,107,300,08107000300,3.0,Census Tract 3,G5020,S,1314158181,1070789,40.3585588,-107.1531198,R
1325,08107000400,0.296144381,0.239039374,0.203076923,0.014246947,0.077929307,6.11246721311475,64.11508,0.036314213,0.331395709,142509.90204342536,46.0,0.029411765,0.0,0.0,0.0,1.284697373204009,303.85296503012705,6.595724969801276,15.013036206218024,8,107,400,08107000400,4.0,Census Tract 4,G5020,S,100176042,14499,40.5043596,-106.9413569,R
1326,08107000500,0.17489617,0.1757503,0.16,0.022282242,0.053203794,5.65645109289617,64.27627,0.036306167,0.223173302,230792.6110495595,326.0,0.158714703,0.0,0.0,0.0,0.699360697,541.8403349293294,6.533144830532235,0.0,8,107,500,08107000500,5.0,Census Tract 5,G5020,S,110251037,52795,40.4347424,-106.8771539,R
1327,08107000600,0.078231293,0.119387755,0.156923077,0.0,0.047959184,5.79771120218579,64.32741,0.033180725,0.205291586,207554.8945491757,0.0,0.0,0.0,0.0,0.0,3.257251930494215,680.8059749581787,5.780152204203018,0.0,8,107,600,08107000600,6.0,Census Tract 6,G5020,S,82751567,369369,40.5029771,-106.7542996,R
1328,08107000701,0.14650242,0.089968511,0.162051282,0.0,0.061490126,5.67617677595628,64.16948,0.042207312,0.176324843,229216.9398397992,0.0,0.0,0.0,0.0,0.0,3.37021723763133,190.58226715506504,8.380087546458054,0.0,8,107,701,08107000701,7.01,Census Tract 7.01,G5020,S,3620712,18908,40.4613338,-106.8098539,U
1329,08107000702,0.25739005,0.160778659,0.162051282,0.008498584,0.036770007,5.59865382513661,64.27429,0.027150933,0.164303212,150972.201545661,20.0,0.015209125,0.0,0.0,0.0,0.0,145.0346721354892,8.325837027178903,0.0,8,107,702,08107000702,7.02,Census Tract 7.02,G5020,S,750153,0,40.4467883,-106.8048425,U
1330,08107000703,0.187379266,0.222794591,0.162051282,0.0,0.034127495,5.42879568306011,64.20882,0.024044493,0.154942094,103936.09564404456,0.0,0.0,0.0,0.0,0.0,0.248409004,147.46194462367188,4.404615826967383,0.185781355,8,107,703,08107000703,7.03,Census Tract 7.03,G5020,S,147313398,240025,40.4399782,-106.7296763,R
1331,08107000800,0.136066289,0.103794156,0.165128205,0.0,0.068965517,4.8277250273224,63.73895,0.010226566,0.037437454,7038.896632151889,206.0,0.152592593,0.0,0.0,0.0,0.001792294,1257.8416637051291,2.423033517867386,0.130387539,8,107,800,08107000800,8.0,Census Tract 8,G5020,S,1499339065,6442864,40.1220219,-106.8436992,R
1332,08109977600,0.16745283,0.433124814,0.102564103,0.004662005,0.198507463,4.31792931693989,63.10284,0.00816649,0.03156867,6235.102417470277,448.0,0.196405085,0.003982638,0.007217104,0.0,0.006365794,246.53361090163392,2.587235173064117,0.0,8,109,977600,08109977600,9776.0,Census Tract 9776,G5020,S,7205986178,4314125,38.1324118,-106.2972506,R
1333,08109977700,0.693337688,0.440561724,0.203076923,0.084870849,0.102873939,4.55431065573771,62.70402,0.021049609,0.1517596,14544.951135396315,554.0,0.37156271,0.0,1.200852373472156,0.0,0.739707658,20667.367042927457,6.065626505785226,0.0,8,109,977700,08109977700,9777.0,Census Tract 9777,G5020,S,1000561521,140385,37.8576198,-106.3582168,R
1334,08111972600,0.215942029,0.337681159,,0.017804154,0.062318841,4.54675464480874,64.48509,0.006711937,0.34390496,6972.5411049299155,259.0,0.355281207,0.08760052,0.0,0.0,0.003703337,51.33131595632752,3.297523498535156,0.0,8,111,972600,08111972600,9726.0,Census Tract 9726,G5020,S,1003660672,2035929,37.7810492,-107.6702567,R
1335,08113968101,0.110634982,0.302709069,,0.0,0.054538372,4.58754863387978,64.76167,0.005570121,1.013069463937309,4339.876912290485,204.0,0.087931034,0.0,0.0,0.0,0.091105963,110.62941094408708,7.681555156314044,3.0,8,113,968101,08113968101,9681.01,Census Tract 9681.01,G5020,S,53656665,288172,37.9013629,-107.7871913,U
1336,08113968102,0.288971368,0.332449629,,0.116089613,0.029162248,4.55916256830601,64.65344,0.014842553,0.680111828,14869.611707518125,11.0,0.005522088,0.0,0.0,0.0,0.358539787,137.21244834901967,8.091666847300306,3.0,8,113,968102,08113968102,9681.02,Census Tract 9681.02,G5020,S,43732059,106598,37.9080027,-107.8594797,R
1337,08113968103,0.116682739,0.192419825,,0.0,0.040816327,4.50941038251366,64.38908,0.007722148,0.679382317,29505.306651332623,70.0,0.051395007,0.0,0.0,0.0,0.017958507,238.90624253020167,4.057226882393583,5.509918942615667,8,113,968103,08113968103,9681.03,Census Tract 9681.03,G5020,S,827899557,991507,37.9622487,-107.9945187,R
1338,08113968200,0.109967846,0.376046362,0.175384615,0.043115438,0.094533762,4.64524153005465,62.92062,0.007199008,0.04590979,940.362029948268,172.0,0.193258427,0.0,0.0,0.0,0.003866761,20.607594384910183,2.540830850601196,1.0,8,113,968200,08113968200,9682.0,Census Tract 9682,G5020,S,2407314314,3821305,38.0024365,-108.6004385,R
1339,08115968300,0.243831033,0.369224248,0.219487179,0.019065777,0.192878338,5.70895300546448,57.63588,0.057576388,0.022431206,33088.5293102844,742.0,0.602761982,0.0,0.03075236,0.0,0.113268004,10541.505149609076,6.632372104387711,0.280801793,8,115,968300,08115968300,9683.0,Census Tract 9683,G5020,S,1419419015,3530746,40.8715679,-102.3553579,R
1340,08117000101,0.061458333,0.232217573,,0.062618596,0.041666667,4.96296994535519,67.34049,0.02520135,7.888321317683616,181861.745260228,0.0,0.0,0.0,0.0,0.0,0.694765542,45360.30376279705,6.407117784360034,0.0,8,117,101,08117000101,1.01,Census Tract 1.01,G5020,S,3946132,0,39.6241176,-106.0931355,R
1341,08117000102,0.192152549,0.205353869,,0.040511727,0.020352035,5.09725092896175,67.67576,0.036281649,10.20854280107704,235050.20835782457,0.0,0.0,0.015047929,0.0,0.0,3.844710561459252,77261.77871755902,7.95024046192967,0.001969757,8,117,102,08117000102,1.02,Census Tract 1.02,G5020,S,69938365,233023,39.6718296,-105.9983314,R
1342,08117000103,0.373040752,0.003918495,,0.050108932,0.147335423,5.02129549180328,65.99221,0.013303406,10.069672671462335,114265.0974092549,75.0,0.052447552,0.020182832,0.0,0.0,0.060714948,47649.19136585345,3.84115191083539,0.0,8,117,103,08117000103,1.03,Census Tract 1.03,G5020,S,636305044,10249271,39.7466315,-106.2705296,R
1343,08117000201,0.312046444,0.423802612,0.154871795,0.0,0.034833091,5.06870133879781,68.86297,0.012759128,5.997436404921874,78915.84031645047,20.0,0.005427408,0.150957825,0.0,0.0,0.135478198,12195.467207943248,4.932413087536892,0.373348999,8,117,201,08117000201,2.01,Census Tract 2.01,G5020,S,234772880,99551,39.6034923,-105.9073845,R
1344,08117000202,0.446312178,0.475814751,0.154871795,0.175714286,0.01509434,5.03484923497268,67.73253,0.063058179,10.579216746935252,370091.7496446132,0.0,0.0,0.09414964,0.0,0.0,3.947191390568179,35911.57938631789,9.7014722556519,0.642805755,8,117,202,08117000202,2.02,Census Tract 2.02,G5020,S,1979143,0,39.6368465,-106.0436144,U
1345,08117000203,0.26935444,0.120517928,0.154871795,0.016871166,0.054167697,4.9682275136612,67.96021,0.025577808,8.163890002706058,135282.49342992867,62.0,0.023592085,0.022703667,0.0,0.0,0.648518541,24286.965628432343,6.937466553566828,3.376187864139349,8,117,203,08117000203,2.03,Census Tract 2.03,G5020,S,32711598,6684033,39.5731072,-106.015467,U
1346,08117000301,0.137983707,0.105397149,,0.05764411,0.100814664,4.92820032786885,67.59757,0.045749982,6.654077332311584,328292.31243695744,52.0,0.022520572,0.0,0.0,0.0,4.577450087044113,49183.60853928144,7.500543736663804,0.0,8,117,301,08117000301,3.01,Census Tract 3.01,G5020,S,10689414,6472685,39.5917065,-106.0681408,U
1347,08117000302,0.258588672,0.176893576,,0.0,0.104456825,4.72427628415301,67.14125,0.02257885,6.024049578142275,213478.0179289796,131.0,0.043348776,0.0,0.0,0.0,0.656223347,33206.154797783645,6.356171383056157,0.0,8,117,302,08117000302,3.02,Census Tract 3.02,G5020,S,259716895,3867315,39.4750498,-106.2020714,R
1348,08117000403,0.073011734,0.063233377,0.162051282,0.0,0.018252934,4.69425527322404,67.60762,0.009650468,2.37701742227027,85904.20211471233,16.0,0.006731174,0.0,0.0,0.0,0.287458341,28.514748508712927,7.125998378444363,3.751748807631161,8,117,403,08117000403,4.03,Census Tract 4.03,G5020,S,92156187,447196,39.4026883,-106.0957457,R
1349,08117000404,0.035161744,0.131739334,,0.0,0.132676981,4.87299778688525,68.37245,0.016589319,5.439107139747447,141144.34629247908,0.0,0.0,0.0,0.0,0.0,0.220229952,8723.287007671704,5.170655164713503,4.006976227093331,8,117,404,08117000404,4.04,Census Tract 4.04,G5020,S,107836455,0,39.5138751,-105.9594436,R
1350,08117000405,0.195479963,0.221361502,,0.0,0.089468779,4.77673371584699,67.97878,0.013625142,4.389365731955894,108181.85069470704,126.0,0.043478261,0.0,0.0,0.0,0.581842258,32.28147986948355,7.061194349881324,5.0,8,117,405,08117000405,4.05,Census Tract 4.05,G5020,S,66929050,257862,39.45265,-105.972888,R
1351,08117000406,0.204417952,0.217701642,0.162051282,0.028056112,0.056031406,4.79354349726776,67.64598,0.015306493,4.655135626858497,165097.41486489677,126.0,0.026554268,0.0,0.0,0.0,0.92240911,8024.402905196627,7.009883738887738,4.522900155322793,8,117,406,08117000406,4.06,Census Tract 4.06,G5020,S,58582074,0,39.5097786,-106.0760143,R
1352,08119010104,0.186704385,0.245229008,0.203076923,0.0,0.130872483,5.18325491803279,73.26426999999998,0.025822312,12.754630143606914,244766.0094334392,145.0,0.135261194,0.0,0.0,0.0,1.990379240866036,0.000334899,6.238171273019351,22.0,8,119,10104,08119010104,101.04,Census Tract 101.04,G5020,S,12957878,1969,38.9705102,-105.0587083,U
1353,08119010107,0.145215445,0.186345831,0.18974359,0.0,0.104364857,5.22384945355191,73.54098999999998,0.022582184,12.329755759891755,152997.52282277925,99.0,0.063747585,0.0,0.0,0.0,2.627574786928858,0.000332327,5.38630983732225,18.14227356063138,8,119,10107,08119010107,101.07,Census Tract 101.07,G5020,S,9767028,0,38.9948743,-105.0390856,U
1354,08119010108,0.178502879,0.14374067,0.18974359,0.0,0.1081254,5.17984426229508,73.50316999999998,0.016565418,10.665284989269637,104114.03446038428,53.0,0.029725182,0.0,0.0,0.0,0.647476063,0.000506464,4.745125924768829,22.0,8,119,10108,08119010108,101.08,Census Tract 101.08,G5020,S,25015754,0,39.0236283,-105.0639316,U
1355,08119010109,0.161722877,0.117025599,0.138461538,0.0,0.163874132,4.89868295081967,70.34049,0.011658213,6.068760412105462,11012.072207490246,91.0,0.053403756,0.0,0.0,0.0,0.03922517,0.223727973,2.069871503395325,8.321020662581894,8,119,10109,08119010109,101.09,Census Tract 101.09,G5020,S,96409420,3050,38.8949197,-105.2823829,R
1356,08119010110,0.073351903,0.40505145,0.138461538,0.0,0.125818522,5.03576174863388,71.90262,0.013210053,12.600495684933447,30316.281089770884,101.0,0.089380531,0.0,0.0,0.019833885,0.172108107,511.36614476494793,3.031537695266802,33.74280807213397,8,119,10110,08119010110,101.1,Census Tract 101.10,G5020,S,238917679,2026829,38.8916257,-105.1278176,R
1357,08119010111,0.085020243,0.17699776,0.153846154,0.0,0.185130659,5.00565740437158,72.65202999999998,0.01475856,7.381888360672979,44033.575738543244,161.0,0.099199014,0.0,0.0,0.0,0.0285162,0.184687853,2.88290595613221,3.355616362814995,8,119,10111,08119010111,101.11,Census Tract 101.11,G5020,S,383054398,238558,39.0466722,-105.1897136,R
1358,08119010112,0.19460301,0.165801764,0.153846154,0.015517241,0.145303581,4.93194846994535,71.21634,0.014092455,4.887542985187499,28989.08103586224,79.0,0.037019681,0.0,0.0,0.0,0.198039032,0.328635899,4.089114404767752,2.23125,8,119,10112,08119010112,101.12,Census Tract 101.12,G5020,S,95029682,0,38.9706166,-105.2427587,R
1359,08119010203,0.179736512,0.32705206,,0.0,0.16091954,5.01279808743169,70.7464,0.010289989,25.993558961061574,16062.106119950076,671.0,0.283601014,0.0,0.0,0.22058332,0.02746465,6196.952333075524,2.129723615056282,1.26270103340167,8,119,10203,08119010203,102.03,Census Tract 102.03,G5020,S,581665431,2689791,38.7374079,-105.1421148,R
1360,08121924100,0.149408983,0.355755566,0.179487179,0.032438479,0.124349882,6.12163961748634,62.59185,0.02618042,7.952813138270894,68799.39384246027,537.0,0.523902439,0.0,0.022260971,0.01387073,0.0044159,3794.9754909434064,2.948919986899832,0.0,8,121,924100,08121924100,9241.0,Census Tract 9241,G5020,S,4629972026,6913167,39.8725436,-103.1535534,R
1361,08121924200,0.139526277,0.251506629,0.176410256,0.022007042,0.114905585,6.31301174863388,63.37862,0.034366872,2.390888288552102,36733.74163621495,623.0,0.491324921,0.0,0.0,0.0,0.135151503,832.2667618577572,6.817615755558885,0.0,8,121,924200,08121924200,9242.0,Census Tract 9242,G5020,S,1891834769,8294230,40.1924453,-103.2647949,R
1362,08123000100,0.502517986,0.733810091,0.224615385,0.096219931,0.188311688,9.04612868852459,69.31877,0.203953145,19.018921749016208,938734.2884571048,460.0,0.335032775,0.0,2.277731435206962,0.0,7.774268638604413,20251.40731542757,14.97267305163496,0.0,8,123,100,08123000100,1.0,Census Tract 1,G5020,S,1491496,0,40.4222993,-104.6919322,U
1363,08123000200,0.449237849,0.569129179,,0.076280042,0.106988783,9.120005464480872,69.38399,0.205279535,19.115661044898207,939234.1721767144,293.0,0.266848816,0.0,2.168415600818515,0.0,7.663356975131492,18929.068097410043,15.146049517432315,0.0,8,123,200,08123000200,2.0,Census Tract 2,G5020,S,889467,0,40.4097833,-104.6902228,U
1364,08123000300,0.379949875,0.0,,0.0,0.115789474,9.20795928961749,69.57173,0.216118897,19.36894336,812917.6865717181,0.0,0.0,0.0,2.052128960925455,0.0,3.969165227071704,19862.128579397635,14.671600341796877,0.0,8,123,300,08123000300,3.0,Census Tract 3,G5020,S,627761,0,40.4027748,-104.7016135,U
1365,08123000401,0.302056555,0.340855507,0.194871795,0.0,0.116372124,9.19972704918033,69.49107,0.218314879,19.425794459688376,861379.5365856624,813.0,0.6,0.0,1.941568835941667,0.0,0.986608616,21918.93996276604,14.291627714166744,0.0,8,123,401,08123000401,4.01,Census Tract 4.01,G5020,S,1799042,11169,40.4093169,-104.7080594,U
1366,08123000402,0.46430419,0.423468057,0.175384615,0.024426351,0.126789898,9.13321393442623,69.37143,0.212127858,19.154417690449367,858857.9839548899,827.0,0.594536305,0.0,2.084416842633515,0.0,6.642808611026915,22925.622362868555,14.37730744053686,0.0,8,123,402,08123000402,4.02,Census Tract 4.02,G5020,S,1636432,0,40.4182521,-104.7061518,U
1367,08123000501,0.875427594,0.673888255,0.207179487,0.130108424,0.146522235,9.037227049180332,69.26405,0.217458152,19.02328368813814,608618.2159945052,245.0,0.200327065,0.0,2.4457390122404,0.0,2.347985012980035,25590.108530512283,13.814564063384369,0.0,8,123,501,08123000501,5.01,Census Tract 5.01,G5020,S,984955,0,40.4323195,-104.7092434,U
1368,08123000502,0.696027182,0.595263438,0.202051282,0.252600297,0.108058608,9.06529480874317,69.31993,0.210573449,18.991510094235394,844776.8525191895,798.0,0.533066132,0.0,2.368261634746447,0.0,6.587654862892316,23331.435097490183,14.497845986984547,0.0,8,123,502,08123000502,5.02,Census Tract 5.02,G5020,S,1355032,0,40.4266675,-104.7046709,U
1369,08123000600,0.678685048,0.57662624,0.219487179,0.151898734,0.191841235,8.91783442622951,69.04457,0.166116434,20.06082709,490275.81001475255,46.0,0.173584906,0.0,3.420891627022766,0.0,1.855509082029556,23576.522090407845,11.654558181762695,0.0,8,123,600,08123000600,6.0,Census Tract 6,G5020,S,4736002,93911,40.443058,-104.7043493,U
1370,08123000701,0.788028556,0.473366282,0.208205128,0.128813559,0.139303483,8.98429398907104,69.2957,0.201357024,20.656708306800965,807416.6081382227,419.0,0.6546875,0.0,2.376368684516055,0.0,6.990789871792574,18675.42843324863,15.223852130639862,0.0,8,123,701,08123000701,7.01,Census Tract 7.01,G5020,S,3275606,0,40.4257383,-104.6839281,U
1371,08123000703,0.781937696,0.505762028,0.184615385,0.130288462,0.071591883,9.047080054644812,69.48435,0.210292275,18.377039896175287,584693.5588994526,45.0,0.021551724,0.0,2.580516779004677,0.0,4.008919789258851,15621.249869330752,12.826623986785869,0.0,8,123,703,08123000703,7.03,Census Tract 7.03,G5020,S,5451123,67930,40.4028625,-104.6615678,U
1372,08123000704,0.672091131,0.327095199,,0.052910053,0.087876322,9.16382841530055,69.64926,0.229010561,18.7971691,587590.1935634649,4.0,0.010582011,0.0,4.724140237955244,0.0,0.172417526,15285.48455281274,11.25660800933838,0.0,8,123,704,08123000704,7.04,Census Tract 7.04,G5020,S,1727367,164823,40.3855839,-104.6715288,R
1373,08123000705,0.447160316,0.307692308,0.236923077,0.0,0.099928109,8.90179836065574,69.42388,0.144176603,16.718743872721134,345079.8361855534,155.0,0.230654762,0.0,2.014375340406509,0.0,0.501803754,10577.233508935235,8.032614975825584,0.0,8,123,705,08123000705,7.05,Census Tract 7.05,G5020,S,85571572,3559447,40.3951981,-104.6256426,R
1374,08123000800,0.357081298,0.584772647,0.249230769,0.035294118,0.172994489,9.184159562841527,69.57863,0.217139283,19.008133987046225,947971.4225443577,778.0,0.550212164,0.0,2.438004952929182,0.0,4.130477074984807,18114.27270202632,15.463642672657569,0.0,8,123,800,08123000800,8.0,Census Tract 8,G5020,S,1824013,0,40.3991364,-104.6900432,U
1375,08123000900,0.401437372,0.23100616,0.169230769,0.014519056,0.112594114,9.260868306010932,69.63474,0.248109864,19.77854248547596,1029670.1637283328,430.0,0.378854626,0.0,2.031511024355338,0.0,3.477842004222868,20058.672610726506,14.271186918458948,0.0,8,123,900,08123000900,9.0,Census Tract 9,G5020,S,1494108,0,40.3963791,-104.7068242,U
1376,08123001003,0.739070726,0.591569087,0.221538462,0.09408773,0.125491102,9.29326284153005,69.78325,0.254395765,20.047455312082462,880265.0335194998,87.0,0.052536232,0.0,2.086877569080162,0.0,3.953733417976268,19168.213567036702,13.869379567720742,0.0,8,123,1003,08123001003,10.03,Census Tract 10.03,G5020,S,1247452,0,40.3885504,-104.7067039,U
1377,08123001004,0.641689716,0.522222222,0.236923077,0.143945164,0.116167966,9.25917540983607,69.78987,0.2389642,19.78278783767542,803033.9611366768,278.0,0.185086551,0.0,2.721402294498303,0.0,7.19832943257685,16694.98958967934,14.465105689398134,0.0,8,123,1004,08123001004,10.04,Census Tract 10.04,G5020,S,4357763,65877,40.3813517,-104.6861401,U
1378,08123001005,0.542429285,0.278345614,0.216410256,0.065120065,0.111956263,9.4043131147541,69.93813,0.262382511,26.69332246077868,602534.9812031221,22.0,0.008754477,0.0,2.021998677502642,0.0,1.50815835277595,21266.951654919085,11.715314410936124,0.0,8,123,1005,08123001005,10.05,Census Tract 10.05,G5020,S,8037176,152576,40.3726659,-104.7223,R
1379,08123001006,0.583173262,0.388532556,0.184615385,0.034068136,0.126200538,9.32961038251366,69.80604,0.264828027,20.59445327376976,672786.9549247624,119.0,0.075603558,0.0,2.025408953341815,0.0,2.84829930615787,18254.467814890173,13.170620438537474,0.0,8,123,1006,08123001006,10.06,Census Tract 10.06,G5020,S,2788328,0,40.3774968,-104.7056301,U
1380,08123001100,0.504907735,0.366746221,0.218461538,0.102170461,0.127601099,9.292137431693988,69.66575,0.246440762,21.9258928687582,937997.5571562266,208.0,0.103844234,0.0,1.585458234465299,0.0,1.578764805033044,24781.887783491016,13.368665514801409,0.0,8,123,1100,08123001100,11.0,Census Tract 11,G5020,S,2504709,47932,40.3989779,-104.726111,U
1381,08123001201,0.608630634,0.370529021,0.224615385,0.040046431,0.146336253,9.185062568306012,69.45007,0.22439548,19.388498606195466,888639.7260246957,156.0,0.08496732,0.0,1.825598061457115,0.0,5.332303104960491,29947.532500182853,13.396693301658564,0.0,8,123,1201,08123001201,12.01,Census Tract 12.01,G5020,S,1503898,0,40.418756,-104.725427,U
1382,08123001202,0.312154696,0.137758744,0.242051282,0.0,0.199857245,9.23481475409836,69.51914,0.224584912,19.76771114850262,821116.7832833251,72.0,0.061172472,0.0,1.709445237868243,0.0,0.361914799,27953.163871364333,13.173369948235909,0.0,8,123,1202,08123001202,12.02,Census Tract 12.02,G5020,S,1474995,2387,40.4112297,-104.7242951,U
1383,08123001300,0.661903441,0.457207207,0.224615385,0.095815409,0.160326853,9.04702923497268,69.25042,0.209687844,20.135669054341108,678467.6605237934,232.0,0.088414634,0.0,2.701724507321599,0.052957568,2.934691550248304,33367.49705628566,12.357770487310573,0.0,8,123,1300,08123001300,13.0,Census Tract 13,G5020,S,4724168,70184,40.4347086,-104.7269862,U
1384,08123001404,0.466165414,0.455424275,0.174358974,0.007662835,0.161833154,9.56491475409836,70.29298,0.227349766,29.364226200205728,400931.91264598945,67.0,0.061355311,0.0,1.513564706574579,0.126149015,0.248187593,25206.27479748264,9.183845273961907,0.0,8,123,1404,08123001404,14.04,Census Tract 14.04,G5020,S,17750467,179700,40.3678071,-104.7739163,U
1385,08123001405,0.403654485,0.273048173,0.175384615,0.0,0.083471761,9.46276010928962,70.03288,0.24705607,27.469936746064256,618993.1093842369,15.0,0.009499683,0.0,1.313172933665501,0.085266552,0.147320141,27628.681905903428,11.83102417046902,0.0,8,123,1405,08123001405,14.05,Census Tract 14.05,G5020,S,3847713,0,40.3815486,-104.7612254,U
1386,08123001406,0.22883373,0.297643443,0.166153846,0.0,0.137807377,9.45623633879781,70.10014,0.232046838,27.392243218649625,655849.2658208539,22.0,0.007815275,0.0,1.224217803231992,0.223599996,1.051924122121587,31462.29560062352,11.36848300899632,0.0,8,123,1406,08123001406,14.06,Census Tract 14.06,G5020,S,7357025,0,40.3876114,-104.7834712,U
1387,08123001407,0.263386728,0.145995423,0.156923077,0.036627505,0.067505721,9.39971639344262,69.84578,0.214683151,28.308388850333333,491368.74636072497,32.0,0.020915033,0.0,1.055781949961251,0.735743208,0.728608285,67355.54276405873,10.64488763809204,0.0,8,123,1407,08123001407,14.07,Census Tract 14.07,G5020,S,4039392,0,40.4007214,-104.7945307,U
1388,08123001408,0.196068013,0.112416107,0.180512821,0.008379888,0.116125482,9.38159699453552,69.87158,0.222387792,26.16605952,659096.0229501042,24.0,0.03230148,0.0,1.34191611346351,0.320692051,1.083257472849709,39782.50402593076,10.719778060913086,0.0,8,123,1408,08123001408,14.08,Census Tract 14.08,G5020,S,3247721,0,40.3988473,-104.7683557,U
1389,08123001409,0.406065279,0.290156772,0.188717949,0.034098361,0.090932509,9.3409218579235,69.68061,0.232445277,26.350720683196688,768950.7049059686,29.0,0.017565112,0.0,1.409259378376162,0.144262731,2.006683504426864,32386.723024200062,12.908191193790552,0.0,8,123,1409,08123001409,14.09,Census Tract 14.09,G5020,S,2872639,0,40.3995172,-104.7457128,U
1390,08123001410,0.278032386,0.09266055,0.141538462,0.005944518,0.147706422,9.2540131147541,69.57373,0.222335467,24.619207223675417,722793.8430994942,8.0,0.004938272,0.0,1.727933756040304,0.258140291,2.610298843376992,39690.18016286394,12.819237754566856,0.0,8,123,1410,08123001410,14.1,Census Tract 14.10,G5020,S,3075777,0,40.4143845,-104.7455235,U
1391,08123001411,0.316779533,0.204288939,,0.0,0.132806622,9.292617213114752,69.64681,0.216040212,26.29818241,662163.3625451756,6.0,0.005059022,0.0,1.499294102593081,0.544565456,1.133473229344902,68440.9274485255,11.264327049255373,0.0,8,123,1411,08123001411,14.11,Census Tract 14.11,G5020,S,2575107,0,40.4141393,-104.765725,U
1392,08123001412,0.19622216,0.146826557,0.222564103,0.001452433,0.171687628,9.31667677595628,69.72077,0.215002477,27.93059693875219,514054.3866918997,6.0,0.004291845,0.0,1.135903678329107,0.774301086,0.991708613,168600.30943988785,11.014059951771106,0.0,8,123,1412,08123001412,14.12,Census Tract 14.12,G5020,S,5245952,0,40.4140966,-104.7943143,U
1393,08123001413,0.324417601,0.292493529,0.187692308,0.013669821,0.176445211,9.18824153005465,69.3829,0.222923059,22.940429024165788,735679.7767572796,105.0,0.098870056,0.0,1.909546196067414,0.203826991,2.678758970017679,48255.649385374,13.046385425835815,0.0,8,123,1413,08123001413,14.13,Census Tract 14.13,G5020,S,1419325,0,40.4257039,-104.7454963,U
1394,08123001414,0.263485477,0.109342271,0.179487179,0.0,0.090492077,9.22442131147541,69.46573,0.216235224,26.65750317,652688.9394187644,6.0,0.006984866,0.0,1.50015878922511,0.554434286,0.929674029,85853.53667661073,12.296187400817873,0.0,8,123,1414,08123001414,14.14,Census Tract 14.14,G5020,S,1404381,0,40.4253305,-104.7653506,U
1395,08123001415,0.259249034,0.160960795,0.157948718,0.0,0.089672404,9.15212049180328,69.37509,0.188224148,26.450534567704096,501407.85524993786,16.0,0.013686912,0.0,1.568694852594377,0.565564358,0.0,128718.6372689988,11.026487282704895,0.0,8,123,1415,08123001415,14.15,Census Tract 14.15,G5020,S,2213519,0,40.4352831,-104.761177,R
1396,08123001416,0.271966527,0.180195258,0.127179487,0.005416385,0.135792121,9.16275737704918,69.36875,0.175440928,31.228466690883607,453820.57225945336,37.0,0.024310118,0.0,1.216380445489301,0.850696651,0.33900879,223121.53654903444,9.369657227064618,0.0,8,123,1416,08123001416,14.16,Census Tract 14.16,G5020,S,15337843,411544,40.4390844,-104.77776,U
1397,08123001417,0.495736214,0.262649233,0.172307692,0.0,0.12819784,9.1228912568306,69.34604,0.208241075,21.24729052478344,533974.195462402,25.0,0.022401434,0.0,2.80073729310458,0.260843645,0.140607905,54178.68557581944,12.05341252336915,0.0,8,123,1417,08123001417,14.17,Census Tract 14.17,G5020,S,1772911,19098,40.4322991,-104.7445787,R
1398,08123001500,0.303752469,0.196409715,0.192820513,0.00507958,0.115997367,8.33577595628415,68.47761,0.090345249,16.832745746057096,110321.60580646544,718.0,0.232512953,0.0,0.944897782,0.141447074,1.323604226475893,13841.654604180287,6.117034659525875,0.0,8,123,1500,08123001500,15.0,Census Tract 15,G5020,S,169556191,1261313,40.5002661,-104.6925997,R
1399,08123001600,0.182308522,0.201995685,0.212307692,0.026315789,0.152226721,8.54420245901639,69.23447,0.102501099,12.107162404264376,84818.49534171539,425.0,0.275437459,0.0,1.116710514775705,0.0,0.269106764,1106.7668679962203,6.284651786261673,0.0,8,123,1600,08123001600,16.0,Census Tract 16,G5020,S,240893683,2007864,40.3888036,-104.5351781,R
1400,08123001700,0.471474132,0.206363313,0.097435897,0.055764075,0.104358611,9.585057923497272,70.89162,0.195433644,32.74210491365618,325690.5530996255,558.0,0.287777205,0.0,1.592725783910407,0.045671652,0.185123833,9558.826372053329,6.396118557979669,2.844127550009903,8,123,1700,08123001700,17.0,Census Tract 17,G5020,S,170058535,1553702,40.2977825,-104.7252027,R
1401,08123001800,0.42607084,0.184925865,0.172307692,0.007692308,0.078047776,9.707427322404373,72.223,0.141608862,85.8578393747689,129113.0443536952,268.0,0.142477406,0.0,0.924065452,0.172577629,0.649934799,2895.037599026941,6.765531797630395,0.0,8,123,1800,08123001800,18.0,Census Tract 18,G5020,S,323122256,8774890,40.2047346,-104.7452989,R
1402,08123001905,0.656090873,0.377414269,0.173333333,0.137535817,0.152080063,9.89551338797814,73.78019,0.174355263,596.8657384520372,178758.76116703812,339.0,0.191201354,0.0,0.445448267,1.210051727814719,1.560844085159358,5431.246225426339,9.027280277833468,18.753319373558632,8,123,1905,08123001905,19.05,Census Tract 19.05,G5020,S,7053449,0,40.0875353,-104.796736,R
1403,08123001906,0.632210166,0.452884066,,0.093869732,0.174186179,9.8934306010929,73.41517,0.164709558,175.1238358,93886.61618514797,57.0,0.104779412,0.0,0.64201992,0.590725535,0.066156897,3345.493215813442,5.558030605316162,1.0,8,123,1906,08123001906,19.06,Census Tract 19.06,G5020,S,44362193,341699,40.1291647,-104.8237221,R
1404,08123001909,0.508196721,0.379391101,0.188717949,0.0,0.107728337,9.983281967213108,74.69915,0.197623205,1371.469447,285025.07531505683,123.0,0.551569507,0.0,0.333456824,0.697566196,0.166786665,15294.997160665824,6.065590381622314,0.985185185,8,123,1909,08123001909,19.09,Census Tract 19.09,G5020,S,33871597,249376,40.0336024,-104.8575105,R
1405,08123001910,0.493193717,0.517548455,0.188717949,0.050420168,0.163874346,9.95993551912568,73.97553999999998,0.195222228,1084.2351151136475,312182.2187713755,363.0,0.457178841,0.0,0.476442836,0.896847842,5.39741354656215,8310.9080485933,9.866242990729994,15.645458960660514,8,123,1910,08123001910,19.1,Census Tract 19.10,G5020,S,42563720,331618,40.0879361,-104.8437548,R
1406,08123001911,0.402116402,0.250440917,0.182564103,0.026086957,0.268077601,9.880299180327873,74.28769,0.168983191,1185.068935,287587.33769512,121.0,0.256355932,0.0,0.382585694,0.735889781,0.178000067,6704.442479878864,7.396646976470947,0.230769231,8,123,1911,08123001911,19.11,Census Tract 19.11,G5020,S,32981040,235511,40.0258281,-104.7835375,R
1407,08123001912,0.558139535,0.284098052,0.182564103,0.008865248,0.125707102,9.86855,73.79313,0.185412802,885.0452904497469,303307.3620724934,146.0,0.258865248,0.0,0.430408772,0.580101149,2.404617500828595,9231.56020504313,9.306058955096042,21.0,8,123,1912,08123001912,19.12,Census Tract 19.12,G5020,S,17442766,64389,40.0729015,-104.7885056,R
1408,08123001913,0.565910413,0.175195244,0.201025641,0.067013663,0.101803374,9.72938442622951,73.86132999999998,0.157677602,791.8139022594489,215044.16651424664,102.0,0.032278481,0.0,0.385412296,0.244288483,0.121523711,1903.032744540356,7.911354407973581,0.0,8,123,1913,08123001913,19.13,Census Tract 19.13,G5020,S,31968948,58332,40.0371911,-104.7257249,R
1409,08123001914,0.280347964,0.112199102,0.201025641,0.0,0.128110975,9.59256475409836,72.98789999999998,0.138897195,76.23234023,95301.74149199278,200.0,0.257731959,0.0,1.188913933937862,0.371632768,0.076748148,1966.7571282799263,6.130590438842773,1.0,8,123,1914,08123001914,19.14,Census Tract 19.14,G5020,S,121425674,379269,40.1094807,-104.6878,R
1410,08123002004,0.402800325,0.266233766,0.236923077,0.0609256,0.078327922,9.902701092896168,74.17803999999998,0.205035664,1451.6513720745004,260747.80726102783,82.0,0.047126437,0.0,0.363717996,0.660160512,2.347381142926727,4120.083301357,9.057890567590848,0.0,8,123,2004,08123002004,20.04,Census Tract 20.04,G5020,S,10187616,0,40.0802278,-104.9419367,R
1411,08123002005,0.266809728,0.118741059,,0.013761468,0.071530758,9.839750546448093,74.73493,0.264235444,1669.680321,432407.747500775,6.0,0.012765957,0.0,0.216581825,0.454122556,0.032272096,7742.844001985459,7.497284889221191,,8,123,2005,08123002005,20.05,Census Tract 20.05,G5020,S,18421979,16325,40.0416936,-104.9579437,R
1412,08123002006,0.376623377,0.041125541,,0.0,0.077922078,9.93536803278688,74.69043,0.193192446,1469.394761,298860.5662754915,32.0,0.235294118,0.0,0.306080324,0.579904609,0.0,16849.497622381117,5.863511562347412,,8,123,2006,08123002006,20.06,Census Tract 20.06,G5020,S,39773849,162894,40.0353669,-104.9127103,U
1413,08123002007,0.209037901,0.075554259,0.155897436,0.003212851,0.080174927,9.425637431693993,75.10470999999998,0.209222598,2412.0609144567934,437650.38030183135,254.0,0.102008032,0.0,0.0,0.377494483,0.311629576,7036.875766338928,5.255937209501596,0.0,8,123,2007,08123002007,20.07,Census Tract 20.07,G5020,S,11201731,9385,40.0370203,-105.0446706,R
1414,08123002008,0.213352922,0.080032868,0.157948718,0.0,0.068857847,9.58229890710382,75.3604,0.225698695,2431.930244229831,509024.5293488189,42.0,0.019004525,0.0,0.0,0.389356902,0.589041723,5188.172282534005,8.434297521779811,0.0,8,123,2008,08123002008,20.08,Census Tract 20.08,G5020,S,3859573,0,40.0075687,-105.0226374,U
1415,08123002009,0.162779074,0.061258554,,0.0,0.042485838,9.638571038251373,74.76832,0.234771455,2006.968539,453660.91116771474,19.0,0.009895833,0.0,0.319176446,0.848201874,0.23948732,6815.745268564528,6.736513137817383,0.0,8,123,2009,08123002009,20.09,Census Tract 20.09,G5020,S,42751757,5459,40.0509093,-105.0062175,R
1416,08123002010,0.545155993,0.283772652,0.181538462,0.018315018,0.11001642,9.654200819672132,73.9008,0.220647494,1539.763508,560097.4529061299,41.0,0.049338147,0.0,1.36504640101655,1.662557963222274,0.390933517,2291.096800330915,6.403322696685791,0.0,8,123,2010,08123002010,20.1,Census Tract 20.10,G5020,S,40458808,608590,40.1186141,-105.0306935,R
1417,08123002011,0.277479893,0.054512958,,0.04735376,0.04691689,9.75204781420765,74.12157,0.256572004,1681.149644,417983.13940701954,0.0,0.0,0.0,0.390341522,0.660468658,0.487776644,807.0941166958441,7.996793270111084,1.0,8,123,2011,08123002011,20.11,Census Tract 20.11,G5020,S,3849429,15862,40.0943673,-104.9967345,R
1418,08123002012,0.198558847,0.066773934,,0.0,0.065652522,9.81638114754098,73.92695999999998,0.270608554,1569.068038,396449.3936916013,0.0,0.0,0.0,0.747706364,1.116312168828587,0.474136606,1317.996898691791,7.512420654296875,1.0,8,123,2012,08123002012,20.12,Census Tract 20.12,G5020,S,8103960,0,40.1094181,-104.9707424,U
1419,08123002013,0.250432633,0.102348578,0.194871795,0.0,0.08974042,9.8654456284153,73.87571,0.204127112,1648.3413034797786,249554.67711949337,15.0,0.011885895,0.0,0.671171243,1.132256876183538,0.321157146,1172.8664646526308,6.742267101560875,1.0,8,123,2013,08123002013,20.13,Census Tract 20.13,G5020,S,7794780,189947,40.1058001,-104.9532371,U
1420,08123002014,0.440627085,0.082388259,0.204102564,0.005940594,0.097731821,9.90947786885246,74.03381,0.193924568,1475.886115,215431.5144568669,167.0,0.157250471,0.0,0.400992363,0.769641291,2.362064925067082,3473.9324770453036,8.74174976348877,1.0,8,123,2014,08123002014,20.14,Census Tract 20.14,G5020,S,2352123,0,40.0951205,-104.9326915,U
1421,08123002015,0.108497724,0.170542636,,0.0,0.065250379,9.96276120218579,74.02661,0.183279866,1312.086834,179438.06307306807,12.0,0.025316456,0.0,0.477879471,0.813309388,0.0,3949.0444981000624,7.479450225830078,1.0,8,123,2015,08123002015,20.15,Census Tract 20.15,G5020,S,6445892,25533,40.093332,-104.903311,R
1422,08123002016,0.270924468,0.182852143,,0.0,0.104111986,9.944297814207648,73.82088,0.187084542,1764.2970566739127,200584.89247370875,116.0,0.085672083,0.0,0.594897355,1.024497240011906,0.308600596,2785.4488916568093,7.318208786271374,0.909937888,8,123,2016,08123002016,20.16,Census Tract 20.16,G5020,S,15202949,141814,40.1199084,-104.922526,R
1423,08123002017,0.103395062,0.041666667,,0.0,0.061728395,9.76169426229508,73.85465,0.278582995,1572.519479,426460.7040625177,0.0,0.0,0.0,0.889165977,1.167314880431001,0.0,455.200607204149,7.245086669921875,1.0,8,123,2017,08123002017,20.17,Census Tract 20.17,G5020,S,6357725,0,40.1205364,-104.9895796,U
1424,08123002018,0.173699706,0.066241413,0.246153846,0.0,0.088812561,9.83003415300546,73.52386,0.230158663,1597.64845,270090.8538191944,8.0,0.011049724,0.0,0.811699199,1.103501872837917,0.0,579.2591795765967,6.642133235931396,1.0,8,123,2018,08123002018,20.18,Census Tract 20.18,G5020,S,2636609,0,40.135066,-104.9611638,U
1425,08123002019,0.355583918,0.124601047,0.218461538,0.017414861,0.150825125,9.79740409836065,73.22056999999998,0.220890972,645.56186645366,305660.4414722932,21.0,0.007689491,0.0,1.030078609653714,1.069423372280345,0.694626292,1175.1421992192663,7.593483301932626,0.0,8,123,2019,08123002019,20.19,Census Tract 20.19,G5020,S,12930567,1566710,40.1565296,-104.9554392,U
1426,08123002020,0.332901973,0.084315353,0.167179487,0.0,0.069718538,9.850081420765028,73.22394,0.190870649,494.42932492750975,181184.83304624783,0.0,0.0,0.0,0.749644087,0.817866741,0.226518986,996.4768945310944,7.07267387182181,0.0,8,123,2020,08123002020,20.2,Census Tract 20.20,G5020,S,5055872,35891,40.1649618,-104.926844,R
1427,08123002021,0.075912409,0.110948905,,0.0,0.054331865,9.90159234972678,73.34242999999998,0.174785176,1294.459181,166571.1970169689,20.0,0.076335878,0.0,0.694325556,1.303657198124065,0.0,1948.8328657162629,5.869460582733154,0.0,8,123,2021,08123002021,20.21,Census Tract 20.21,G5020,S,18148691,75370,40.1532778,-104.9117926,R
1428,08123002101,0.263323643,0.222383721,0.193846154,0.006142216,0.107881137,9.58964726775956,70.683,0.182431063,36.20248630763647,179228.68470788197,329.0,0.075528007,0.0,0.51117287,0.463662663,0.622939378,93076.21992708532,7.8985881115439,0.0,8,123,2101,08123002101,21.01,Census Tract 21.01,G5020,S,111767214,905198,40.3495427,-104.8573848,R
1429,08123002104,0.145264381,0.125508425,0.153846154,0.030927835,0.124927368,9.33070027322404,71.59404,0.161267886,46.54398853,310795.9714942008,145.0,0.242474916,0.0,0.225697678,0.440637799,0.164705733,1006.8423333148143,6.393628120422363,0.0,8,123,2104,08123002104,21.04,Census Tract 21.04,G5020,S,81438478,1638869,40.3022976,-105.0033697,R
1430,08123002105,0.302480563,0.137265813,0.153846154,0.0,0.063439065,9.64220464480874,73.04756,0.191187643,277.4493208,475382.0614218201,32.0,0.017066667,0.0,1.213486984686836,1.146509890728338,0.241008943,1063.3945445444483,7.551547050476074,0.0,8,123,2105,08123002105,21.05,Census Tract 21.05,G5020,S,40553817,4763738,40.1836062,-105.0016865,R
1431,08123002106,0.175028121,0.096737908,0.153846154,0.0,0.096287964,9.6283325136612,72.42205,0.194446196,65.21688258374277,289918.16410265316,107.0,0.067337948,0.0,1.236669415199335,1.163870153956855,0.220660337,1048.3256514908253,6.177076682091546,0.0,8,123,2106,08123002106,21.06,Census Tract 21.06,G5020,S,85443748,2118735,40.235717,-104.976439,R
1432,08123002107,0.058512397,0.12,0.138461538,0.0,0.110247934,9.426141803278687,70.71824,0.218077556,38.23369174798478,218826.87427497405,95.0,0.047523762,0.0,0.064815176,0.55842738,0.675506802,2826.1573271658444,7.608845880441651,0.0,8,123,2107,08123002107,21.07,Census Tract 21.07,G5020,S,35306754,298101,40.3563731,-104.9407667,R
1433,08123002108,0.298342541,0.23376791,0.138461538,0.013529646,0.07593473,9.63877103825137,71.48289,0.171200182,39.58824709560764,100341.17583743347,352.0,0.13836478,0.0,0.144812836,0.289799065,0.171598265,3920.5444424892385,6.073303633962115,0.0,8,123,2108,08123002108,21.08,Census Tract 21.08,G5020,S,37183662,542078,40.2973413,-104.912144,R
1434,08123002203,0.176936122,0.136505239,0.165128205,0.0,0.090729226,8.9088106557377,69.38628,0.171213893,179.8331302,292719.1307763162,108.0,0.087378641,0.0,0.530543482,1.744707452627673,0.396587705,18637.86729478371,7.159059047698975,0.0,8,123,2203,08123002203,22.03,Census Tract 22.03,G5020,S,19793493,687449,40.4703769,-104.8786375,R
1435,08123002204,0.055609756,0.115609756,,0.0,0.126829268,9.026353551912567,69.63085,0.191751062,68.37709622077332,263785.4686440934,15.0,0.016987542,0.0,0.57804981,3.101934348890576,0.899461226,16424.483595928872,7.275004049036571,0.0,8,123,2204,08123002204,22.04,Census Tract 22.04,G5020,S,1520453,443634,40.4624812,-104.8968487,R
1436,08123002205,0.250331879,0.160696999,0.225641026,0.016965584,0.096418199,8.90512841530055,69.51377,0.192045252,68.72036780871363,345319.40790153295,368.0,0.174407583,0.0,0.489988095,2.822099010193036,1.665284552369608,14997.511741654804,8.060899254687111,0.0,8,123,2205,08123002205,22.05,Census Tract 22.05,G5020,S,2520868,0,40.47263,-104.8983987,U
1437,08123002206,0.132854578,0.180096212,0.178461538,0.0,0.182172869,8.89382295081967,69.60756,0.210848736,44.46973563414946,316062.28034588817,209.0,0.14036266,0.0,0.361362572,1.466845637897263,1.251548804849938,12673.632382266056,7.068515245033348,0.0,8,123,2206,08123002206,22.06,Census Tract 22.06,G5020,S,3797881,453808,40.4733971,-104.9207318,U
1438,08123002207,0.118666667,0.285650425,0.147692308,0.0,0.136,8.63884262295082,69.32276,0.200253688,35.810825110107736,308287.432254259,23.0,0.013905683,0.0,0.291858713,1.151929878907706,0.962752089,7667.05741335889,7.078542583252609,0.0,8,123,2207,08123002207,22.07,Census Tract 22.07,G5020,S,14527700,336568,40.5019547,-104.9174154,R
1439,08123002208,0.190394973,0.099388929,,0.011479592,0.081273038,8.38251229508197,68.75172,0.117670796,57.105425879388775,181548.2295456557,251.0,0.064030612,0.0,0.445016145,0.985587226,0.050577937,13515.802825334995,6.096531403134335,0.0,8,123,2208,08123002208,22.08,Census Tract 22.08,G5020,S,101603053,5795018,40.5280227,-104.8542203,R
1440,08123002209,0.079511533,0.096336499,0.092307692,0.0,0.151035987,9.15614699453552,69.62976,0.184414406,80.66110672,316679.60844275594,67.0,0.042620865,0.0,0.730276759,1.664408367529087,0.0,21844.048247895025,7.753847122192383,0.0,8,123,2209,08123002209,22.09,Census Tract 22.09,G5020,S,39756832,1330520,40.4412479,-104.8536939,R
1441,08123002210,0.046148738,0.035192563,,0.0,0.046148738,9.16154726775956,70.05304,0.206830267,39.73855737,303687.5862135637,7.0,0.006856024,0.0,0.342369109,1.325214752224342,0.0,12493.865810557352,6.864554882049561,0.0,8,123,2210,08123002210,22.1,Census Tract 22.10,G5020,S,19818976,474105,40.4525861,-104.9331109,R
1442,08123002300,0.255210238,0.235824742,0.139487179,0.050276753,0.170843241,7.49856573770492,67.79334,0.072168613,8.798543720925515,92456.75910073261,496.0,0.222122705,0.0,0.268645586,0.086549675,0.106628506,607.4989754395585,6.137582632636667,0.370717573,8,123,2300,08123002300,23.0,Census Tract 23,G5020,S,290631969,3155142,40.6006172,-104.749254,R
1443,08123002501,0.200207111,0.353245856,0.148717949,0.0,0.064571823,6.04156571038251,65.02626,0.039328541,16.43884804455765,21697.550524790924,685.0,0.327594452,0.0,0.330974233,0.0,0.000785928,176.94873554195095,3.5562400640545,0.0,8,123,2501,08123002501,25.01,Census Tract 25.01,G5020,S,6369301687,20466276,40.7417603,-104.2456853,R
1444,08123002502,0.296430488,0.260056505,0.163076923,0.02783463,0.136149603,8.43815027322404,70.44231,0.101967927,44.56082264049445,71595.98979725472,602.0,0.238415842,0.0,1.01488173979473,0.159845131,0.080032077,116.30835587138148,6.791138721732276,0.30621186,8,123,2502,08123002502,25.02,Census Tract 25.02,G5020,S,1363487698,16004584,40.143654,-104.389417,R
1445,08125963100,0.19771167,0.27983154,0.192820513,0.041520468,0.078971963,5.9549762295082,56.83956,0.032484576,5.884231194338016,49382.226083178975,834.0,0.434375,0.0,0.665121113,0.0,0.175116258,8.536002647118488,5.288863158215864,2.906679213999238,8,125,963100,08125963100,9631.0,Census Tract 9631,G5020,S,3445560642,9770022,40.0103234,-102.2561784,R
1446,08125963200,0.351472701,0.383971737,0.173333333,0.065537227,0.085968739,6.02319207650273,59.32342,0.034108752,107.4445082069225,27085.455861988004,1123.0,0.469285416,0.0,0.214804866,0.0,0.201495623,0.006665699,6.676397067567577,39.56691871455577,8,125,963200,08125963200,9632.0,Census Tract 9632,G5020,S,2678202917,1364643,39.9719064,-102.6317528,R
